<?xml version="1.0" encoding="utf-8"?>
<open-rechtspraak>
  <rdf:RDF xmlns:rdf="http://www.w3.org/1999/02/22-rdf-syntax-ns#" xmlns:ecli="https://e-justice.europa.eu/ecli" xmlns:tr="http://tuchtrecht.overheid.nl/" xmlns:eu="http://publications.europa.eu/celex/" xmlns:dcterms="http://purl.org/dc/terms/" xmlns:bwb="bwb-dl" xmlns:cvdr="http://decentrale.regelgeving.overheid.nl/cvdr/" xmlns:psi="http://psi.rechtspraak.nl/" xmlns:rdfs="http://www.w3.org/2000/01/rdf-schema#">
    <rdf:Description>
      <dcterms:identifier>ECLI:NL:RBGEL:2019:932</dcterms:identifier>
      <dcterms:format>text/xml</dcterms:format>
      <dcterms:accessRights>public</dcterms:accessRights>
      <dcterms:modified>2019-03-06T14:01:12</dcterms:modified>
      <dcterms:issued rdfs:label="Publicatiedatum">2019-03-06</dcterms:issued>
      <dcterms:publisher resourceIdentifier="http://rechtspraak.nl/">Raad voor de Rechtspraak</dcterms:publisher>
      <dcterms:language>nl</dcterms:language>
      <dcterms:creator rdfs:label="Instantie" resourceIdentifier="http://standaarden.overheid.nl/owms/terms/Rechtbank_Gelderland" scheme="overheid.RechterlijkeMacht">Rechtbank Gelderland</dcterms:creator>
      <dcterms:date rdfs:label="Uitspraakdatum">2019-03-06</dcterms:date>
      <psi:zaaknummer rdfs:label="Zaaknr">05/880593-17 + 05/134448-16 (tul)</psi:zaaknummer>
      <dcterms:type rdf:language="nl" resourceIdentifier="http://psi.rechtspraak.nl/uitspraak">Uitspraak</dcterms:type>
      <psi:procedure rdf:language="nl" rdfs:label="Procedure" resourceIdentifier="http://psi.rechtspraak.nl/procedure#eersteAanlegMeervoudig">Eerste aanleg - meervoudig</psi:procedure>
      <dcterms:coverage>NL</dcterms:coverage>
      <dcterms:spatial rdfs:label="Zittingsplaats">Zutphen</dcterms:spatial>
      <dcterms:subject rdfs:label="Rechtsgebied" resourceIdentifier="http://psi.rechtspraak.nl/rechtsgebied#strafrecht">Strafrecht</dcterms:subject>
      <dcterms:hasVersion rdfs:label="Vindplaatsen" resourceIdentifier="http://psi.rechtspraak.nl/vindplaats">
        <rdf:list>
          <rdf:li>Rechtspraak.nl</rdf:li>
        </rdf:list>
      </dcterms:hasVersion>
    </rdf:Description>
    <rdf:Description rdf:about="http://deeplink.rechtspraak.nl/uitspraak?id=ECLI:NL:RBGEL:2019:932">
      <dcterms:identifier>http://deeplink.rechtspraak.nl/uitspraak?id=ECLI:NL:RBGEL:2019:932</dcterms:identifier>
      <dcterms:format>text/html</dcterms:format>
      <dcterms:accessRights>public</dcterms:accessRights>
      <dcterms:modified>2019-03-06T10:58:27</dcterms:modified>
      <dcterms:issued rdfs:label="Publicatiedatum">2019-03-06</dcterms:issued>
      <dcterms:publisher resourceIdentifier="http://rechtspraak.nl/">Raad voor de Rechtspraak</dcterms:publisher>
      <dcterms:language>nl</dcterms:language>
      <dcterms:title rdf:language="nl">ECLI:NL:RBGEL:2019:932 Rechtbank Gelderland , 06-03-2019 / 05/880593-17 + 05/134448-16 (tul)</dcterms:title>
      <dcterms:abstract resourceIdentifier="../../rs:inhoudsindicatie" />
    </rdf:Description>
  </rdf:RDF>
  <inhoudsindicatie id="ECLI:NL:RBGEL:2019:932:INH" lang="nl" xml:space="preserve" xmlns="http://www.rechtspraak.nl/schema/rechtspraak-1.0" xmlns:xsd="http://www.w3.org/2001/XMLSchema" xmlns:xsi="http://www.w3.org/2001/XMLSchema-instance">
      <para>Schietpartij carpoolplaats Vaassen – medeplegen gekwalificeerde doodslag – ripdeal – schutter dodelijk schot onbekend – gevangenisstraf 12 jaren</para>
    </inhoudsindicatie>
  <uitspraak id="ECLI:NL:RBGEL:2019:932:DOC" lang="nl" xml:space="preserve" xmlns="http://www.rechtspraak.nl/schema/rechtspraak-1.0" xmlns:xsd="http://www.w3.org/2001/XMLSchema" xmlns:xsi="http://www.w3.org/2001/XMLSchema-instance" xmlns:xlink="http://www.w3.org/1999/xlink">
  <uitspraak.info>
    <para />
    <parablock>
      <para>
        <emphasis role="bold">RECHTBANK GELDERLAND</emphasis>
      </para>
    </parablock>
    <para />
    <parablock>
      <para>Team strafrecht</para>
    </parablock>
    <para />
    <parablock>
      <para>Zittingsplaats Zutphen</para>
    </parablock>
    <para />
    <parablock>
      <para>Parketnummers	: 05/880593-17 + 05/134448-16 (tul)</para>
      <para>Datum uitspraak	: 6 maart 2019</para>
    </parablock>
    <para />
    <parablock>
      <para>Tegenspraak</para>
    </parablock>
    <para />
    <parablock>
      <para>
        <emphasis role="bold">vonnis van de meervoudige kamer</emphasis>
      </para>
    </parablock>
    <para />
    <parablock>
      <para>in de zaak van</para>
    </parablock>
    <para />
    <parablock>
      <para>
        <emphasis role="bold">de officier van justitie bij het arrondissementsparket Oost-Nederland</emphasis>
      </para>
    </parablock>
    <para />
    <parablock>
      <para>tegen</para>
    </parablock>
    <para />
    <parablock>
      <para>
        <emphasis role="bold">
          [verdachte]
        </emphasis>
      </para>
      <para>geboren op [geboortedatum] 1980 te [geboorteplaats] , zonder vaste woon- of verblijfplaats,</para>
      <para>op dit moment gedetineerd in PI Nieuwegein - HvB loc. Nieuwegein te Nieuwegein,</para>
    </parablock>
    <para />
    <parablock>
      <para>raadsman: mr. W. Vahl, advocaat te Barneveld.</para>
    </parablock>
    <para />
    <para />
    <parablock>
      <para>Dit vonnis is gewezen naar aanleiding van het onderzoek op de terechtzittingen van 4 juli 2017, 25 september 2017, 18 december 2017, 12 maart 2018, 4 juni 2018, 17 juli 2018, 10 september 2018, 28 november 2018, 5 februari 2019, 6 februari 2019 en 21 februari 2019.</para>
    </parablock>
    <para />
    <para />
  </uitspraak.info>
  <section>
    <title>
      <nr>1</nr>De inhoud van de tenlastelegging</title>
    <para />
    <parablock>
      <para>Aan verdachte is, na een toegewezen vordering wijziging van de tenlastelegging, ten laste gelegd dat:</para>
    </parablock>
    <para />
    <parablock>
      <para>1.</para>
    </parablock>
    <para />
    <parablock>
      <para>hij in of omstreeks de nacht van 10 maart 2017 op 11 maart 2017 te Vaassen, in elk geval in de gemeente Epe, tezamen en in vereniging met een ander of anderen, althans alleen, opzettelijk [slachtoffer 1] van het leven heeft beroofd, immers heeft/hebben verdachte en/of (een of meer van) zijn mededader(s) met dat opzet met een of meer vuurwapen(s) meerdere malen, althans eenmaal, op/in de richting van die [slachtoffer 1] geschoten, waarbij die [slachtoffer 1] in het lichaam werd geraakt, tengevolge waarvan voornoemde [slachtoffer 1] is overleden, </para>
    </parablock>
    <para />
    <parablock>
      <para>welke vorenomschreven doodslag werd gevolgd, vergezeld en/of voorafgegaan van enig strafbaar feit, te weten poging diefstal met geweld dan wel poging afpersing van een hoeveelheid (hard)drugs (te weten cocaïne), en/of van geld en/of van een of meer goed(eren) van zijn/hun gading, in elk geval van enig goed, </para>
    </parablock>
    <para />
    <parablock>
      <para>en welke doodslag werd gepleegd met het oogmerk om de uitvoering van dat feit voor te bereiden en/of gemakkelijk te maken en/of om, bij betrapping op heterdaad, aan zichzelf en/of aan de andere deelnemer(s) straffeloosheid en/of het bezit van het wederrechtelijk verkregene te verzekeren; </para>
    </parablock>
    <para />
    <parablock>
      <para>subsidiair althans, indien het vorenstaande niet tot een veroordeling leidt: </para>
    </parablock>
    <para />
    <parablock>
      <para>hij in of omstreeks de nacht van 10 maart 2017 op 11 maart 2017 te Vaassen, in elk geval in de gemeente Epe, tezamen en in vereniging met een ander of anderen, althans alleen, opzettelijk [slachtoffer 1] van het leven heeft beroofd, immers heeft/hebben verdachte en/of (een of meer van) zijn mededader(s) met dat opzet met een of meer vuurwapen(s) meerdere malen, althans eenmaal, op/in de richting van die [slachtoffer 1] geschoten, waarbij die [slachtoffer 1] in het lichaam werd geraakt, tengevolge waarvan voornoemde [slachtoffer 1] is overleden, </para>
    </parablock>
    <para />
    <parablock>
      <para>meer subsidiair althans, indien het vorenstaande niet tot een veroordeling leidt: </para>
    </parablock>
    <para />
    <parablock>
      <para>hij in of omstreeks de nacht van 10 maart 2017 op 11 maart 2017 te Vaassen, in elk geval in de gemeente Epe, ter uitvoering van het door verdachte voorgenomen misdrijf om tezamen en in vereniging met een ander of anderen, althans alleen, opzettelijk [slachtoffer 1] van het leven te beroven, met een of meer vuurwapen(s) meerdere malen, althans eenmaal op/in de richting van die [slachtoffer 1] heeft geschoten, terwijl de uitvoering van dat voorgenomen misdrijf niet is voltooid, </para>
    </parablock>
    <para />
    <parablock>
      <para>welke vorenomschreven poging doodslag werd gevolgd, vergezeld en/of voorafgegaan van enig strafbaar feit, te weten een poging diefstal met geweld dan wel een poging afpersing, van een hoeveelheid (hard)drugs (te weten cocaïne) en/of van geld en/of van een of meer goed(eren) van zijn/hun gading, in elk geval van enig goed, </para>
    </parablock>
    <para />
    <parablock>
      <para>en welke poging doodslag werd gepleegd met het oogmerk om de uitvoering van dat feit voor te bereiden en/of gemakkelijk te maken en/of om, bij betrapping op heterdaad, aan zichzelf en/of aan de andere deelnemer(s) hetzij de vlucht mogelijk te maken, hetzij het bezit van het gestolene te verzekeren; </para>
    </parablock>
    <para />
    <parablock>
      <para>nog meer subsidiair althans, indien het vorenstaande niet tot een veroordeling leidt: </para>
    </parablock>
    <para />
    <parablock>
      <para>hij in of omstreeks de nacht van 10 maart 2017 op 11 maart 2017 te Vaassen, in elk geval in de gemeente Epe, ter uitvoering van het door verdachte voorgenomen misdrijf om tezamen en in vereniging met een ander of anderen, althans alleen, opzettelijk [slachtoffer 1] van het leven te beroven, met een of meer vuurwapen(s) meerdere malen, althans eenmaal op/in de richting van die [slachtoffer 1] heeft geschoten, terwijl de uitvoering van dat voorgenomen misdrijf niet is voltooid; </para>
    </parablock>
    <para />
    <parablock>
      <para>2.</para>
    </parablock>
    <para />
    <parablock>
      <para>hij in of omstreeks de nacht van 10 maart 2017 op 11 maart 2017 te Vaassen, in elk geval in de gemeente Epe, ter uitvoering van het door verdachte voorgenomen misdrijf om tezamen en in vereniging met een ander of anderen, althans alleen, met het oogmerk van wederrechtelijke toe-eigening weg te nemen een hoeveelheid (hard)drugs (te weten cocaïne) en/of geld en/of een of meer goed(eren) van zijn/hun gading, in elk geval enig goed, geheel of ten dele toebehorende aan [slachtoffer 1] en/of aan [slachtoffer 2] , in elk geval aan een ander of anderen dan aan verdachte en/of zijn mededaders, </para>
    </parablock>
    <para />
    <parablock>
      <para>welke poging diefstal werd voorafgegaan, vergezeld en/of gevolgd van geweld en/of bedreiging met geweld tegen voornoemde [slachtoffer 1] en/of [slachtoffer 2] , gepleegd met het oogmerk om die (poging) diefstal voor te bereiden, gemakkelijk te maken en/of om bij betrapping op heterdaad aan zichzelf en/of aan zijn mededaders hetzij de vlucht mogelijk te maken, hetzij het bezit van het gestolene te verzekeren, hetzij straffeloosheid te verzekeren, </para>
    </parablock>
    <para />
    <parablock>
      <para>welk geweld en/of welke bedreiging met geweld hierin bestond dat verdachte en/of zijn mededader(s) een of meer vuurwapen(s) op/in de richting van die [slachtoffer 1] en/of die [slachtoffer 2] heeft/hebben gericht en/of gericht gehouden en/of daarbij opzettelijk dreigend zei(den) 'maak je zakken leeg, maak je zakken leeg', en/of (vervolgens) met een of meer vuurwapen(s) meerdere malen, althans eenmaal, op/in de richting van die [slachtoffer 1] en/of die [slachtoffer 2] heeft/hebben geschoten, en aldus voor die [slachtoffer 2] een (zeer) dreigende situatie heeft/hebben gecreëerd, terwijl de uitvoering van dat voorgenomen misdrijf niet is voltooid, en welk feit de dood van die [slachtoffer 1] ten gevolge heeft gehad, </para>
    </parablock>
    <para />
    <parablock>
      <para>subsidiair althans, indien het vorenstaande niet tot een veroordeling leidt: </para>
    </parablock>
    <para />
    <parablock>
      <para>hij in of omstreeks de nacht van 10 maart 2017 op 11 maart 2017 te Vaassen, in elk geval in de gemeente Epe, ter uitvoering van het door verdachte voorgenomen misdrijf om tezamen en in vereniging met een ander of anderen, althans alleen, met het oogmerk om zich en/of een ander of anderen wederrechtelijk te bevoordelen door geweld en/of bedreiging met geweld, [slachtoffer 1] en/of [slachtoffer 2] te dwingen tot de afgifte van een hoeveelheid (hard)drugs (te weten cocaïne) en/of geld en/of een of meer goed(eren) van zijn/hun gading, in elk geval van enig goed, geheel of ten dele toebehorende aan [slachtoffer 1] en/of aan [slachtoffer 2] , in elk geval aan een ander of anderen dan aan verdachte en/of zijn mededaders, </para>
    </parablock>
    <para />
    <parablock>
      <para>welk geweld en/of welke bedreiging met geweld hierin bestond(en) dat verdachte en/of zijn mededader(s) een of meer vuurwapen(s) op/in de richting van die [slachtoffer 1] en/of die [slachtoffer 2] heeft/hebben gericht en/of gericht gehouden en/of daarbij opzettelijk dreigend zei(den) 'maak je zakken leeg, maak je zakken leeg', en/of (vervolgens) met een of meer vuurwapen(s) meerdere malen, althans eenmaal, op/in de richting van die [slachtoffer 1] en/of die [slachtoffer 2] heeft/hebben geschoten, en aldus een (zeer) dreigende situatie voor die [slachtoffer 2] heeft/hebben gecreëerd, terwijl de uitvoering van dat voorgenomen misdrijf niet is voltooid, en welk feit de dood van die [slachtoffer 1] ten gevolge heeft gehad;</para>
    </parablock>
    <para />
    <parablock>
      <para>3.</para>
    </parablock>
    <para />
    <parablock>
      <para>hij in of omstreeks de nacht van 10 maart 2017 op 11 maart 2017 te Vaassen, in elk geval in de gemeente Epe, ter uitvoering van het door verdachte voorgenomen misdrijf om tezamen en in vereniging met een ander of anderen, althans alleen, opzettelijk [slachtoffer 2] van het leven te beroven, met een of meer vuurwapen(s) meerdere malen, althans eenmaal op/in de richting van die [slachtoffer 2] heeft geschoten, terwijl de uitvoering van dat voorgenomen misdrijf niet is voltooid, </para>
    </parablock>
    <para />
    <parablock>
      <para>welke vorenomschreven poging doodslag werd gevolgd, vergezeld en/of voorafgegaan van enig strafbaar feit, te weten een poging diefstal met geweld dan wel een poging afpersing, van een hoeveelheid (hard)drugs (te weten cocaïne) en/of van geld en/of van een of meer goed(eren) van zijn/hun gading, in elk geval van enig goed, </para>
    </parablock>
    <para />
    <parablock>
      <para>en welke poging doodslag werd gepleegd met het oogmerk om de uitvoering van dat feit voor te bereiden en/of gemakkelijk te maken en/of om, bij betrapping op heterdaad, aan zichzelf en/of aan de andere deelnemer(s) hetzij de vlucht mogelijk te maken, hetzij het bezit van het gestolene te verzekeren; </para>
    </parablock>
    <para />
    <parablock>
      <para>subsidiair althans, indien het vorenstaande niet tot een veroordeling leidt: </para>
    </parablock>
    <para />
    <parablock>
      <para>hij in of omstreeks de nacht van 10 maart 2017 op 11 maart 2017 te Vaassen, in elk geval in de gemeente Epe, ter uitvoering van het door verdachte voorgenomen misdrijf om tezamen en in vereniging met een ander of anderen, althans alleen, opzettelijk [slachtoffer 2] van het leven te beroven, met een of meer vuurwapen(s) meerdere malen, althans eenmaal op/in de richting van die [slachtoffer 1] (lees: [slachtoffer 2] ) heeft geschoten, terwijl de uitvoering van dat voorgenomen misdrijf niet is voltooid;</para>
    </parablock>
    <para />
    <parablock>
      <para>4.</para>
    </parablock>
    <para />
    <parablock>
      <para>hij in of omstreeks de nacht van 10 maart 2017 op 11 maart 2017 te Vaassen, in elk geval in de gemeente Epe, een of meer wapen(s) van categorie II en/of categorie III, te weten een of meer vuurwapen(s) (te weten onder andere een [type wapen 1] , een [type wapen 2] , een revolver en/of een [type wapen 3] ), voorhanden heeft gehad;</para>
    </parablock>
    <para />
    <parablock>
      <para>5.</para>
    </parablock>
    <para />
    <parablock>
      <para>hij op of omstreeks 31 maart 2017 in de gemeente Heerde een wapen van categorie I onder 7, te weten een nabootsing van een vuurwapen (te weten een [merk wapen 1] , model [type 1] , kaliber 9x19mm), zijnde een voorwerp dat voor wat betreft zijn vorm en afmetingen een sprekende gelijkenis vertoont met een vuurwapen, voorhanden heeft gehad; </para>
    </parablock>
    <para />
    <para />
  </section>
  <section>
    <title>
      <nr>2</nr>Ontvankelijkheid van het Openbaar Ministerie</title>
    <para />
    <parablock>
      <para>
        <emphasis role="underline">Het standpunt van de verdediging</emphasis>
      </para>
      <para>De verdediging heeft naar voren gebracht dat het Openbaar Ministerie niet-ontvankelijk moet worden verklaard in zijn vervolging. Doordat zaken niet meteen zijn onderzocht valt niet uit te sluiten dat belangrijke aanvullende informatie buiten beeld is gebleven waardoor de ware toedracht niet meer is te achterhalen. De raadsman heeft hiertoe onder andere naar voren gebracht dat [slachtoffer 2] een dag na het incident niet is aangehouden, er geen onderzoek is gedaan naar de auto waarin [slachtoffer 2] en getuigen zich zouden hebben verplaatst, er geen (kruit)sporen onderzoek is gedaan naar de personen die [slachtoffer 2] hebben geholpen, dat de telefoons die in de berm zijn aangetroffen niet forensisch veilig zijn gesteld en dat er geen DNA is afgenomen van getuigen [getuige 1] en [getuige 2] . Hierdoor loopt de waarheidsvinding onherstelbare schade op. Dat is in strijd met de beginselen van een goede procesorde en het recht van een verdachte op een “fair trial” in de zin van artikel 6 van het EVRM. </para>
    </parablock>
    <para />
    <parablock>
      <para>
        <emphasis role="underline">Het standpunt van de officier van justitie</emphasis>
      </para>
      <para>De officier van justitie heeft zich op het standpunt gesteld dat hetgeen de verdediging naar voren heeft gebracht geen reden voor niet-ontvankelijkheid kan zijn. Er waren redenen voor dat bepaald onderzoek niet is gedaan of bepaalde handelingen niet zijn verricht. De officier van justitie brengt hiertoe naar voren dat [slachtoffer 2] vooralsnog niet was aangehouden omdat daar op dat moment geen aanleiding toe was. Er waren op dat moment geen indicaties dat hij een wapen bij zich had of dat hij geschoten zou hebben. Het DNA van getuigen [getuige 1] en [getuige 2] is niet afgenomen omdat er ten aanzien van hen geen verdenking was van betrokkenheid bij de dood van [slachtoffer 1] . Daarnaast heeft een schotrestenonderzoek op personen na een bepaald aantal uren geen zin meer. Dat de telefoons niet forensisch zijn veiliggesteld betreurt de officier van justitie ook zeer, maar dat kan niet leiden tot niet-ontvankelijkheid van het Openbaar Ministerie.  </para>
    </parablock>
    <para />
    <parablock>
      <para>
        <emphasis role="underline">Beoordeling door de rechtbank</emphasis>
      </para>
      <para>Niet-ontvankelijkheidverklaring van het Openbaar Ministerie in de vervolging is alleen dan aan de orde, als er een ernstige inbreuk is gemaakt op de beginselen van een behoorlijke procesorde waardoor er doelbewust of met grove veronachtzaming van de belangen van de verdachte aan zijn recht op een eerlijke behandeling is tekortgedaan. Dat de politie de in de berm gevonden telefoons niet forensisch heeft veiliggesteld is een tekortkoming in het onderzoek. Dit is echter niet een zodanig ernstige inbreuk op de beginselen van een behoorlijke procesorde dat daarmee aan de belangen van de verdachte aan zijn recht op een eerlijke behandeling tekort is gedaan. Dit kan dan ook niet leiden tot niet-ontvankelijkheid van het openbaar ministerie. Ook voor het overige heeft de rechtbank geen tekortkomingen in het onderzoek vastgesteld waardoor de verdediging in haar belangen is geschaad. Niet-ontvankelijkheid van het Openbaar Ministerie is dan ook niet aan de orde.  </para>
    </parablock>
    <para />
    <para />
    <para>
      <emphasis role="bold">3.	Overwegingen ten aanzien van het bewijs</emphasis>
      <footnote-ref linkend="_9aa1372b-6abe-49ed-838a-f7848f605788" />
    </para>
    <para />
    <parablock>
      <para>
        <emphasis role="underline">De feiten</emphasis>
      </para>
      <para>Op grond van de bewijsmiddelen wordt het volgende, dat verder ook niet ter discussie staat, vastgesteld.</para>
    </parablock>
    <para />
    <parablock>
      <para>In de nacht van 10 maart 2017 op 11 maart 2017 tussen ongeveer 23:50 uur en 00:02 uur heeft een schietpartij plaatsgevonden op de carpoolplaats te Vaassen. Tijdens de schietpartij op de carpoolplaats waren aanwezig: [verdachte] , [naam 1] , [naam 2] , [naam 3] , [slachtoffer 2] en [slachtoffer 1] .<footnote-ref linkend="_4afcbeb3-8f11-4989-8c76-52b35ca514cc" /></para>
    </parablock>
    <para />
    <parablock>
      <para>
        [slachtoffer 1] is bij de schietpartij om het leven gekomen. Na onderzoek aan zijn lichaam is vastgesteld dat hij is overleden als gevolg van inwerking van bij leven opgelopen uitwendig mechanisch perforerend geweld, passend bij één doorschot door de linkerhelft van de borstkas. Het schotkanaal verliep zeer waarschijnlijk van voren naar achteren.<footnote-ref linkend="_c8b8bf0b-ee08-469f-b74b-803837a63767" /></para>
    </parablock>
    <para />
    <parablock>
      <para>Op de carpoolplaats zijn tien hulzen aangetroffen: vijf hulzen van het kaliber 9 mm [type 2] en vijf hulzen van het kaliber 7.62 mm [merk wapen 2] . In de aangetroffen auto van [slachtoffer 1] is één huls van het kaliber 9 mm [type 2] aangetroffen.<footnote-ref linkend="_f37fd7cf-d544-4a20-b5be-858ff3bccc60" /> Door het verschil in kaliber zijn de twee groepen hulzen verschoten met minimaal twee verschillende wapens.<footnote-ref linkend="_de268e4e-77d0-4bb6-b82b-506afa26e6f6" /> De gehanteerde wapens zijn niet aangetroffen.</para>
    </parablock>
    <para />
    <parablock>
      <para>
        <emphasis role="underline">Het standpunt van de officier van justitie </emphasis>
      </para>
      <para>De officier van justitie heeft gesteld dat wettig en overtuigend bewezen kan worden geacht dat verdachte zich schuldig heeft gemaakt aan de onder 1 meer subsidiair, 2 subsidiair, 3 primair en 4 ten laste gelegde feiten. Ten aanzien van het onder 5 ten laste gelegde feit heeft de officier van justitie gevorderd verdachte vrij te spreken. </para>
    </parablock>
    <para />
    <parablock>
      <para>
        <emphasis role="underline">Het standpunt van de verdediging</emphasis>
      </para>
      <para>De verdediging heeft bepleit dat verdachte integraal moet worden vrijgesproken van de ten laste gelegde feiten wegens het ontbreken van wettig bewijs. </para>
      <para>De door de verdediging gevoerde verweren zullen verderop bij de beoordeling worden besproken. </para>
    </parablock>
    <para />
    <parablock>
      <para>
        <emphasis role="underline">Beoordeling door de rechtbank </emphasis>
      </para>
    </parablock>
    <para />
    <parablock>
      <para>
        <emphasis role="italic">Ten aanzien van de feiten 1, 2 en 3</emphasis>
      </para>
    </parablock>
    <para />
    <parablock>
      <para>
        <emphasis role="bold italic">Overweging vooraf</emphasis>
      </para>
    </parablock>
    <para />
    <parablock>
      <para>De rechtbank heeft vastgesteld dat verdachte en medeverdachten niet altijd even consistent en soms tegenstrijdig aan elkaar hebben verklaard. Naar het oordeel van de rechtbank dienen deze verklaringen met de nodige behoedzaamheid te worden bekeken en gewaardeerd. De rechtbank heeft daarom gekeken welke onderdelen van de verklaringen ondersteund worden door andere bewijsmiddelen en deze onderdelen aan het bewijs van de ten laste gelegde feiten laten bijdragen. </para>
    </parablock>
    <para />
    <parablock>
      <para>
        <emphasis role="bold italic">Ripdeal?</emphasis>
      </para>
    </parablock>
    <para />
    <parablock>
      <para>Op 7 maart 2017 heeft [verdachte] aan [slachtoffer 1] gevraagd of hij 100 gram cocaïne kon regelen.<footnote-ref linkend="_ca067031-6f5b-4ae1-9267-85ef820ed635" /> De drugsdeal zou op 10 maart 2017 plaatsvinden. [slachtoffer 1] en [slachtoffer 2] waren de verkopende partij. [verdachte] en [naam 2] waren de kopende partij.<footnote-ref linkend="_489c879e-1272-4d0d-bc16-c3f212036e8d" /> [naam 1] heeft bemiddeld tussen [verdachte] en [naam 2] .<footnote-ref linkend="_e3c08a14-5bce-486e-91c8-8af91e3f346d" /></para>
    </parablock>
    <para />
    <parablock>
      <para>Vast staat dat de drugsdeal uit de hand is gelopen. Over de precieze toedacht hiervan lopen de verklaringen uiteen. In het dossier en ter terechtzitting zijn twee scenario’s naar voren gekomen, namelijk: </para>
    </parablock>
    <itemizedlist mark="-">
      <listitem>
        <para>Scenario 1: [naam 2] was van plan om voor de drugs te betalen. Op de carpoolplaats bleek echter dat de drugs die [slachtoffer 2] bij zich had niet van dezelfde kwaliteit waren als het proefmonster dat [verdachte] en [naam 2] eerder die avond hadden gekregen. [slachtoffer 2] zei dat [naam 2] moest betalen. [naam 2] zei dat hij helemaal niet ging betalen, waarop [slachtoffer 2] zijn wapen heeft gepakt. </para>
      </listitem>
      <listitem>
        <para>Scenario 2: [naam 2] was niet van plan om voor de drugs te betalen en wilde samen met de anderen de drugs afhandig maken van [slachtoffer 2] en [slachtoffer 1] (“ripdeal”).</para>
      </listitem>
    </itemizedlist>
    <para />
    <parablock>
      <para>Naar het oordeel van de rechtbank pleiten de volgende zaken tegen scenario 1.</para>
    </parablock>
    <para>- Uit contacten tussen [slachtoffer 1] en [slachtoffer 2] blijkt niet dat zij een plan hadden om andere kwaliteit cocaïne te leveren, ofwel de anderen op te lichten. Uit contacten tussen [slachtoffer 1] en [verdachte] volgt juist dat [slachtoffer 1] werkte op basis van ‘niet goed, geld terug’ en dat [verdachte] hiervan op de hoogte was.<footnote-ref linkend="_ec11b54e-5415-40be-8b12-a9cb9b9798b6" /></para>
    <para />
    <para>- Uit WhatsApp-gesprekken tussen [slachtoffer 1] en [slachtoffer 2] van 10 maart 2017, volgt dat beiden op voorhand bang waren om ‘geklaard te worden’ (de rechtbank begrijpt: beroofd te worden). De rechtbank baseert dat op de volgende WhatsApp-berichten. </para>
    <parablock>
      <para>Om 14:55 uur heeft [slachtoffer 1] gestuurd: “Steaks klaren ze mij. Ik zei kom ophalen”. Waarop [slachtoffer 2] heeft geantwoord: “Oezo ja is wel beter. Of ik geef je ijzer Jeweetog neemdiemee”.<footnote-ref linkend="_cda63da5-165b-4a40-b25a-8c6fd816c28e" /></para>
      <para>Om 18:45 uur heeft [slachtoffer 2] gestuurd: “Denkje ze wilenons klare? (…) Ik kan ook dienijzer pake he”. Waarop [slachtoffer 1] heeft geantwoord: “ja voor zekerheid he”.<footnote-ref linkend="_5748577b-92ed-489d-a056-c0131643df8e" /></para>
      <para>Dat [slachtoffer 1] en [slachtoffer 2] bang waren wordt bevestigd door [verdachte] , hij heeft immers verklaard dat [slachtoffer 1] zei dat hij het niet vertrouwde toen hij [verdachte] met drie andere personen in de auto zag.<footnote-ref linkend="_e14dfc50-a606-4080-9e65-ff3de49a2bb6" /></para>
    </parablock>
    <para />
    <parablock>
      <para>De rechtbank acht het niet waarschijnlijk dat [slachtoffer 1] en [slachtoffer 2] bewust andere (slechtere) kwaliteit cocaïne zouden leveren aan de mannen voor wie zij juist op voorhand bang waren. Een dergelijke actie zou namelijk een garantie zijn voor problemen, hetgeen zij juist wilden vermijden. [slachtoffer 2] wist immers dat [verdachte] en [naam 2] eerder op de avond met twee andere personen waren. [slachtoffer 2] wist dat [slachtoffer 1] geen vuurwapen bij zich had<footnote-ref linkend="_c9ecac22-96be-48eb-8156-f5ba0718f8e2" /> en wist dus ook dat [slachtoffer 1] ongewapend zou zijn als het op een escalatie aan zou komen. Uit contacten tussen [slachtoffer 1] en [slachtoffer 2] ontstaat juist de indruk dat [slachtoffer 2] een defensieve houding had, [slachtoffer 1] liet wachten<footnote-ref linkend="_6fdaf5c2-a130-4ba6-8728-859ccdca6433" /> en niet heel gretig was om de drugsdeal te laten plaatsvinden. </para>
    </parablock>
    <para />
    <parablock>
      <para>Naar het oordeel van de rechtbank pleiten de volgende zaken voor scenario 2.</para>
    </parablock>
    <para>- Tussen [verdachte] en [naam 1] hebben de volgende gesprekken via Facebookmessenger plaatsgevonden:</para>
    <parablock>
      <para>
        <emphasis role="italic">9 maart 2017 vanaf 19:30 uur</emphasis>
      </para>
      <para>
        [verdachte] :	“Maar ik weet trouwens iemand waar je makkelijk 100 van kan pakken. Komt zelfs naar je toe hahs. Alleen ik kan niet doen</para>
      <para>
        [naam 1] :		“Ned”</para>
      <para>
        [verdachte] :	“ [naam 4] ”</para>
      <para>
        [naam 1] :		“Oke”</para>
      <para>
        [verdachte] :	“Apeldoorn (…) Kom wel ff met je praten”</para>
      <para>
        [naam 1] :		“Oke”</para>
      <para>
        [verdachte] :	“Probeer vanavond nog te komen”</para>
    </parablock>
    <para />
    <parablock>
      <para>
        <emphasis role="italic">9 maart 2017 vanaf 21:42 uur</emphasis>
      </para>
      <para>
        [naam 1] :	“Laat me weten of door gaat. Anders hij komt voor niks. En wis alles van he tel. Al je gesprekken niks open laten”</para>
      <para>
        [verdachte] :	“Ik weet (…) Kan maar hij komt samen met vriend”</para>
      <para>
        [naam 1] :	“Wat zeg jij. Als je nu niet doet gaat hij aan jou twijfelen. (…) Geen probleem kom eerder kunne we praten”</para>
    </parablock>
    <para />
    <parablock>
      <para>
        <emphasis role="italic">10 maart 2017 vanaf 15:37 uur</emphasis>
      </para>
      <para>
        [naam 1] :		“Gaat door dan pakt hij trein. Gaat door?”</para>
      <para>
        [verdachte] :	“Jazekrr. we moeten alleen naar apeldoorn maar dat is ook geen probleem toch. Laat m komen ik ben op tijd bij jou”</para>
      <para>
        [naam 1] :		“Waarom daar”<footnote-ref linkend="_67c6d355-a919-48de-926a-baf091e5c093" /></para>
    </parablock>
    <para />
    <parablock>
      <para>Deze gesprekken zijn gevoerd de dag voor- en de dag waarop in Apeldoorn de drugsdeal zou plaatsvinden voor 100 gram cocaïne. Gelet op de omstandigheid dat er kennelijk een vertrouwensrelatie bestond tussen [verdachte] en ‘ [naam 4] ’ (immers, indien het niet door zou gaan zou [naam 4] aan [verdachte] gaan twijfelen) en er specifiek wordt gesproken over het makkelijk pakken van 100 in Apeldoorn, leidt de rechtbank af dat ‘ [naam 4] ’ [slachtoffer 1] betreft en dat hij ook degene is waar “je makkelijk 100 van kan pakken” en dat een en ander op 10 maart 2017 in Apeldoorn zou moeten plaatsvinden. Het initiatief komt aldus vanuit [verdachte] . Diezelfde avond wordt er afgesproken waarna [naam 1] aan [verdachte] de instructie geeft alles te wissen van zijn telefoon. Voorts laat [naam 1] er iemand met de trein voor komen. [naam 1] vraagt of het doorgaat want anders komt ‘hij’ voor niks. Vast staat dat [naam 2] en [naam 3] op 10 maart 2017 met de trein vanuit Leeuwarden naar [naam 1] in Zwolle zijn gereisd en dat zij om 19:00 uur aankwamen.<footnote-ref linkend="_bc614c8f-0936-45b7-bb59-e61e1a37b2ae" /></para>
    </parablock>
    <para />
    <parablock>
      <para>De rechtbank is zich ervan bewust dat de term ‘pakken’ verschillende betekenissen heeft, maar gelet op het voorgaande en de context waarin het woord werd gebruikt, leest zij de term in de betekenis van ‘beroven/rippen’. </para>
    </parablock>
    <para />
    <para>- [slachtoffer 2] heeft verklaard dat kort nadat [verdachte] en de negroïde man (de rechtbank begrijpt: [naam 2] ) in de auto kwamen zitten, de negroïde man een pistool aan de rechterkant van zijn hoofd hield. Hij riep daarbij “maak je zakken leeg, maak je zakken leeg”.<footnote-ref linkend="_b6c19a79-93b9-4a45-8783-9ef02a9ef467" /> Dit wordt ondersteund door het feit dat [slachtoffer 1] met zijn broekzakken naar buiten getrokken aangetroffen is.<footnote-ref linkend="_4215dc8d-9dbd-4710-a2b0-22136c4bf70d" /></para>
    <para>
      [slachtoffer 2] heeft verklaard dat het wapen direct werd getrokken.<footnote-ref linkend="_3403ee0c-b463-4341-95f7-3f5cdfed034e" /> De cocaïne zat op dat moment in de jaszak van [slachtoffer 2] en is zijn jaszak niet uit geweest.<footnote-ref linkend="_8c711566-a07a-44e9-990d-25a7886502b6" /></para>
    <para />
    <para>- [naam 2] en [verdachte] zijn gewapend in de auto gestapt waarin [slachtoffer 1] en [slachtoffer 2]  zaten.<footnote-ref linkend="_78f4eef3-860b-4d06-a0c6-b945b570b7a2" /></para>
    <para />
    <para>- Toen [slachtoffer 1] werd gevonden, had hij geen telefoons bij zich. Deze lagen ook niet in zijn auto. De telefoons van [slachtoffer 1] zijn op 11 maart 2017 aangetroffen in het gras naast de openbare weg, nabij de kruising van [straatnaam 1] met de [straatnaam 2] in Epe.<footnote-ref linkend="_4fcb3f83-ce01-4b69-98ca-418c793c59ef" /> [verdachte] heeft verklaard dat ze daar langs zijn gereden op de terugweg van de drugsdeal.<footnote-ref linkend="_f04e80c7-8071-4020-abf9-6e746966b05c" /> [verdachte] heeft voorts verklaard dat [naam 1] na de schietpartij in de auto van [slachtoffer 1] heeft gezocht<footnote-ref linkend="_dce30e2a-4126-4f4b-9858-4463ee198498" /> en dat hij daarbij voor in de auto keek.<footnote-ref linkend="_408744ff-ad7a-4422-bf37-3487683cd2ce" /> Die verklaring wordt ondersteund door de omstandigheid dat op de passagiersstoel, waar op weg naar de carpoolplaats [slachtoffer 2] zat, een groot aantal goederen is aangetroffen.<footnote-ref linkend="_5fb8a99e-41c9-4d4f-9ed1-1baa55983c24" /> Deze goederen lagen er niet toen [slachtoffer 2] in de auto zat.<footnote-ref linkend="_f732176c-df55-4aba-9d9c-a4fb70a3c217" /> De verklaring van [verdachte] wordt ook ondersteund door het feit dat op 11 maart 2017 om 00:05 uur, vlak na de schietpartij, de telefoon van [naam 1] een GSM-mast in Epe heeft aangestraald.<footnote-ref linkend="_e3b8d009-a1ca-45e1-83bb-7a57db4e98ea" /></para>
    <para />
    <parablock>
      <para>Gelet op het vorenstaande concludeert de rechtbank dat [naam 1] de auto van [slachtoffer 1] heeft doorzocht en daarbij de telefoons van [slachtoffer 1] heeft weggenomen. De omstandigheid dat [naam 1] na de schietpartij niet direct is gevlucht maar eerst nog naar [slachtoffer 1] ’s auto is gegaan, duidt naar het oordeel van de rechtbank op het wissen van sporen en op een vooropgezet plan.  </para>
    </parablock>
    <para />
    <para>- Over de hoeveelheid en de prijs van de cocaïne heeft [verdachte] verklaard dat er </para>
    <parablock>
      <para>€ 3.800 betaald moest worden voor 100 gram cocaïne.<footnote-ref linkend="_78b701e5-0e03-44ca-bbaa-ff7a2fd05499" />[slachtoffer 2] heeft hierover verklaard dat hij niet wist welke prijsafspraak tussen [slachtoffer 1] en [verdachte] bestond, maar dat [slachtoffer 1] in ieder geval € 3.300 aan [slachtoffer 2] moest betalen. Alles wat [slachtoffer 1] daarboven zou vragen was winst voor [slachtoffer 1] .<footnote-ref linkend="_8c706ca0-7187-4f3d-b87e-9b103af70911" /> Uit een WhatsApp-gesprek tussen [slachtoffer 1] en [verdachte] op 9 maart 2017 volgt dat [slachtoffer 1] zei dat hij “wel wat zou verdienen, maar geen vetpot”.<footnote-ref linkend="_56c97604-e600-412c-bf76-e666d2c2a921" /> De hoeveelheid cocaïne die afgenomen zou worden was van te voren afgesproken.<footnote-ref linkend="_25d5b5d8-5f6d-46dd-b0dd-8f736593d365" /></para>
      <para>De verklaring van [naam 2] , namelijk dat hij € 3.100 of € 3.200 geleend geld bij zich had om cocaïne te kopen en dat hij met [slachtoffer 2] op de carpoolplaats zou onderhandelen over de hoeveelheid en de prijs, acht de rechtbank niet aannemelijk. Uit de vorenstaande bewijsmiddelen leidt de rechtbank af dat de hoeveelheid (100 gram cocaïne) op voorhand was afgesproken en dat daar in ieder geval meer dan </para>
      <para>€ 3.300 voor betaald moest worden. [naam 2] heeft niet willen verklaren van wie hij geld geleend zou hebben. Daar komt bij dat in de auto van [slachtoffer 1] geen weegschaal is aangetroffen. Gelet op het vorenstaande acht de rechtbank het niet aannemelijk geworden dat [naam 2] geld bij zich had en het voornemen had om voor de drugs te betalen. </para>
    </parablock>
    <para />
    <parablock>
      <para>Gelet op het vorenstaande is de rechtbank tot het oordeel gekomen dat de bewijsmiddelen beter passen bij scenario 2. Zij acht dit scenario dan ook aannemelijker.</para>
    </parablock>
    <para />
    <parablock>
      <para>De rechtbank overweegt dat verdachte deel heeft uitgemaakt van een groep die gepoogd heeft om van [slachtoffer 2] en [slachtoffer 1] 100 gram cocaïne afhandig te maken en dat zij nooit van plan waren om voor de drugs te betalen. Gelet op de meegebrachte wapens, hield de groep er kennelijk rekening mee dat de drugs niet zomaar overhandigd zouden worden en er mogelijk geweld zou moeten worden gebruikt. </para>
    </parablock>
    <para />
    <parablock>
      <para>Door de verdediging is een contra-indicatie bepleit, namelijk dat [naam 1] en [naam 3] eerder op de avond in de woning van [naam 5] zijn gebleven en niet mee zijn geweest naar de eerdere afspraak en dat er dus geen sprake was van een vooropgezet plan. </para>
      <para>De rechtbank overweegt daartoe dat het voornemen om te ‘rippen’ niet op elk moment even sterk geweest hoeft te zijn. Bovendien is onbekend wat er gebeurd zou zijn als de groepen elkaar op de eerdere afspraak wel hadden getroffen. </para>
      <para>Voorts geeft [verdachte] aan dat het niet logisch zou zijn als hij een ripdeal zou arrangeren van iemand waar hij goed contact mee heeft. Dit geeft hij aanvankelijk ook aan in het gesprek via Facebookmessenger met [naam 1] op 9 maart 2017 zoals hiervoor weergegeven “Maar ik weet trouwens iemand waarvan je makkelijk 100 kunt pakken (…) Alleen ik kan niet doen”. Gelet op het feit dat na het gesprek dat hierover tussen [naam 1] en [verdachte] is gevoerd in Zwolle, het plan voor de (rip)deal werd voortgezet, concludeert de rechtbank dat [naam 1] en [verdachte] hiervoor een oplossing hebben bedacht. Dit matcht ook met de verklaring van [verdachte] dat toen het tussen [slachtoffer 2] en [naam 2] in de auto escaleerde, hij aanvankelijk zonder iets te doen in de auto bleef zitten; kennelijk dacht hij aanvankelijk dat de ripdeal zonder zijn feitelijke bemoeienis op dat moment (anders dan het vertrouwen wekken van [slachtoffer 1] door zijn aanwezigheid) wel kon plaatsvinden.</para>
    </parablock>
    <para />
    <parablock>
      <para>
        <emphasis role="bold italic">Aanwezigheid en gebruik van vuurwapens</emphasis>
      </para>
    </parablock>
    <para />
    <parablock>
      <para>
        <emphasis role="italic">
          [slachtoffer 2]
        </emphasis>
      </para>
      <para> heeft verklaard dat hij op de carpoolplaats een [merk wapen 2] vuurwapen bij zich had en dat hij al rennend in de richting van de auto van [slachtoffer 1] heeft geschoten.<footnote-ref linkend="_743774d8-288d-4530-a04d-a259696627ff" /> Hij hield daarbij zijn wapen naar achteren en schoot.<footnote-ref linkend="_1eed66dd-e72f-4366-881b-ceede6c24764" /> Toen [slachtoffer 2] wegrende stond [slachtoffer 1] achter de auto. [slachtoffer 1] rende op enig moment in de richting van [slachtoffer 2] .<footnote-ref linkend="_e628be41-2f67-43bf-8c0f-224ca4ee8bf7" /></para>
      <para>Op dat moment stonden verder op de carpoolplaats [verdachte] , [naam 1] , [naam 2] en [naam 3] .<footnote-ref linkend="_0079ae3a-de93-420a-96be-7d326bfa8e8b" /></para>
      <para>Gelet op de vijf aangetroffen hulzen die afkomstig zijn van het kaliber 7.62 mm [merk wapen 2] , kan vastgesteld worden dat [slachtoffer 2] in ieder geval vijf keer heeft geschoten.<footnote-ref linkend="_b83c7015-4342-419a-88f8-331ce66cea4f" /></para>
    </parablock>
    <para />
    <parablock>
      <para>
        <emphasis role="italic">
          [naam 2]
        </emphasis>
      </para>
      <para> heeft verklaard dat hij op de carpoolplaats meerdere keren met een [type wapen 2] ( [type 2] ) vuurwapen heeft geschoten. Dit vuurwapen heeft hij op weg naar de carpoolplaats van [naam 1] gekregen.<footnote-ref linkend="_fd332e5a-c212-41cd-b00e-1f27c33a77df" /> Ook [verdachte] heeft verklaard dat de wapens tussen de woning van [naam 5] en de carpoolplaats zijn verdeeld.<footnote-ref linkend="_8b7e29c2-2b41-46fe-bf74-96e18d281c7c" /></para>
    </parablock>
    <para />
    <parablock>
      <para>Op de carpoolplaats is het eerste schot in de auto van [slachtoffer 1] afgegaan. Dit schot kwam uit het vuurwapen van [naam 2] . Buiten de auto heeft [naam 2] in de richting van [slachtoffer 2] geschoten<footnote-ref linkend="_e446d9b1-9de0-4c4f-ae7a-d9673fa8f47e" /> en daarbij tevens in de richting van [slachtoffer 1] , nu die achter [slachtoffer 2] aan rende. </para>
      <para>
        [slachtoffer 2] is gewond geraakt aan zijn hand. In zijn hand is namelijk een (gefragmenteerd) manteldeel van een kogel aangetroffen. Uit onderzoek is gebleken dat dit manteldeel waarschijnlijker afkomstig is van een patroon van het kaliber 9mm [type 2] dan van een patroon van het kaliber 7,62mm [merk wapen 2] .<footnote-ref linkend="_b32a4cc1-7061-4917-8342-2613f86d15db" /> De rechtbank acht het aannemelijk dat [slachtoffer 2] is geraakt door een kogel afkomstig uit een wapen van de tegenpartij. </para>
      <para>Gelet op de zes aangetroffen hulzen die afkomstig zijn van het kaliber 9 mm [type 2] , kan vastgesteld worden dat [naam 2] in ieder geval zes keer heeft geschoten.<footnote-ref linkend="_5869b171-4c2f-474f-9b57-d972d64d5cac" /></para>
    </parablock>
    <para />
    <parablock>
      <para>
        <emphasis role="italic">
          [verdachte]
        </emphasis>
      </para>
      <para> heeft verklaard dat hij op de carpoolplaats met een revolver heeft geschoten.<footnote-ref linkend="_328effd0-0516-4ae6-8ab3-f6e19c192d08" /> Daarbij heeft hij in de richting van de auto van [slachtoffer 1] geschoten.<footnote-ref linkend="_ebc0f515-b414-4840-888c-ee98b14d23ab" /></para>
      <para>
        [naam 2] heeft verklaard dat [slachtoffer 1] achter [slachtoffer 2] aan rende en dat [verdachte] met een revolver in de richting van [slachtoffer 2] heeft geschoten.<footnote-ref linkend="_fbcc8edd-3a81-4280-808d-5bf111b1ea93" /></para>
    </parablock>
    <para />
    <parablock>
      <para>
        <emphasis role="italic">
          [naam 1]
        </emphasis>
      </para>
      <para>
        [slachtoffer 2] heeft verklaard dat, op het moment dat hij met [naam 2] in de auto aan het worstelen was, hij [naam 1] met een wapen bij de auto zag staan.<footnote-ref linkend="_296402e3-9637-4620-b9bf-fce50330596d" /> Op enig moment zag [verdachte]  (de rechtbank begrijpt: [naam 1] ) met een vuurwapen voor zich voor de blauwe geparkeerde auto staan. [verdachte] zag dat [naam 1] zijn vuurwapen richting de auto van [slachtoffer 1] richtte. Op het moment dat [verdachte] in de richting van de auto van [slachtoffer 1] schoot, zag [verdachte] dat [naam 1] ook schoot. [verdachte] stond toen op een paar meter afstand van [naam 1] .<footnote-ref linkend="_d84b2b3a-866a-4770-a5b3-4d5dd67cd681" /> [verdachte] heeft verklaard dat [naam 1] op de terugweg in de auto hulzen in zijn handen had en dat iedereen zijn wapen bij [naam 1] moest inleveren.<footnote-ref linkend="_73167075-82af-4c75-818f-77ab9ed2e8d8" /></para>
      <para>Overigens verklaren zowel [verdachte] als [naam 2] dat zij van [naam 1] een wapen hadden gekregen. </para>
    </parablock>
    <para />
    <parablock>
      <para>
        <emphasis role="italic">
          [naam 3]
        </emphasis>
      </para>
      <para> heeft ter zitting verklaard die nacht bij de schietpartij aanwezig te zijn geweest. Hij was uit Leeuwarden meegekomen. [verdachte] heeft verklaard dat [naam 3] (de rechtbank begrijpt: [naam 3] ) met een wapen dekking heeft gegeven.<footnote-ref linkend="_9d2e104e-2dad-451a-a1e3-777be53aa139" /> Er zijn geen aanwijzingen dat [naam 3] heeft geschoten. </para>
    </parablock>
    <para />
    <parablock>
      <para>
        <emphasis role="italic">Betrouwbaarheid verklaringen [verdachte]</emphasis>
      </para>
      <para>Ten aanzien van de verklaringen van [verdachte] overweegt de rechtbank nog als volgt.</para>
      <para>
        [verdachte] heeft ter terechtzitting verklaard dat de verklaringen die hij bij de politie heeft afgelegd op bepaalde punten – met name over het gebruik en de verdeling van de wapens - mogelijk onjuist zijn als gevolg van een posttraumatische stressstoornis (PTSS). Daardoor zou hij zaken uit een eerdere gebeurtenis hebben verward met de onderhavige zaak. </para>
      <para>De rechtbank heeft geen enkele reden om aan te nemen dat [verdachte] als gevolg van PTSS-klachten de onderhavige zaak heeft verward met een andere gebeurtenis. [verdachte] heeft bij de politie meerdere malen uitgebreid en gedetailleerd verklaard en met die verklaringen ook zichzelf belast. Bovendien kan [verdachte] niet vertellen met welke gebeurtenis hij in de war zou zijn. De rechtbank zal daarom de door [verdachte] bij de politie afgelegde verklaringen aan het bewijs van de ten laste gelegde feiten laten bijdragen. Deze vinden immers in voldoende mate steun in de andere gebezigde bewijsmiddelen. </para>
    </parablock>
    <para />
    <parablock>
      <para>
        <emphasis role="italic">Forensisch onderzoek en conclusies daaruit</emphasis>
      </para>
    </parablock>
    <para />
    <parablock>
      <para>Er is veel inspanning verricht om te onderzoeken uit welk wapen het dodelijk schot afkomstig was. Daarbij was allereerst de vraag aan de orde welke wapens gebruikt zijn. Te onderscheiden zijn een [merk wapen 2] , kaliber 7.62 mm ( [slachtoffer 2] ), een [type wapen 2] , kaliber 9 mm ( [naam 2] ), beide pistool. Daarnaast is geschoten met een revolver, kaliber onbekend ( [verdachte] ). Voorts is onbekend met welk wapen [naam 1] heeft geschoten. Uit het feit dat verklaard wordt dat [naam 1] in de auto op de terugweg hulzen in zijn handen had zou een revolver voor de hand liggen. De hulzen die op de plaats delict zijn gevonden passen bij de [type wapen 2] van [naam 2] en de [merk wapen 2] van [slachtoffer 2] .</para>
    </parablock>
    <para />
    <parablock>
      <para>Kijkend naar de schotverwondingen zou het gaatje in de rib van ongeveer 6 mm moeten horen bij kaliber .22, waar [verdachte] mogelijk mee geschoten heeft (of [naam 1] ?), maar de deskundige wijst er op dat dit gaatje zich in het kraakbenig deel van de rib bevindt en dat dit buigzaam/elastisch is, zodat er ook een kogel van kaliber 9 mm of 7.62 mm doorheen gegaan kan zijn (resp. [naam 2] en [slachtoffer 2] en mogelijk ook nog [naam 1] ). </para>
    </parablock>
    <para />
    <parablock>
      <para>Er is ook veel aandacht voor het schotrestenonderzoek geweest, maar ook dat heeft – kort gezegd - geen uitsluitsel over wapen en schutter kunnen geven.</para>
    </parablock>
    <para />
    <parablock>
      <para>De raadsman van verdachte [slachtoffer 2] is in zijn pleidooi zeer diep op de forensische materie ingegaan en heeft vergaande gevolgtrekkingen naar voren gebracht, maar ook daaruit zijn naar het oordeel van de rechtbank niet met de voor een veroordeling vereiste zekerheid een schutter en een wapen af te leiden.  </para>
    </parablock>
    <para />
    <parablock>
      <para>De rechtbank is van oordeel dat, wegens het ontbreken van onomstotelijk forensisch bewijs, niet kan worden vastgesteld wie het schot heeft gelost als gevolg waarvan [slachtoffer 1] om het leven is gekomen. </para>
      <para>Gelet op het sporenonderzoek in de auto en de verklaringen van [verdachte]<footnote-ref linkend="_e6fe4012-0f72-4e8d-afdf-2ed9ee28c9d3" /> en [slachtoffer 2]<footnote-ref linkend="_066f4191-fbac-4d00-bcbf-ea4160b92078" />, namelijk dat [slachtoffer 1] en [verdachte] buiten de auto met elkaar in gevecht zijn geweest, kan in ieder geval worden vastgesteld dat [slachtoffer 1] toen nog in leven was en dus op de carpoolplaats is geraakt door de fatale kogel. De rechtbank concludeert verder dat het eerste schot door [naam 2] is gelost in de auto van [slachtoffer 1] en dat daarna op de carpoolplaats buiten de auto door [slachtoffer 2] , [naam 2] , [verdachte] en [naam 1] over en weer is geschoten. Gelet op de meegebrachte vuurwapens werd kennelijk voorafgaand aan de drugsdeal door <emphasis role="italic">beide partijen</emphasis> geanticipeerd op mogelijk gebruik van geweld of dreiging met geweld. </para>
    </parablock>
    <para />
    <parablock>
      <para>
        <emphasis role="bold italic">Medeplegen van (poging tot) doodslag?</emphasis>
      </para>
    </parablock>
    <para />
    <parablock>
      <para>Voorwaardelijk opzet op een bepaald gevolg is aanwezig als verdachte zich bewust was van de aanmerkelijke kans dat het onderhavige gevolg zou intreden en dat hij die kans willens en wetens heeft aanvaard. Daarvoor is niet alleen vereist dat verdachte wetenschap heeft van de aanmerkelijke kans dat het gevolg zal intreden, maar ook dat hij die kans tijdens de gedraging bewust heeft aanvaard of op de koop toe heeft genomen. Of in een concreet geval moet worden aangenomen dat sprake is van voorwaardelijk opzet zal onder meer afhangen van de feitelijke omstandigheden van het geval. Daarbij zijn de aard van de gedragingen en de omstandigheden waaronder deze zijn verricht van belang. Bepaalde gedragingen kunnen naar hun uiterlijke verschijningsvorm worden aangemerkt als zo zeer gericht op een bepaald gevolg dat het, behoudens contra-indicaties, niet anders kan zijn dan dat verdachte de aanmerkelijke kans op het desbetreffende gevolg heeft aanvaard.</para>
    </parablock>
    <para />
    <parablock>
      <para>Dit houdt in dit geval in dat voor het aannemen van voorwaardelijk opzet op de ten laste gelegde feiten, sprake moet zijn van een aanmerkelijke kans op de dood van de op de carpoolplaats aanwezige personen en de bewuste aanvaarding of het op de koop toenemen van die kans door verdachte. </para>
      <para>De rechtbank is van oordeel dat hiervan sprake is. Door, nadat de situatie is geëscaleerd, deel te nemen aan een schietpartij, terwijl er op die carpoolplaats meerdere personen aanwezig waren, bestond een aanmerkelijke kans op de dood van één of meer van hen. </para>
    </parablock>
    <para />
    <parablock>
      <para>Verdachte heeft deze aanmerkelijke kans ook willens en wetens aanvaard. Hij wist op het moment dat dat hij schoot dat er meerdere personen op de carpoolplaats waren. Door desondanks met een vuurwapen op de carpoolplaats te schieten, heeft verdachte de aanmerkelijke kans op de dood van een van de aanwezigen bewust aanvaard. Hetzij door een kogel van verdachte, hetzij door een kogel van een medeverdachte. Ten aanzien van [naam 1] overweegt de rechtbank dat bewezen is dat hij heeft geschoten. Echter, zelfs al zou hij niet geschoten hebben, als leverancier van de wapens is hij een onmisbare schakel in het drama geweest. Ook [slachtoffer 2] heeft nauw en bewust bijgedragen aan de dood van [slachtoffer 1] door bewust en met een bepaald doel op pad te gaan met een “ijzer” en dat vervolgens met de andere wapendragers op de carpoolplaats in het wilde weg te gebruiken. Door zich aldus te gedragen doet het niet meer terzake voor welke partij men optreedt, immers alle aanwezigen plaatsen zich bewust in de rol van schutter en mogelijk slachtoffer tegelijk. Het eendrachtige en gezamenlijke levensgevaarlijke gedrag treedt op de voorgrond.  Door aldus deel te nemen aan de schietpartij, ook door [slachtoffer 2] , is er dus naar het oordeel van de rechtbank in dit geval sprake van een nauwe en bewuste samenwerking tussen verdachte en medeverdachten gericht op de dood van een of meer deelnemers. De rechtbank acht het daarbij niet relevant door wie het dodelijk schot is gelost. </para>
    </parablock>
    <para />
    <parablock>
      <para>Gelet op het voorgaande acht de rechtbank bewezen dat sprake is van het medeplegen van een gekwalificeerde voltooide doodslag op [slachtoffer 1] (feit 1 primair), een poging tot afpersing in vereniging, “ripdeal” (feit 2 subsidiair) en het medeplegen van een poging tot doodslag op [slachtoffer 2] (feit 3 primair). </para>
    </parablock>
    <para />
    <parablock>
      <para>
        <emphasis role="italic">Ten aanzien van feit 4</emphasis>
      </para>
    </parablock>
    <para />
    <parablock>
      <para>Verdachte heeft verklaard dat hij in de nacht van 10 maart 2017 op 11 maart 2017 in Vaassen  een revolver met zes scherpe patronen bij zich had.<footnote-ref linkend="_705c9dcb-6425-4f7e-9c4d-2e037e793a3c" /> Dit betreft een vuurwapen van categorie III.<footnote-ref linkend="_b3bb4415-3de7-4dda-8aaf-66d0e79d6fd6" /> Ook [naam 2] heeft verklaard dat verdachte een vuurwapen bij zich had.<footnote-ref linkend="_d423431a-75ff-4a0b-a41c-4f06f5603832" /> Gelet hierop vindt de rechtbank het ten laste gelegde onder feit 4 wettig en overtuigend bewezen. </para>
      <para>Dat verdachte ook een [type wapen 1] , een [type wapen 2] en een [type wapen 3] voorhanden heeft gehad kan niet wettig en overtuigend worden bewezen zodat verdachte van dat onderdeel van de tenlastelegging zal worden vrijgesproken. </para>
    </parablock>
    <para />
    <parablock>
      <para>
        <emphasis role="italic">Ten aanzien van feit 5</emphasis>
      </para>
    </parablock>
    <para />
    <parablock>
      <para>Verdachte zal van het ten laste gelegde onder feit 5 worden vrijgesproken, nu getuige [getuige 3] heeft verklaard dat hij eigenaar was van de nabootsing van een vuurwapen. </para>
    </parablock>
    <para />
  </section>
  <section>
    <title>
      <nr>4</nr>Bewezenverklaring</title>
    <para />
    <parablock>
      <para>Naar het oordeel van de rechtbank is wettig en overtuigend bewezen dat de verdachte de onder 1 primair, 2 subsidiair, 3 primair en 4 ten laste gelegde feiten heeft begaan, te weten dat: </para>
    </parablock>
    <para />
    <parablock>
      <para>1.</para>
    </parablock>
    <para />
    <parablock>
      <para>hij in <emphasis role="strike-through">of omstreeks</emphasis> de nacht van 10 maart 2017 op 11 maart 2017 te Vaassen, <emphasis role="strike-through">in elk geval in de gemeente Epe,</emphasis> tezamen en in vereniging met <emphasis role="strike-through">een ander of</emphasis> anderen, <emphasis role="strike-through">althans alleen,</emphasis> opzettelijk [slachtoffer 1] van het leven heeft beroofd, immers <emphasis role="strike-through">heeft/</emphasis>hebben verdachte en<emphasis role="strike-through">/of</emphasis> (een of meer van) zijn mededader(s) met dat opzet met een of meer vuurwapen(s) meerdere malen, <emphasis role="strike-through">althans eenmaal,</emphasis> op/in de richting van die [slachtoffer 1] geschoten, waarbij die [slachtoffer 1] in het lichaam werd geraakt, tengevolge waarvan voornoemde [slachtoffer 1] is overleden, </para>
    </parablock>
    <para />
    <parablock>
      <para>welke vorenomschreven doodslag werd <emphasis role="strike-through">gevolgd, vergezeld en/of</emphasis> voorafgegaan van enig strafbaar feit, te weten <emphasis role="strike-through">poging diefstal met geweld dan wel</emphasis> poging afpersing van een hoeveelheid <emphasis role="strike-through">(</emphasis>hard<emphasis role="strike-through">)</emphasis>drugs (te weten cocaïne), <emphasis role="strike-through">en/of van geld en/of van een of meer goed(eren) van zijn/hun gading, in elk geval van enig goed, </emphasis></para>
    </parablock>
    <para />
    <parablock>
      <para>en welke doodslag werd gepleegd met het oogmerk om de uitvoering van dat feit <emphasis role="strike-through">voor te bereiden en/of </emphasis>gemakkelijk te maken <emphasis role="strike-through">en/of om, bij betrapping op heterdaad, aan zichzelf en/of aan de andere deelnemer(s) straffeloosheid en/of het bezit van het wederrechtelijk verkregene te verzekeren</emphasis>; </para>
    </parablock>
    <para />
    <parablock>
      <para>2.</para>
    </parablock>
    <para />
    <parablock>
      <para>hij in <emphasis role="strike-through">of omstreeks </emphasis>de nacht van 10 maart 2017 op 11 maart 2017 te Vaassen, <emphasis role="strike-through">in elk geval in de gemeente Epe,</emphasis> ter uitvoering van het door verdachte voorgenomen misdrijf om tezamen en in vereniging met <emphasis role="strike-through">een ander of</emphasis> anderen, <emphasis role="strike-through">althans alleen,</emphasis> met het oogmerk om zich en/of een ander of anderen wederrechtelijk te bevoordelen door geweld en/of bedreiging met geweld, [slachtoffer 1] en<emphasis role="strike-through">/of</emphasis> [slachtoffer 2] te dwingen tot de afgifte van een hoeveelheid <emphasis role="strike-through">(</emphasis>hard<emphasis role="strike-through">)</emphasis>drugs (te weten cocaïne) <emphasis role="strike-through">en/of geld en/of een of meer goed(eren) van zijn/hun gading, in elk geval van enig goed, geheel of ten dele</emphasis> toebehorende aan [slachtoffer 1] en/of aan [slachtoffer 2] , <emphasis role="strike-through">in elk geval aan een ander of anderen dan aan verdachte en/of zijn mededaders</emphasis>, </para>
    </parablock>
    <para />
    <parablock>
      <para>welk geweld en<emphasis role="strike-through">/of</emphasis> welke bedreiging met geweld hierin bestond<emphasis role="strike-through">(</emphasis>en<emphasis role="strike-through">)</emphasis> dat verdachte en<emphasis role="strike-through">/of</emphasis> zijn mededader(s) een of meer vuurwapen(s) op/in de richting van die [slachtoffer 1] en/of die [slachtoffer 2] heeft/hebben gericht en/of gericht gehouden en<emphasis role="strike-through">/of </emphasis>daarbij opzettelijk dreigend zei(den) 'maak je zakken leeg, maak je zakken leeg', en<emphasis role="strike-through">/of</emphasis> (vervolgens) met een of meer vuurwapen(s) meerdere malen, <emphasis role="strike-through">althans eenmaal,</emphasis> op/in de richting van die [slachtoffer 1] en<emphasis role="strike-through">/of </emphasis>die [slachtoffer 2] <emphasis role="strike-through">heeft/</emphasis>hebben geschoten, en aldus een (zeer) dreigende situatie voor die [slachtoffer 2] heeft/hebben gecreëerd, terwijl de uitvoering van dat voorgenomen misdrijf niet is voltooid, en welk feit de dood van die [slachtoffer 1] ten gevolge heeft gehad;</para>
    </parablock>
    <para />
    <parablock>
      <para>3.</para>
    </parablock>
    <para />
    <parablock>
      <para>hij in <emphasis role="strike-through">of omstreeks</emphasis> de nacht van 10 maart 2017 op 11 maart 2017 te Vaassen, <emphasis role="strike-through">in elk geval in de gemeente Epe,</emphasis> ter uitvoering van het door verdachte voorgenomen misdrijf om tezamen en in vereniging met <emphasis role="strike-through">een ander of</emphasis> anderen, <emphasis role="strike-through">althans alleen,</emphasis> opzettelijk [slachtoffer 2] van het leven te beroven, met een of meer vuurwapen(s) meerdere malen, althans eenmaal op/in de richting van die [slachtoffer 2] heeft geschoten, terwijl de uitvoering van dat voorgenomen misdrijf niet is voltooid, </para>
    </parablock>
    <para />
    <parablock>
      <para>welke vorenomschreven poging doodslag werd <emphasis role="strike-through">gevolgd, vergezeld en/of</emphasis> voorafgegaan van enig strafbaar feit, te weten een <emphasis role="strike-through">poging diefstal met geweld dan wel een</emphasis> poging afpersing, van een hoeveelheid <emphasis role="strike-through">(</emphasis>hard<emphasis role="strike-through">)</emphasis>drugs (te weten cocaïne) <emphasis role="strike-through">en/of van geld en/of van een of meer goed(eren) van zijn/hun gading, in elk geval van enig goed</emphasis>, </para>
    </parablock>
    <para />
    <parablock>
      <para>en welke poging doodslag werd gepleegd met het oogmerk om de uitvoering van dat feit <emphasis role="strike-through">voor te bereiden en/of </emphasis>gemakkelijk te maken <emphasis role="strike-through">en/of om, bij betrapping op heterdaad, aan zichzelf en/of aan de andere deelnemer(s) hetzij de vlucht mogelijk te maken, hetzij het bezit van het gestolene te verzekeren</emphasis>; </para>
    </parablock>
    <para />
    <parablock>
      <para>4.</para>
    </parablock>
    <para />
    <parablock>
      <para>hij in <emphasis role="strike-through">of omstreeks</emphasis> de nacht van 10 maart 2017 op 11 maart 2017 te Vaassen, <emphasis role="strike-through">in elk geval in de gemeente Epe</emphasis>, een <emphasis role="strike-through">of meer</emphasis> wapen<emphasis role="strike-through">(s)</emphasis> van <emphasis role="strike-through">categorie II en/of</emphasis> categorie III, te weten een <emphasis role="strike-through">of meer</emphasis> vuurwapen<emphasis role="strike-through">(s)</emphasis> (te weten <emphasis role="strike-through">onder andere een [type wapen 1] , een [type wapen 2] ,</emphasis> een revolver <emphasis role="strike-through">en/of een [type wapen 3]</emphasis>), voorhanden heeft gehad.</para>
    </parablock>
    <para />
    <parablock>
      <para>Voor zover er in de tenlastelegging kennelijke taal- en/of schrijffouten voorkomen, zijn die fouten in de bewezenverklaring verbeterd. Verdachte is daardoor niet in zijn verdediging geschaad.</para>
    </parablock>
    <para />
    <parablock>
      <para>Wat meer of anders is ten laste gelegd dan hiervoor bewezen is verklaard, is niet bewezen. </para>
      <para>Verdachte moet daarvan worden vrijgesproken.</para>
    </parablock>
    <para />
  </section>
  <section>
    <title>
      <nr>5</nr>De kwalificatie van het bewezenverklaarde</title>
    <para />
    <parablock>
      <para>Het bewezenverklaarde levert op:</para>
    </parablock>
    <para />
    <parablock>
      <para>
        <emphasis role="underline">Ten aanzien van feit 1:</emphasis>
      </para>
    </parablock>
    <para />
    <parablock>
      <para>
        <emphasis role="bold italic">medeplegen van doodslag, voorafgegaan van een strafbaar feit en gepleegd met het oogmerk om de uitvoering van dat feit gemakkelijk te maken </emphasis>
      </para>
    </parablock>
    <para />
    <parablock>
      <para>
        <emphasis role="underline">Ten aanzien van feit 2:</emphasis>
      </para>
    </parablock>
    <para />
    <parablock>
      <para>
        <emphasis role="bold italic">poging tot afpersing, terwijl het feit wordt gepleegd door twee of meer verenigde personen, terwijl het feit de dood ten gevolge heeft</emphasis>
      </para>
    </parablock>
    <para />
    <parablock>
      <para>
        <emphasis role="underline">Ten aanzien van feit 3:</emphasis>
      </para>
    </parablock>
    <para />
    <parablock>
      <para>
        <emphasis role="bold italic">medeplegen van poging tot doodslag, voorafgegaan van een strafbaar feit en gepleegd met het oogmerk om de uitvoering van dat feit gemakkelijk te maken  </emphasis>
      </para>
    </parablock>
    <para />
    <parablock>
      <para>
        <emphasis role="underline">Ten aanzien van feit 4:</emphasis>
      </para>
    </parablock>
    <para />
    <parablock>
      <para>
        <emphasis role="bold italic">handelen in strijd met artikel 26, eerste lid, van de Wet wapens en munitie en het feit begaan met betrekking tot een vuurwapen van categorie III </emphasis>
      </para>
    </parablock>
    <para />
  </section>
  <section>
    <title>
      <nr>6</nr>De strafbaarheid van de feiten</title>
    <para />
    <parablock>
      <para>De raadsman heeft met betrekking tot de feiten 1 en 3 namens verdachte een beroep gedaan op noodweer. Hij heeft hiertoe aangevoerd dat verdachte heeft gehandeld ter onmiddellijke verdediging van zichzelf. Er waren geen andere mogelijkheden om dit tij te keren, nu er eerst op verdachte werd geschoten en verdachte in zijn vlucht ook zou hebben geschoten. </para>
    </parablock>
    <para />
    <parablock>
      <para>De rechtbank overweegt dat een beroep op noodweer niet kan worden aanvaard als de gedraging van degene die zich op noodweer beroept, noch op grond van diens bedoeling, noch op grond van de uiterlijke verschijningsvorm van zijn gedraging kan worden aangemerkt als ‘verdediging’, maar – naar de kern bezien – als aanvallend moet worden gezien, bijvoorbeeld gericht op een confrontatie of deelneming aan een gevecht. </para>
      <para>Verdachte is met zijn mededaders naar de carpoolplaats gegaan om een ripdeal te plegen. Verdachte, [naam 1] en [naam 2] waren hierbij gewapend. [naam 2] heeft tijdens de ripdeal de eerste geweldshandeling gepleegd. Hij heeft [slachtoffer 2] en [slachtoffer 1] onder schot gehouden en in de auto het eerste schot gelost. Vervolgens werd er over en weer geschoten, waarbij ook verdachte heeft geschoten. Verdachte en zijn medeverdachten hebben derhalve de confrontatie gezocht. Gelet hierop faalt het beroep op noodweer.</para>
    </parablock>
    <para />
  </section>
  <section>
    <title>
      <nr>7</nr>De strafbaarheid van de verdachte</title>
    <para />
    <parablock>
      <para>Naast het hiervoor besproken beroep op noodweer heeft de verdediging een beroep gedaan op noodweerexces. Dat beroep wordt verworpen, nu geen sprake was van verdediging en het handelen van verdachte en zijn mededaders als gericht op een confrontatie moet worden aangemerkt. </para>
    </parablock>
    <para />
    <parablock>
      <para>Ten slotte heeft de verdediging naar voren gebracht dat er bij verdachte sprake was van psychische overmacht. De raadsman van verdachte heeft gesteld dat verdachte zich in een situatie van extreme spanning bevond. Hij was in doodsangst en reageerde in feite zonder daadwerkelijk na te denken. </para>
    </parablock>
    <para />
    <parablock>
      <para>Ook het beroep op psychische overmacht wordt door de rechtbank verworpen. Verdachte heeft zichzelf in een situatie gebracht waarin bij hem de drang ontstond een strafbaar feit te begaan. Hij is immers met zijn mededaders gewapend naar de carpoolplaats gegaan om een ripdeal te plegen. Eén van zijn mededaders heeft de eerste geweldshandeling gepleegd, waarop er over en weer werd geschoten. Ook door verdachte. In dat geval komt aan verdachte geen beroep meer toe op psychische overmacht.  </para>
    </parablock>
    <para />
    <parablock>
      <para>Er is derhalve geen omstandigheid gebleken of aannemelijk geworden die de strafbaarheid van verdachte uitsluit. </para>
    </parablock>
    <para />
  </section>
  <section role="overwegingen">
    <title>
      <nr>8</nr>Overwegingen ten aanzien van straf en/of maatregel</title>
    <para />
    <parablock>
      <para>
        <emphasis role="underline">Het standpunt van de officier van justitie </emphasis>
      </para>
      <para>De officier van justitie heeft geëist dat verdachte ter zake van het onder feit 1 meer subsidiair, feit 2 subsidiair, feit 3 primair en feit 4 tenlastegelegde zal worden veroordeeld tot een gevangenisstraf voor de duur van 9 jaar. Voor feit 5 heeft de officier van justitie vrijspraak geëist. </para>
    </parablock>
    <para />
    <parablock>
      <para>
        <emphasis role="underline">Het standpunt van de verdediging</emphasis>
      </para>
      <para>De verdediging heeft geen strafmaatverweer gevoerd. </para>
    </parablock>
    <para />
    <parablock>
      <para>
        <emphasis role="underline">Beoordeling door de rechtbank</emphasis>
      </para>
      <para>De rechtbank heeft bij de bepaling van de op te leggen straf gelet op de aard en de ernst van hetgeen bewezen is verklaard, de omstandigheden waaronder dit is begaan, mede gelet op de persoon en de omstandigheden van de verdachte zoals van een en ander bij het onderzoek ter terechtzitting is gebleken. </para>
    </parablock>
    <para />
    <parablock>
      <para>Verdachte heeft samen met zijn medeverdachten het plan opgevat om [slachtoffer 1] en [slachtoffer 2] van hun cocaïne te beroven, oftewel een “ripdeal” te plegen. Verdachte was de initiator van dit plan. Hij heeft contact met [slachtoffer 1] opgenomen om 100 gram cocaïne af te nemen. Vervolgens heeft hij contact met [naam 1] opgenomen en kenbaar gemaakt dat hij een [naam 4] weet ‘waar je makkelijk 100 van kan pakken.’ Hij speelde voorts een belangrijke rol in het geheel doordat hij als contact van [slachtoffer 1] het vertrouwen had van [slachtoffer 1] en hem geruststelde om de deal aan te gaan. Op de carpoolplaats werd de ripdeal uitgevoerd. [naam 2] heeft de verkopers in de auto onder schot gehouden en gezegd dat ze hun zakken moesten legen. In de auto werd door [naam 2] een schot gelost. Als de inzittenden uit de auto weten te komen wordt er geschoten door [naam 2] , [slachtoffer 2] , [naam 1] en verdachte. [slachtoffer 1] is hierbij dodelijk geraakt. Ook is er door verdachten geschoten op [slachtoffer 2] waarbij deze is geraakt in zijn hand. Naast zijn rol in deze poging tot ripdeal heeft verdachte zich schuldig gemaakt aan verboden wapenbezit. </para>
      <para>Het uitvoeren van een ripdeal waarbij een slachtoffer om het leven wordt gebracht is een zeer ernstig en schokkend feit. Aan het slachtoffer is het meest fundamentele recht dat er bestaat, het recht op leven, ontnomen. Hierdoor is veel verdriet en leed veroorzaakt bij de nabestaanden van het slachtoffer. De ter terechtzitting voorgelezen verklaring van de moeder van het slachtoffer heeft deze gevolgen duidelijk naar voren gebracht. De nabestaanden moeten de diep ingrijpende gevolgen van dit onherroepelijke en volkomen onverwachte verlies voor altijd met zich dragen. </para>
    </parablock>
    <para />
    <parablock>
      <para>Over verdachte is op 13 oktober 2017 een psychologisch rapport uitgebracht. Verdachte lijdt aan een borderline persoonlijkheidsstoornis, aan een antisociale persoonlijkheidsstoornis en er is sprake van een matig ernstige stoornis in het gebruik van cocaïne. De rapporteur adviseert hem het ten laste gelegde in verminderde mate toe te rekenen. </para>
    </parablock>
    <para />
    <parablock>
      <para>Gekwalificeerde doodslag, zoals onder het eerste feit bewezen is verklaard, behoort tot de meest ernstige feiten die het Wetboek van Strafrecht kent. Dit delict is naar zijn aard een misdrijf dat oplegging van een gevangenisstraf van zeer lange duur rechtvaardigt. De rechtbank heeft bij de oplegging van de straf meegewogen dat verdachte blijkens het hem betreffende uittreksel justitiële documentatie van 19 december 2018 eerder is veroordeeld voor geweldsdelicten, drugsdelicten en verboden wapenbezit. </para>
      <para>Verdachte is, hoewel verminderd, toerekeningsvatbaar. Gelet op de rol die verdachte in het geheel heeft gespeeld vindt de rechtbank een gevangenisstraf voor de duur van 12 jaar passend en geboden. De rechtbank wijkt hiermee af van de eis van de officier van justitie, nu de rechtbank onder feit 1 een voltooide gekwalificeerde doodslag, en niet een poging daartoe, bewezen heeft verklaard.  </para>
    </parablock>
    <para />
    <parablock>
      <para>
        <emphasis role="bold">8a. 	De beoordeling van de civiele vordering, alsmede de gevorderde oplegging van de schadevergoedingsmaatregel</emphasis>
      </para>
    </parablock>
    <para />
    <parablock>
      <para>De benadeelde partij [benadeelde] heeft zich in het strafproces gevoegd ter verkrijging van schadevergoeding ter zake van het onder feit 1 en 2 bewezenverklaarde feit. Gevorderd wordt een bedrag van € 20.000,- voor immateriële schade (affectieschade) en een bedrag van € 6.750,- voor materiële schade. Dit betreffen kosten in verband met de uitvaart. Daarnaast is een bedrag van € 4.170,- voor advocaatkosten gevorderd.   </para>
    </parablock>
    <para />
    <parablock>
      <para>
        <emphasis role="underline">Het standpunt van de officier van justitie </emphasis>
      </para>
      <para>De officier van justitie heeft verzocht de vordering niet ontvankelijk te verklaren nu, juridisch gezien, niemand verantwoordelijk kan worden gehouden voor de dood van [slachtoffer 1] .   </para>
    </parablock>
    <para />
    <parablock>
      <para>
        <emphasis role="underline">Het standpunt van de verdediging</emphasis>
      </para>
      <para>Verdachte kan niet aansprakelijk worden gehouden voor de dood van [slachtoffer 1] . De benadeelde partij moet daarom in haar vordering niet-ontvankelijk worden verklaard of de vordering moet worden afgewezen. Daarnaast is de vordering voor wat betreft de immateriële schade in het geheel niet toewijsbaar. De Wet Affectieschade is ingegaan op 1 januari 2019. Uitsluitend schadeveroorzakende gebeurtenissen ontstaan op of na de dag van inwerkingtreding vallen onder de werking van deze wet. Dat is hier niet het geval. </para>
    </parablock>
    <para />
    <parablock>
      <para>
        <emphasis role="underline">Beoordeling door de rechtbank </emphasis>
      </para>
      <para>Naar het oordeel van de rechtbank is, op grond van de gebezigde bewijsmiddelen en hetgeen verder ter terechtzitting met betrekking tot de vordering is gebleken, komen vast te staan dat de benadeelde partij als gevolg van het onder feit 1 en 2 bewezen verklaarde handelen schade heeft geleden, waarvoor verdachte naar burgerlijk recht aansprakelijk is. </para>
    </parablock>
    <para />
    <parablock>
      <para>De door de benadeelde partij gevorderde affectieschade is echter niet voor toewijzing vatbaar. De Wet Affectieschade is op 1 januari 2019 in werking getreden. Vergoeding van affectieschade is alleen mogelijk als de schadeveroorzakende gebeurtenis na inwerkintreding van de Wet Affectieschade heeft plaatsgevonden. Het slachtoffer in deze zaak is in 2017 overleden. Dit betekent dat een vergoeding van affectieschade niet mogelijk is. De rechtbank zal de benadeelde partij daarom voor wat betreft de immateriële schade niet-ontvankelijk verklaren in haar vordering. De benadeelde partij kan derhalve haar vordering voor dat deel slechts aanbrengen bij de burgerlijke rechter.</para>
    </parablock>
    <para />
    <parablock>
      <para>De rechtbank zal de door de benadeelde partij gevorderde materiële schade toewijzen. Ook zal de rechtbank een bedrag voor proceskosten toewijzen op grond van liquidatietarief I, nu de vordering voor affectieschade evident niet toewijsbaar is. Tarief I geldt voor zaken van een geldswaarde beneden € 10.000 in hoofdsom. In dit tarief wordt ieder punt gewaardeerd op € 461 met een maximum van 5 punten. Nu de advocaat van de benadeelde partij bij elke terechtzitting aanwezig is geweest en pleidooi heeft gevoerd, betekent dit  dat de rechtbank een bedrag van </para>
      <para>€ 2.305,- voor proceskosten zal toewijzen. </para>
    </parablock>
    <para />
    <parablock>
      <para>Gelet op het voormelde ziet de rechtbank aanleiding om aan verdachte op basis van het bepaalde in artikel 36f van het Wetboek van Strafrecht de verplichting op te leggen tot betaling aan de Staat van het toe te wijzen bedrag met inbegrip van de wettelijke rente vanaf 14 maart 2017 voor de kosten van de vliegtickets en de wettelijke rente voor de aanschaf van een grafsteen vanaf het moment van het ontstaan van de schade ten behoeve van genoemde benadeelde partij. De vergoeding voor proceskosten is daar niet bij inbegrepen.</para>
    </parablock>
    <para />
    <parablock>
      <para>De verdachte is niet meer tot vergoeding gehouden indien en voor zover het gevorderde door zijn mededaders [naam 2] en/of [naam 1] is of wordt voldaan.</para>
    </parablock>
    <para />
    <parablock>
      <para>
        <emphasis role="bold">8b. 	De beoordeling van de vordering na voorwaardelijke veroordeling</emphasis>
      </para>
    </parablock>
    <para />
    <parablock>
      <para>
        <emphasis role="underline">Het standpunt van de officier van justitie </emphasis>
      </para>
      <para>De officier van justitie heeft tenuitvoerlegging gevorderd van het restant van één maand gevangenisstraf, die door de politierechter van de rechtbank Gelderland, locatie Zutphen op 28 oktober 2016 voorwaardelijk is opgelegd. </para>
    </parablock>
    <para />
    <parablock>
      <para>
        <emphasis role="underline">Het standpunt van de verdediging</emphasis>
      </para>
      <para>De raadsman heeft geen verweer ten aanzien van de vordering na voorwaardelijke veroordeling gevoerd.</para>
    </parablock>
    <para />
    <parablock>
      <para>
        <emphasis role="underline">Beoordeling door de rechtbank</emphasis>
      </para>
      <para>Nu is bewezen dat verdachte zich binnen de proeftijd opnieuw heeft schuldig gemaakt aan een strafbaar feit, dient de bij vonnis van de rechtbank Gelderland, locatie Zutphen op 28 oktober 2016 (parketnummer 05/134448-16) voorwaardelijk opgelegde gevangenisstraf  ten uitvoer gelegd te worden. Nu reeds bij onherroepelijk vonnis van het Gerechtshof Arnhem-Leeuwarden d.d. 14 mei 2018 (parketnr. 21-003609-17) bepaald is dat 2 weken gevangenisstraf moet worden tenuitvoergelegd, resteren thans nog 16 dagen gevangenisstraf. Voor het overige dient de vordering niet-ontvankelijk te worden verklaard.</para>
    </parablock>
    <para />
  </section>
  <section>
    <title>
      <nr>9</nr>De toegepaste wettelijke bepalingen</title>
    <para />
    <parablock>
      <para>De beslissing is gegrond op de artikelen 36f, 45, 47, 57, 91, 287, 288 en 317 van het Wetboek van Strafrecht en de artikelen 13, 26 en 55 van de Wet wapens en munitie.</para>
    </parablock>
    <para />
    <para />
  </section>
  <section role="beslissing">
    <title>
      <nr>10</nr>De beslissing</title>
    <para />
    <parablock>
      <para>De rechtbank:</para>
    </parablock>
    <para />
    <parablock>
      <para>	spreekt verdachte vrij van het ten laste gelegde onder feit 5;</para>
    </parablock>
    <para />
    <parablock>
      <para>	verklaart bewezen dat verdachte het tenlastegelegde, zoals vermeld onder punt 4, heeft begaan;</para>
    </parablock>
    <para />
    <parablock>
      <para>	verklaart niet bewezen hetgeen verdachte meer of anders is ten laste gelegd dan hierboven bewezen is verklaard en spreekt verdachte daarvan vrij;</para>
    </parablock>
    <para />
    <parablock>
      <para>	verstaat dat het aldus bewezenverklaarde oplevert de strafbare feiten zoals vermeld onder punt 5;</para>
    </parablock>
    <para />
    <parablock>
      <para>	verklaart verdachte hiervoor strafbaar;</para>
    </parablock>
    <para />
    <parablock>
      <para>	veroordeelt verdachte wegens het bewezenverklaarde tot een gevangenisstraf voor de duur van <emphasis role="bold">12 (twaalf) jaren;</emphasis></para>
    </parablock>
    <para />
    <parablock>
      <para>	beveelt dat de tijd, door veroordeelde vóór de tenuitvoerlegging van deze uitspraak in verzekering en voorlopige hechtenis doorgebracht, bij de uitvoering van de opgelegde gevangenisstraf in mindering zal worden gebracht.</para>
    </parablock>
    <para />
    <parablock>
      <para>
        <emphasis role="bold">De beslissing op de vordering van de benadeelde partij [benadeelde]</emphasis> </para>
    </parablock>
    <para />
    <para> veroordeelt veroordeelde ten aanzien van feit 1, tot betaling van schadevergoeding aan de benadeelde partij [benadeelde] , van een bedrag van <emphasis role="bold">€ 6.750,- (zesduizend zevenhonderdvijftig euro)</emphasis>, vermeerderd met de wettelijke rente vanaf 14 maart 2017 voor de kosten van de vliegtickets en de wettelijke rente voor de aanschaf van een grafsteen vanaf het moment van het ontstaan van de schade tot aan de dag der algehele voldoening en met betaling van de kosten van het geding door de benadeelde partij gemaakt, tot op de datum van deze uitspraak begroot op <emphasis role="bold">€ 2.305,- (tweeduizend driehonderdvijf euro)</emphasis>;</para>
    <para />
    <para> verklaart de benadeelde partij [benadeelde] voor het overige niet-ontvankelijk in haar vordering;</para>
    <para />
    <para> legt aan veroordeelde de verplichting op om aan de Staat, ten behoeve van de benadeelde partij [benadeelde] , een bedrag te betalen van <emphasis role="bold">€ 6.750,- (zesduizend zevenhonderdvijftig euro),</emphasis> vermeerderd met de wettelijke rente vanaf 14 maart 2017 voor de kosten van de vliegtickets en de wettelijke rente voor de aanschaf van een grafsteen vanaf het moment van het ontstaan van de schade tot aan de dag der algehele voldoening met bepaling dat bij gebreke van betaling en verhaal van de hoofdsom 68 dagen hechtenis zal kunnen worden toegepast zonder dat de betalingsverplichting vervalt;</para>
    <para />
    <para> bepaalt dat, indien veroordeelde heeft voldaan aan de verplichting tot betaling aan de Staat daarmee de verplichting tot betaling aan de benadeelde partij in zoverre komt te vervallen en andersom dat, indien veroordeelde heeft voldaan aan de verplichting tot betaling aan de benadeelde partij daarmee de verplichting tot betaling aan de Staat in zoverre komt te vervallen;</para>
    <para />
    <para> verstaat dat indien en voor zover door de mededaders [naam 1] en [naam 2] het betreffende schadebedrag is betaald, veroordeelde daarvan zal zijn bevrijd.</para>
    <para />
    <parablock>
      <para>
        <emphasis role="bold">De beslissing op de vordering na voorwaardelijke veroordeling</emphasis>
      </para>
    </parablock>
    <para />
    <para> <emphasis role="bold">gelast de gedeeltelijke tenuitvoerlegging</emphasis> van de straf, voor zover voorwaardelijk opgelegd bij vonnis van de politierechter van de rechtbank Gelderland, locatie Zutphen van 28 oktober 2016 (parketnummer 05/134448-16), te weten van: <emphasis role="bold">16 dagen gevangenisstraf</emphasis> en verklaart de vordering voor het overige niet-ontvankelijk.</para>
    <para />
    <para />
    <para />
    <para />
    <para />
    <para />
    <informaltable>
      <tgroup cols="3">
        <colspec colname="colA" />
        <colspec colname="colB" />
        <colspec colname="colC" />
        <tbody>
          <row>
            <entry namest="colA" nameend="colC">
              <para>Dit vonnis is gewezen door mr. C.J.M. van Apeldoorn (voorzitter), mr. W.L.F. Prisse en </para>
              <para>mr. S.A. van Hoof, rechters, in tegenwoordigheid van D. Waizy en mr. E. Bruinsma-Visscher, griffiers, en uitgesproken ter openbare terechtzitting van deze rechtbank op 6 maart 2019.</para>
            </entry>
          </row>
          <row>
            <entry>
              <para />
            </entry>
            <entry>
              <para />
            </entry>
            <entry>
              <para />
            </entry>
          </row>
          <row>
            <entry namest="colA" nameend="colC">
              <para />
            </entry>
          </row>
          <row>
            <entry namest="colA" nameend="colC">
              <para>mr. W.L.F. Prisse en mr. S.A. van Hoof zijn buiten staat dit vonnis mede te ondertekenen.</para>
            </entry>
          </row>
          <row>
            <entry>
              <para />
            </entry>
            <entry>
              <para />
            </entry>
            <entry>
              <para />
            </entry>
          </row>
        </tbody>
      </tgroup>
    </informaltable>
    <para />
    <para />
    <para />
    <para />
    <para />
  </section>
  <footnote id="_9aa1372b-6abe-49ed-838a-f7848f605788" label="1">
    <para> Het bewijs is terug te vinden in het in de wettelijke vorm door verbalisant [verbalisant] , brigadier van de politie Oost Nederland, Dienst Regionale Recherche, opgemaakte proces-verbaal, dossiernummer [nummer] (onderzoek [naam 6] ), gesloten op 21 november 2017 en in de bijbehorende in wettelijke vorm opgemaakte processen-verbaal en overige schriftelijke bescheiden, tenzij anders vermeld. De vindplaatsvermeldingen verwijzen naar de pagina’s van het doorgenummerde dossier, tenzij anders vermeld. </para>
  </footnote>
  <footnote id="_4afcbeb3-8f11-4989-8c76-52b35ca514cc" label="2">
    <para> De verklaring van [verdachte] afgelegd ter terechtzitting van 5 februari 2019, de verklaring van [naam 1] afgelegd ter terechtzitting van 5 februari 2019, de verklaring van [naam 2] afgelegd ter terechtzitting van 5 februari 2019, de verklaring van [naam 3] afgelegd ter terechtzitting van 5 februari 2019 en de verklaring van [slachtoffer 2] afgelegd ter terechtzitting van 10 september 2018.</para>
  </footnote>
  <footnote id="_c8b8bf0b-ee08-469f-b74b-803837a63767" label="3">
    <para> Het NFI-rapport d.d. 20 maart 2017, p. 2558-2559.</para>
  </footnote>
  <footnote id="_f37fd7cf-d544-4a20-b5be-858ff3bccc60" label="4">
    <para> Het proces-verbaal sporenonderzoek, p. 2269.</para>
  </footnote>
  <footnote id="_de268e4e-77d0-4bb6-b82b-506afa26e6f6" label="5">
    <para> Het NFI-rapport d.d. 15 juni 2017, p. 675.</para>
  </footnote>
  <footnote id="_ca067031-6f5b-4ae1-9267-85ef820ed635" label="6">
    <para> Het proces-verbaal onderzoek mobiele telefoon, p. 812 en het proces-verbaal verhoor verdachte [verdachte] , p. 117.</para>
  </footnote>
  <footnote id="_489c879e-1272-4d0d-bc16-c3f212036e8d" label="7">
    <para> De verklaring van verdachte [naam 2] afgelegd ter terechtzitting van 5 februari 2019.</para>
  </footnote>
  <footnote id="_e3c08a14-5bce-486e-91c8-8af91e3f346d" label="8">
    <para> De verklaring van verdachte [naam 1] afgelegd ter terechtzitting van 5 februari 2019.</para>
  </footnote>
  <footnote id="_ec11b54e-5415-40be-8b12-a9cb9b9798b6" label="9">
    <para> Het proces-verbaal van bevindingen, p. 831-834 en de uitdraai van het chatgesprek, p. 924.</para>
  </footnote>
  <footnote id="_cda63da5-165b-4a40-b25a-8c6fd816c28e" label="10">
    <para> Het proces-verbaal van bevindingen, p. 934 en de uitdraai van het chatgesprek op p. 942.</para>
  </footnote>
  <footnote id="_5748577b-92ed-489d-a056-c0131643df8e" label="11">
    <para> Het proces-verbaal van bevindingen, p. 934 en de uitdraai van het chatgesprek op p. 945 en 946.</para>
  </footnote>
  <footnote id="_e14dfc50-a606-4080-9e65-ff3de49a2bb6" label="12">
    <para> Het proces-verbaal van verhoor verdachtes [verdachte] , p. 119.</para>
  </footnote>
  <footnote id="_c9ecac22-96be-48eb-8156-f5ba0718f8e2" label="13">
    <para> De verklaring van verdachte [slachtoffer 2] afgelegd ter terechtzitting van 10 september 2018.</para>
  </footnote>
  <footnote id="_6fdaf5c2-a130-4ba6-8728-859ccdca6433" label="14">
    <para> Rapport analyse, p. 1704.</para>
  </footnote>
  <footnote id="_67c6d355-a919-48de-926a-baf091e5c093" label="15">
    <para> Het proces-verbaal van bevindingen, p. 1130-1132 en de uitdraai van het chatgesprek op p. 1133 en 1134.</para>
  </footnote>
  <footnote id="_bc614c8f-0936-45b7-bb59-e61e1a37b2ae" label="16">
    <para> Rapport reisbeweging, p. 1250, de verklaring van [naam 3] afgelegd ter terechtzitting van 5 februari 2019 en de uitdraai van het chatgesprek op p. 1135.</para>
  </footnote>
  <footnote id="_b6c19a79-93b9-4a45-8783-9ef02a9ef467" label="17">
    <para> Het proces-verbaal van verhoor getuige [slachtoffer 2] , p. 605-606.</para>
  </footnote>
  <footnote id="_4215dc8d-9dbd-4710-a2b0-22136c4bf70d" label="18">
    <para> Het proces-verbaal sporenonderzoek, p. 2212.</para>
  </footnote>
  <footnote id="_3403ee0c-b463-4341-95f7-3f5cdfed034e" label="19">
    <para> De verklaring van verdachte [slachtoffer 2] afgelegd ter terechtzitting van 10 september 2018.</para>
  </footnote>
  <footnote id="_8c711566-a07a-44e9-990d-25a7886502b6" label="20">
    <para> Het proces-verbaal van verhoor getuige [slachtoffer 2] , p. 623.</para>
  </footnote>
  <footnote id="_78f4eef3-860b-4d06-a0c6-b945b570b7a2" label="21">
    <para> De verklaring van verdachte [naam 2] afgelegd ter terechtzitting van 5 februari 2019 en de verklaring van verdachte [verdachte] afgelegd ter terechtzitting van 5 februari 2019.</para>
  </footnote>
  <footnote id="_4fcb3f83-ce01-4b69-98ca-418c793c59ef" label="22">
    <para> Het proces-verbaal van IMSI-nummer traceren, p. 765 en het proces-verbaal van bevindingen, p. 771.</para>
  </footnote>
  <footnote id="_f04e80c7-8071-4020-abf9-6e746966b05c" label="23">
    <para> Het proces-verbaal van verhoor verdachte [verdachte] p. 69 en 79.</para>
  </footnote>
  <footnote id="_dce30e2a-4126-4f4b-9858-4463ee198498" label="24">
    <para> Het proces-verbaal van verhoor verdachte [verdachte] , p. 69, 79 en 80.</para>
  </footnote>
  <footnote id="_408744ff-ad7a-4422-bf37-3487683cd2ce" label="25">
    <para> Het proces-verbaal van verhoor verdachte [verdachte] , p. 140.</para>
  </footnote>
  <footnote id="_5fb8a99e-41c9-4d4f-9ed1-1baa55983c24" label="26">
    <para> Het proces-verbaal sporenonderzoek, p. 2214 met bijlage (foto 24), p. 2229.</para>
  </footnote>
  <footnote id="_f732176c-df55-4aba-9d9c-a4fb70a3c217" label="27">
    <para> De verklaring van verdachte [slachtoffer 2] afgelegd ter terechtzitting van 10 september 2019.</para>
  </footnote>
  <footnote id="_e3b8d009-a1ca-45e1-83bb-7a57db4e98ea" label="28">
    <para> Rapport analyse, p. 1710.</para>
  </footnote>
  <footnote id="_78b701e5-0e03-44ca-bbaa-ff7a2fd05499" label="29">
    <para> Het proces-verbaal van verhoor verdachte [verdachte] , p. 77.</para>
  </footnote>
  <footnote id="_8c706ca0-7187-4f3d-b87e-9b103af70911" label="30">
    <para> Het proces-verbaal van verhoor getuige [slachtoffer 2] , p. 623.</para>
  </footnote>
  <footnote id="_56c97604-e600-412c-bf76-e666d2c2a921" label="31">
    <para> Het proces-verbaal onderzoek telefoon, p. 825.</para>
  </footnote>
  <footnote id="_25d5b5d8-5f6d-46dd-b0dd-8f736593d365" label="32">
    <para> De verklaring van verdachte [slachtoffer 2] afgelegd ter terechtzitting van 10 september 2018.</para>
  </footnote>
  <footnote id="_743774d8-288d-4530-a04d-a259696627ff" label="33">
    <para> De verklaring van verdachte [slachtoffer 2] afgelegd ter terechtzitting van 10 september 2018.</para>
  </footnote>
  <footnote id="_1eed66dd-e72f-4366-881b-ceede6c24764" label="34">
    <para> Het proces-verbaal van verhoor verdachte [slachtoffer 2] , p. 449.</para>
  </footnote>
  <footnote id="_e628be41-2f67-43bf-8c0f-224ca4ee8bf7" label="35">
    <para> Het proces-verbaal van verhoor getuige [slachtoffer 2] , p. 607.</para>
  </footnote>
  <footnote id="_0079ae3a-de93-420a-96be-7d326bfa8e8b" label="36">
    <para> De verklaring van [verdachte] afgelegd ter terechtzitting van 5 februari 2019, de verklaring van [naam 1] afgelegd ter terechtzitting van 5 februari 2019, de verklaring van [naam 2] afgelegd ter terechtzitting van 5 februari 2019, de verklaring van [naam 3] afgelegd ter terechtzitting van 5 februari 2019 en de verklaring van [slachtoffer 2] afgelegd ter terechtzitting van 10 september 2018.</para>
  </footnote>
  <footnote id="_b83c7015-4342-419a-88f8-331ce66cea4f" label="37">
    <para> Het proces-verbaal sporenonderzoek, p. 2269.</para>
  </footnote>
  <footnote id="_fd332e5a-c212-41cd-b00e-1f27c33a77df" label="38">
    <para> De verklaring van verdachte [naam 2] afgelegd ter terechtzitting van 5 februari 2019.</para>
  </footnote>
  <footnote id="_8b7e29c2-2b41-46fe-bf74-96e18d281c7c" label="39">
    <para> Het proces-verbaal van verhoor verdachte [verdachte] , p. 110. </para>
  </footnote>
  <footnote id="_e446d9b1-9de0-4c4f-ae7a-d9673fa8f47e" label="40">
    <para> De verklaring van verdachte [naam 2] afgelegd ter terechtzitting van 5 februari 2019.</para>
  </footnote>
  <footnote id="_b32a4cc1-7061-4917-8342-2613f86d15db" label="41">
    <para> Het NFI-rapport d.d. 17 juli 2018.</para>
  </footnote>
  <footnote id="_5869b171-4c2f-474f-9b57-d972d64d5cac" label="42">
    <para> Het proces-verbaal sporenonderzoek, p. 2269.</para>
  </footnote>
  <footnote id="_328effd0-0516-4ae6-8ab3-f6e19c192d08" label="43">
    <para> Het proces-verbaal van verhoor verdachte [verdachte] , p. 68 en 141.</para>
  </footnote>
  <footnote id="_ebc0f515-b414-4840-888c-ee98b14d23ab" label="44">
    <para> Het proces-verbaal van verhoor verdachte [verdachte] , p. 89.</para>
  </footnote>
  <footnote id="_fbcc8edd-3a81-4280-808d-5bf111b1ea93" label="45">
    <para> Het proces-verbaal van verhoor verdachte [naam 2] , p. 314-315.</para>
  </footnote>
  <footnote id="_296402e3-9637-4620-b9bf-fce50330596d" label="46">
    <para> De verklaring van verdachte afgelegd ter terechtzitting van 10 september 2018.</para>
  </footnote>
  <footnote id="_d84b2b3a-866a-4770-a5b3-4d5dd67cd681" label="47">
    <para> Het proces-verbaal van verhoor verdachte [verdachte] , p. 89.</para>
  </footnote>
  <footnote id="_73167075-82af-4c75-818f-77ab9ed2e8d8" label="48">
    <para> Het proces-verbaal van verhoor verdachte [verdachte] , p. 68 en 141.</para>
  </footnote>
  <footnote id="_9d2e104e-2dad-451a-a1e3-777be53aa139" label="49">
    <para> Het proces-verbaal van verhoor verdachte [verdachte] , p. 109.</para>
  </footnote>
  <footnote id="_e6fe4012-0f72-4e8d-afdf-2ed9ee28c9d3" label="50">
    <para> Het proces-verbaal van verhoor verdachte [verdachte] , p. 68.</para>
  </footnote>
  <footnote id="_066f4191-fbac-4d00-bcbf-ea4160b92078" label="51">
    <para> Het proces-verbaal van verhoor getuige [slachtoffer 2] , p. 606. </para>
  </footnote>
  <footnote id="_705c9dcb-6425-4f7e-9c4d-2e037e793a3c" label="52">
    <para> Het proces-verbaal van verhoor verdachte [verdachte] , p. 68. </para>
  </footnote>
  <footnote id="_b3bb4415-3de7-4dda-8aaf-66d0e79d6fd6" label="53">
    <para> Het proces-verbaal van bevindingen, PL0600 – 201711169-138. </para>
  </footnote>
  <footnote id="_d423431a-75ff-4a0b-a41c-4f06f5603832" label="54">
    <para> Het proces-verbaal van verhoor verdachte [naam 2] , p. 316.</para>
  </footnote>
</uitspraak>
</open-rechtspraak>