<?xml version="1.0" encoding="utf-8"?>
<open-rechtspraak>
  <rdf:RDF xmlns:rdf="http://www.w3.org/1999/02/22-rdf-syntax-ns#" xmlns:ecli="https://e-justice.europa.eu/ecli" xmlns:tr="http://tuchtrecht.overheid.nl/" xmlns:eu="http://publications.europa.eu/celex/" xmlns:dcterms="http://purl.org/dc/terms/" xmlns:bwb="bwb-dl" xmlns:cvdr="http://decentrale.regelgeving.overheid.nl/cvdr/" xmlns:psi="http://psi.rechtspraak.nl/" xmlns:rdfs="http://www.w3.org/2000/01/rdf-schema#">
    <rdf:Description>
      <dcterms:identifier>ECLI:NL:RBLIM:2019:2318</dcterms:identifier>
      <dcterms:format>text/xml</dcterms:format>
      <dcterms:accessRights>public</dcterms:accessRights>
      <dcterms:modified>2019-03-13T15:15:46</dcterms:modified>
      <dcterms:issued rdfs:label="Publicatiedatum">2019-03-13</dcterms:issued>
      <dcterms:publisher resourceIdentifier="http://rechtspraak.nl/">Raad voor de Rechtspraak</dcterms:publisher>
      <dcterms:language>nl</dcterms:language>
      <dcterms:creator rdfs:label="Instantie" resourceIdentifier="http://standaarden.overheid.nl/owms/terms/Rechtbank_Limburg" scheme="overheid.RechterlijkeMacht">Rechtbank Limburg</dcterms:creator>
      <dcterms:date rdfs:label="Uitspraakdatum">2019-03-12</dcterms:date>
      <psi:zaaknummer rdfs:label="Zaaknr">03/011122-19</psi:zaaknummer>
      <dcterms:type rdf:language="nl" resourceIdentifier="http://psi.rechtspraak.nl/uitspraak">Uitspraak</dcterms:type>
      <psi:procedure rdf:language="nl" rdfs:label="Procedure" resourceIdentifier="http://psi.rechtspraak.nl/procedure#eersteAanlegMeervoudig">Eerste aanleg - meervoudig</psi:procedure>
      <dcterms:coverage>NL</dcterms:coverage>
      <dcterms:spatial rdfs:label="Zittingsplaats">Roermond</dcterms:spatial>
      <dcterms:subject rdfs:label="Rechtsgebied" resourceIdentifier="http://psi.rechtspraak.nl/rechtsgebied#strafrecht">Strafrecht</dcterms:subject>
      <dcterms:hasVersion rdfs:label="Vindplaatsen" resourceIdentifier="http://psi.rechtspraak.nl/vindplaats">
        <rdf:list>
          <rdf:li>Rechtspraak.nl</rdf:li>
        </rdf:list>
      </dcterms:hasVersion>
    </rdf:Description>
    <rdf:Description rdf:about="http://deeplink.rechtspraak.nl/uitspraak?id=ECLI:NL:RBLIM:2019:2318">
      <dcterms:identifier>http://deeplink.rechtspraak.nl/uitspraak?id=ECLI:NL:RBLIM:2019:2318</dcterms:identifier>
      <dcterms:format>text/html</dcterms:format>
      <dcterms:accessRights>public</dcterms:accessRights>
      <dcterms:modified>2019-03-13T15:11:49</dcterms:modified>
      <dcterms:issued rdfs:label="Publicatiedatum">2019-03-13</dcterms:issued>
      <dcterms:publisher resourceIdentifier="http://rechtspraak.nl/">Raad voor de Rechtspraak</dcterms:publisher>
      <dcterms:language>nl</dcterms:language>
      <dcterms:title rdf:language="nl">ECLI:NL:RBLIM:2019:2318 Rechtbank Limburg , 12-03-2019 / 03/011122-19</dcterms:title>
      <dcterms:abstract resourceIdentifier="../../rs:inhoudsindicatie" />
    </rdf:Description>
  </rdf:RDF>
  <inhoudsindicatie id="ECLI:NL:RBLIM:2019:2318:INH" lang="nl" xml:space="preserve" xmlns="http://www.rechtspraak.nl/schema/rechtspraak-1.0" xmlns:xsd="http://www.w3.org/2001/XMLSchema" xmlns:xsi="http://www.w3.org/2001/XMLSchema-instance">
      <para>De rechtbank acht bewezen dat de verdachte op 31 december 2018 in Oostrum opzettelijk en wederrechtelijk een lamp en een kastdeur, die aan de Rooyse Wissel toebehoorden, heeft vernield. Gevangenisstraf van 46 dagen met aftrek van voorarrest.</para>
    </inhoudsindicatie>
  <uitspraak id="ECLI:NL:RBLIM:2019:2318:DOC" lang="nl" xml:space="preserve" xmlns="http://www.rechtspraak.nl/schema/rechtspraak-1.0" xmlns:xsd="http://www.w3.org/2001/XMLSchema" xmlns:xsi="http://www.w3.org/2001/XMLSchema-instance" xmlns:xlink="http://www.w3.org/1999/xlink">
  <uitspraak.info>
    <bridgehead role="bold">RECHTBANK LIMBURG</bridgehead>
    <para />
    <parablock>
      <para>Zittingsplaats Roermond</para>
    </parablock>
    <para />
    <parablock>
      <para>Strafrecht</para>
    </parablock>
    <para />
    <parablock>
      <para>Parketnummer: 03/011122-19</para>
    </parablock>
    <para />
    <parablock>
      <para>Tegenspraak (gemachtigde raadsman)</para>
    </parablock>
    <para />
    <parablock>
      <para>
        <emphasis role="bold">Vonnis van de meervoudige kamer d.d. 12 maart 2019 </emphasis>
      </para>
      <para>in de strafzaak tegen</para>
    </parablock>
    <para />
    <parablock>
      <para>
        <emphasis role="bold">
          [verdachte] ,</emphasis>
      </para>
      <para>geboren te [geboorteplaats] op [geboortedag] 1989,</para>
      <para>wonende te [adres verdachte] .</para>
    </parablock>
    <para />
    <parablock>
      <para>De verdachte wordt bijgestaan door mr. J.K.T. Schoffelen, advocaat, kantoorhoudende te Roermond.</para>
    </parablock>
  </uitspraak.info>
  <section>
    <title>
      <nr>1</nr>Onderzoek van de zaak</title>
    <para>De zaak is inhoudelijk behandeld op de zitting van 26 februari 2019. De verdachte is niet verschenen. Wel is verschenen zijn gemachtigde raadsman. De officier van justitie en de verdediging hebben hun standpunten kenbaar gemaakt.</para>
    <para />
  </section>
  <section>
    <title>
      <nr>2</nr>De tenlastelegging</title>
    <parablock>
      <para>De tenlastelegging is als bijlage aan dit vonnis gehecht. </para>
      <para>De verdenking komt er, kort en feitelijk weergegeven, op neer dat de verdachte op </para>
      <para>31 december 2018 in Oostrum spullen van de Rooyse Wissel heeft vernield, beschadigd of onbruikbaar heeft gemaakt. </para>
    </parablock>
    <para />
  </section>
  <section role="overwegingen">
    <title>
      <nr>3</nr>De beoordeling van het bewijs</title>
    <paragroup>
      <nr>3.1</nr>
      <parablock>
        <para>
          <emphasis role="bold">Het standpunt van de officier van justitie </emphasis>
        </para>
        <para>De officier van justitie heeft gevorderd dit feit bewezen te verklaren, gelet op de aangifte namens de Rooyse Wissel en de verklaring van getuige [getuige] . </para>
      </parablock>
    </paragroup>
    <paragroup>
      <nr>3.2</nr>
      <parablock>
        <para>
          <emphasis role="bold">Het standpunt van de verdediging</emphasis>
        </para>
        <para>De raadsman heeft zich op het standpunt gesteld dat het feit niet wettig en overtuigend kan worden bewezen, omdat niet kan worden vastgesteld dat het feit op 31 december 2018 heeft plaatsgevonden of dat de verdachte de dader is geweest. Bovendien kan niet worden bewezen dat de verdachte dit opzettelijk heeft gedaan. Mogelijk heeft de verdachte gerookt terwijl hij in bed lag en is de kastdeur bij het openen uit de rails geschoten.  </para>
      </parablock>
    </paragroup>
    <paragroup>
      <nr>3.3</nr>
      <para>
        <emphasis role="bold">Het oordeel van de rechtbank</emphasis>
      </para>
      <paragroup>
        <nr>3.3.1</nr>
        <parablock>
          <para>
            <emphasis role="bold">Bewijsmiddelen</emphasis>
          </para>
          <para>Indien tegen dit verkort vonnis hoger beroep wordt ingesteld, worden de door de rechtbank gebruikte bewijsmiddelen die redengevend zijn voor de bewezenverklaring opgenomen in een aanvulling op het vonnis. Deze aanvulling wordt dan aan het vonnis gehecht.</para>
        </parablock>
      </paragroup>
      <paragroup>
        <nr>3.3.2</nr>
        <parablock>
          <para>
            <emphasis role="bold">Bewijsoverwegingen</emphasis>
          </para>
          <para>Op grond van de aangifte van [naam aangever] namens de Rooyse Wissel en de verklaring van getuige [getuige] stelt de rechtbank vast dat de verdachte op 31 december 2018 een lamp en kastdeur heeft vernield.  </para>
        </parablock>
        <para />
        <parablock>
          <para>Anders dan de raadsman is de rechtbank van oordeel dat uit het dossier niet kan worden afgeleid dat een ander dan de verdachte heeft verbleven op de kamer waar de vernielingen hebben plaatsgevonden. Verder acht de rechtbank de stelling van de raadsman dat het opzet ontbreekt, onaannemelijk. De verweren van de raadsman worden dan ook verworpen.  </para>
        </parablock>
        <para />
      </paragroup>
    </paragroup>
    <paragroup>
      <nr>3.4</nr>
      <parablock>
        <para>
          <emphasis role="bold">De bewezenverklaring</emphasis>
        </para>
        <para>De rechtbank acht bewezen dat de verdachte </para>
      </parablock>
      <para />
      <parablock>
        <para>
          <emphasis role="bold">op 31 december 2018 te Oostrum opzettelijk en wederrechtelijk een lamp en een kastdeur, die aan de Rooyse Wissel toebehoorden, heeft vernield.</emphasis>
        </para>
      </parablock>
      <para />
      <parablock>
        <para>De rechtbank acht niet bewezen hetgeen meer of anders is ten laste gelegd. De verdachte zal daarvan worden vrijgesproken.</para>
      </parablock>
      <para />
    </paragroup>
  </section>
  <section>
    <title>
      <nr>4</nr>De strafbaarheid van het bewezenverklaarde</title>
    <para>Het bewezenverklaarde levert het volgende strafbare feit op:</para>
    <para />
    <parablock>
      <para>
        <emphasis role="bold">opzettelijk en wederrechtelijk enig goed dat geheel of ten dele aan een ander toebehoort, vernielen. </emphasis>
      </para>
    </parablock>
    <para />
    <parablock>
      <para>Er zijn geen feiten of omstandigheden aannemelijk geworden die de strafbaarheid van het feit uitsluiten.</para>
    </parablock>
    <para />
  </section>
  <section>
    <title>
      <nr>5</nr>De strafbaarheid van de verdachte</title>
    <para>De verdachte is strafbaar, omdat geen feiten of omstandigheden aannemelijk zijn geworden die zijn strafbaarheid uitsluiten.</para>
    <para />
  </section>
  <section>
    <title>
      <nr>6</nr>De straf en/of de maatregel</title>
    <paragroup>
      <nr>6.1</nr>
      <parablock>
        <para>
          <emphasis role="bold">De vordering van de officier van justitie</emphasis>
        </para>
        <para>De officier van justitie heeft gevorderd aan de verdachte op te leggen een gevangenisstraf gelijk aan de tijd die de verdachte reeds in voorlopige hechtenis heeft doorgebracht, te weten 45 dagen met aftrek overeenkomstig artikel 27 van het Wetboek van Strafrecht (Sr). </para>
        <para>De officier van justitie heeft ter terechtzitting gevorderd de voorlopige hechtenis met onmiddellijke ingang op te heffen. </para>
      </parablock>
    </paragroup>
    <paragroup>
      <nr>6.2</nr>
      <parablock>
        <para>
          <emphasis role="bold">Het standpunt van de verdediging</emphasis>
        </para>
        <para>De raadsman heeft zich in het geval van een bewezenverklaring ten aanzien van de strafmaat gerefereerd aan de eis van de officier van justitie. </para>
      </parablock>
    </paragroup>
    <paragroup>
      <nr>6.3</nr>
      <parablock>
        <para>
          <emphasis role="bold">Het oordeel van de rechtbank</emphasis>
        </para>
        <para>Bij de bepaling van de op te leggen straf is gelet op de aard en ernst van hetgeen bewezen is verklaard, op de omstandigheden waaronder het bewezenverklaarde is begaan en op de persoon van de verdachte, zoals een en ander uit het onderzoek ter terechtzitting naar voren is gekomen.</para>
      </parablock>
      <para />
      <parablock>
        <para>De verdachte heeft zich schuldig gemaakt aan vernieling van spullen van de Rooyse Wissel. De verdachte verbleef bij de Rooyse Wissel in het kader van een begeleid wonen traject. Dergelijke strafbare feiten zijn vervelende feiten, hetgeen te meer geldt nu deze spullen aan de verdachte ter beschikking zijn gesteld in het kader van aan hem verleende hulp.</para>
      </parablock>
      <para />
      <parablock>
        <para>De rechtbank houdt rekening met het strafblad van de verdachte d.d. 22 januari 2019 waaruit blijkt dat hij al meerdere malen door de strafrechter is veroordeeld. De rechtbank heeft ook kennis genomen van het reclasseringsadvies ten behoeve van de voorgeleiding bij de rechter-commissaris d.d. 15 januari 2019. Hieruit blijkt dat bij de verdachte sprake is van langdurige ernstige verslavings- en persoonlijkheidsproblematiek waardoor er op alle levensgebieden forse problemen zijn. De verdachte is in het geheel niet in staat zichzelf te handhaven in de maatschappij en zorgt door zijn grensoverschrijdende gedrag aanhoudend voor overlast. Eerdere hulpverleningstrajecten hebben niet geleid tot gedragsverandering. Het aangaan en onderhouden van een functionele samenwerkingsrelatie met hulpverleners is zeer moeizaam omdat de verdachte als gevolg van zijn aanhoudende middelengebruik impulsief, vijandig en </para>
        <para>agressief gedrag vertoont. In 2017 werd de verdachte opgenomen in een verslavingskliniek, maar deze opname werd als gevolg van zijn aanhoudende drugsgebruik en grensoverschrijdende gedrag voortijdig afgebroken. Als gevolg van de hierboven beschreven problematiek is hij inmiddels bij geen enkele woonvoorziening in de regio welkom waardoor hij feitelijk dakloos is. De rapporteur benadrukt met klem dat het niet mogelijk is om het hoge recidiverisico met voorwaarden te beperken en dat een toezicht gezien het aanhoudende middelengebruik en grensoverschrijdende gedrag van de verdachte niet uitvoerbaar is.</para>
      </parablock>
      <para />
      <parablock>
        <para>De rechtbank ziet, gelet het advies van de reclassering, geen heil in toezicht en begeleiding door de reclassering in het kader van bijzondere voorwaarden gekoppeld aan een voorwaardelijke straf. De rechtbank is dan ook van oordeel dat op het bewezenverklaarde niet anders kan worden gereageerd dan met het opleggen van een onvoorwaardelijke gevangenisstraf. </para>
      </parablock>
      <para />
      <parablock>
        <para>De rechtbank zal de officier van justitie volgen in haar eis en de verdachte veroordelen tot een gevangenisstraf gelijk aan de tijd die de verdachte reeds in voorlopige hechtenis heeft doorgebracht, te weten 46 dagen met aftrek overeenkomstig artikel 27 Sr. De rechtbank heeft al eerder de opheffing van de voorlopige hechtenis bevolen met ingang van 27 februari 2019 te 14:00 uur. </para>
      </parablock>
    </paragroup>
  </section>
  <section>
    <title>
      <nr>7</nr>De wettelijke voorschriften</title>
    <para>De beslissing berust op artikel 350 Wetboek van Strafrecht van het Wetboek van Strafrecht, zoals dit artikel luidde ten tijde van het bewezenverklaarde.</para>
    <para />
  </section>
  <section role="beslissing">
    <title>
      <nr>8</nr>De beslissing</title>
    <para>De rechtbank: </para>
    <para />
    <parablock>
      <para>
        <emphasis role="italic">Bewezenverklaring</emphasis>
      </para>
    </parablock>
    <itemizedlist mark="-">
      <listitem>
        <para>verklaart het tenlastegelegde bewezen zoals hierboven onder 3.4 is omschreven;</para>
      </listitem>
      <listitem>
        <para>spreekt de verdachte vrij van wat meer of anders is ten laste gelegd;</para>
      </listitem>
    </itemizedlist>
    <para />
    <parablock>
      <para>
        <emphasis role="italic">Strafbaarheid</emphasis>
      </para>
    </parablock>
    <itemizedlist mark="-">
      <listitem>
        <para>verklaart dat het bewezenverklaarde het strafbare feit oplevert zoals hierboven onder 4 is omschreven;</para>
      </listitem>
      <listitem>
        <para>verklaart de verdachte strafbaar;</para>
      </listitem>
    </itemizedlist>
    <para />
    <parablock>
      <para>
        <emphasis role="italic">Straf</emphasis>
      </para>
    </parablock>
    <itemizedlist mark="-">
      <listitem>
        <para>veroordeelt de verdachte tot een <emphasis role="bold">gevangenisstraf</emphasis> van <emphasis role="bold">46 dagen</emphasis>;</para>
      </listitem>
      <listitem>
        <para>beveelt dat de tijd die door de veroordeelde vóór de tenuitvoerlegging van deze uitspraak in voorarrest is doorgebracht, bij de uitvoering van deze gevangenisstraf in mindering zal worden gebracht.</para>
      </listitem>
    </itemizedlist>
    <para />
    <para />
    <parablock>
      <para>Dit vonnis is gewezen door mr. J.H.J.M. Mertens-Steeghs, voorzitter, </para>
      <para>mr. I.R.A. Timmermans-Vermeer en mr. D.C.I. van Delft, rechters, in tegenwoordigheid van mr. F.A.E. van de Venne, griffier, en uitgesproken ter openbare zitting van 12 maart 2019.</para>
    </parablock>
    <para />
    <parablock>
      <para>
        <emphasis role="underline">Buiten staat:</emphasis>
      </para>
      <para>Mr. I.R.A. Timmermans-Vermeer en mr. D.C.I. van Delft zijn niet in de gelegenheid dit vonnis mede te ondertekenen.</para>
    </parablock>
    <para />
    <para />
    <para />
    <parablock>
      <para>BIJLAGE I: De tenlastelegging</para>
    </parablock>
    <para />
    <parablock>
      <para>Aan de verdachte is ten laste gelegd dat</para>
    </parablock>
    <para />
    <parablock>
      <para>hij op of omstreeks 31 december 2018 te Oostrum, in elk geval in de gemeente Venray, opzettelijk en wederrechtelijk een matras en/of een lamp en/of een kastdeur, in elk geval enig goed, dat geheel of ten dele aan een ander, te weten aan de Rooyse Wissel toebehoorde, heeft vernield, beschadigd en/of onbruikbaar gemaakt.</para>
    </parablock>
  </section>
</uitspraak>
</open-rechtspraak>