<?xml version="1.0" encoding="utf-8"?>
<open-rechtspraak>
  <rdf:RDF xmlns:rdf="http://www.w3.org/1999/02/22-rdf-syntax-ns#" xmlns:ecli="https://e-justice.europa.eu/ecli" xmlns:tr="http://tuchtrecht.overheid.nl/" xmlns:eu="http://publications.europa.eu/celex/" xmlns:dcterms="http://purl.org/dc/terms/" xmlns:bwb="bwb-dl" xmlns:cvdr="http://decentrale.regelgeving.overheid.nl/cvdr/" xmlns:psi="http://psi.rechtspraak.nl/" xmlns:rdfs="http://www.w3.org/2000/01/rdf-schema#">
    <rdf:Description>
      <dcterms:identifier>ECLI:NL:CRVB:2019:890</dcterms:identifier>
      <dcterms:format>text/xml</dcterms:format>
      <dcterms:accessRights>public</dcterms:accessRights>
      <dcterms:modified>2019-03-25T12:00:34</dcterms:modified>
      <dcterms:issued rdfs:label="Publicatiedatum">2019-03-18</dcterms:issued>
      <dcterms:publisher resourceIdentifier="http://rechtspraak.nl/">Raad voor de Rechtspraak</dcterms:publisher>
      <dcterms:language>nl</dcterms:language>
      <dcterms:creator rdfs:label="Instantie" resourceIdentifier="http://standaarden.overheid.nl/owms/terms/Centrale_Raad_van_Beroep" scheme="overheid.RechterlijkeMacht">Centrale Raad van Beroep</dcterms:creator>
      <dcterms:date rdfs:label="Uitspraakdatum">2019-03-05</dcterms:date>
      <psi:zaaknummer rdfs:label="Zaaknr">19/1 PW-VV</psi:zaaknummer>
      <dcterms:type rdf:language="nl" resourceIdentifier="http://psi.rechtspraak.nl/uitspraak">Uitspraak</dcterms:type>
      <psi:procedure rdf:language="nl" rdfs:label="Procedure" resourceIdentifier="http://psi.rechtspraak.nl/procedure#hogerBeroep">Hoger beroep</psi:procedure>
      <dcterms:coverage>NL</dcterms:coverage>
      <dcterms:subject rdfs:label="Rechtsgebied" resourceIdentifier="http://psi.rechtspraak.nl/rechtsgebied#bestuursrecht_socialezekerheidsrecht">Bestuursrecht; Socialezekerheidsrecht</dcterms:subject>
      <dcterms:hasVersion rdfs:label="Vindplaatsen" resourceIdentifier="http://psi.rechtspraak.nl/vindplaats">
        <rdf:list>
          <rdf:li>Rechtspraak.nl</rdf:li>
        </rdf:list>
      </dcterms:hasVersion>
    </rdf:Description>
    <rdf:Description rdf:about="http://deeplink.rechtspraak.nl/uitspraak?id=ECLI:NL:CRVB:2019:890">
      <dcterms:identifier>http://deeplink.rechtspraak.nl/uitspraak?id=ECLI:NL:CRVB:2019:890</dcterms:identifier>
      <dcterms:format>text/html</dcterms:format>
      <dcterms:accessRights>public</dcterms:accessRights>
      <dcterms:modified>2019-03-19T14:19:51</dcterms:modified>
      <dcterms:issued rdfs:label="Publicatiedatum">2019-03-25</dcterms:issued>
      <dcterms:publisher resourceIdentifier="http://rechtspraak.nl/">Raad voor de Rechtspraak</dcterms:publisher>
      <dcterms:language>nl</dcterms:language>
      <dcterms:title rdf:language="nl">ECLI:NL:CRVB:2019:890 Centrale Raad van Beroep , 05-03-2019 / 19/1 PW-VV</dcterms:title>
      <dcterms:abstract resourceIdentifier="../../rs:inhoudsindicatie" />
    </rdf:Description>
  </rdf:RDF>
  <inhoudsindicatie id="ECLI:NL:CRVB:2019:890:INH" lang="nl" xml:space="preserve" xmlns="http://www.rechtspraak.nl/schema/rechtspraak-1.0" xmlns:xsd="http://www.w3.org/2001/XMLSchema" xmlns:xsi="http://www.w3.org/2001/XMLSchema-instance">
      <para>Afgewezen verzoek om een voorlopige voorziening te treffen. Afgewezen aanvraag. Geen actueel spoedeisend belang. Verzoeker heeft dreigende schulden niet aannemelijk gemaakt en evenmin heeft hij een nieuwe aanvraag ingediend.</para>
    </inhoudsindicatie>
  <uitspraak id="ECLI:NL:CRVB:2019:890:DOC" lang="nl" xml:space="preserve" xmlns="http://www.rechtspraak.nl/schema/rechtspraak-1.0" xmlns:xsd="http://www.w3.org/2001/XMLSchema" xmlns:xsi="http://www.w3.org/2001/XMLSchema-instance" xmlns:xlink="http://www.w3.org/1999/xlink">
  <para>19/1 PW-VV </para>
  <parablock>
    <para>Datum uitspraak: 5 maart 2019</para>
    <para>Centrale Raad van Beroep</para>
    <para>Voorzieningenrechter</para>
  </parablock>
  <parablock>
    <para>Uitspraak op het verzoek om voorlopige voorziening </para>
  </parablock>
  <parablock>
    <para>Partijen:</para>
  </parablock>
  <parablock>
    <para>
      [Verzoeker] te [woonplaats] (verzoeker)</para>
  </parablock>
  <parablock>
    <para>het dagelijks bestuur van de Uitvoeringsorganisatie Baanbrekers (Baanbrekers)</para>
  </parablock>
  <parablock>
    <para>PROCESVERLOOP</para>
    <para>Baanbrekers heeft hoger beroep ingesteld tegen de uitspraak van de rechtbank </para>
    <para>Zeeland-West-Brabant van 1 november 2018, 18/182 (aangevallen uitspraak). </para>
  </parablock>
  <parablock>
    <para>Namens verzoeker heeft mr. M.A.L. Timmermans, advocaat, een verweerschrift ingediend en verzoek om een voorlopige voorziening gedaan.</para>
  </parablock>
  <parablock>
    <para>Het onderzoek ter zitting heeft plaatsgevonden op 18 februari 2019. Verzoeker is verschenen, bijgestaan door mr. Timmermans en [naam zus], de zus van verzoeker. Baanbrekers heeft zich laten vertegenwoordigen door E. van Schijndel.</para>
  </parablock>
  <section role="overwegingen">
    <title>OVERWEGINGEN</title>
    <para />
    <parablock>
      <para>1. De voorzieningenrechter gaat uit van de volgende in dit geding van belang zijnde feiten en omstandigheden.</para>
    </parablock>
    <para />
    <paragroup>
      <nr>1.1.</nr>
      <parablock>
        <para>Verzoeker heeft zich op 30 mei 2017 gemeld voor het doen van een aanvraag om bijstand op grond van de Participatiewet. Op 6 juni 2017 heeft verzoeker een aanvraag ingediend, waarbij verzoeker onder meer heeft opgegeven alleen te wonen op het adres [opgegeven adres] te [woonplaats] (opgegeven adres) en gehuwd te zijn. Verzoeker is op 21 juli 2010 getrouwd met </para>
        <para>
          [naam echtgenoot] (B). Samen hebben zij een kind. B en het kind van verzoeker wonen in Marokko. </para>
      </parablock>
      <para />
    </paragroup>
    <paragroup>
      <nr>1.2.</nr>
      <parablock>
        <para>Naar aanleiding van de aanvraag heeft Baanbrekers aan verzoeker gevraagd om gegevens over te leggen, waaronder afschriften van alle rekeningen op zijn naam over de periode </para>
        <para>1 augustus 2016 tot 1 augustus 2017. Ook is gevraagd om deugdelijke en verifieerbare bewijsstukken waaruit blijkt waarvan verzoeker vanaf 1 augustus 2016, en B en het kind vanaf 1 maart 2017 in hun levensonderhoud hebben voorzien. Verzoeker heeft diverse stukken overgelegd. </para>
      </parablock>
      <para />
    </paragroup>
    <paragroup>
      <nr>1.3.</nr>
      <parablock>
        <para>Bij besluit van 24 augustus 2017, na bezwaar gehandhaafd bij besluit van </para>
        <para>8 december 2017 (bestreden besluit), heeft Baanbrekers de aanvraag afgewezen. Hieraan ligt ten grondslag dat verzoeker niet aannemelijk heeft gemaakt hoe hij voorafgaand aan de aanvraag in zijn eigen levensonderhoud heeft voorzien en ook hoe in het levensonderhoud van B en het kind is voorzien. </para>
      </parablock>
      <para />
    </paragroup>
    <paragroup>
      <nr>1.4.</nr>
      <para>Op 21 februari 2018 is in Marokko de scheiding uitgesproken tussen verzoeker en B. De echtscheidingsprocedure is door B op 7 juni 2017 en buiten medeweten van verzoeker in gang gezet. </para>
      <para />
      <parablock>
        <para>2. Bij de aangevallen uitspraak heeft de rechtbank het beroep tegen het bestreden besluit gegrond verklaard voor zover Baanbrekers verzoeker over de periode 7 juni 2017 tot en met 24 augustus 2017 bijstand naar de norm voor een alleenstaande heeft geweigerd. De rechtbank heeft aanleiding gezien om zelf in de zaak te voorzien in die zin dat het besluit van 24 augustus 2017 met betrekking tot evengenoemde periode wordt herroepen. De rechtbank heeft bepaald dat Baanbrekers aan verzoeker vanaf 7 juni 2017 een bijstandsuitkering moet verlenen naar de voor hem geldende norm en dat haar uitspraak in de plaats treedt van het vernietigde gedeelte van het bestreden besluit. Hiertoe heeft de rechtbank, samengevat weergegeven, overwogen dat verzoeker vanaf 7 juni 2017 als duurzaam gescheiden levende echtgenoot moet worden aangemerkt en dat het voldoende aannemelijk is dat verzoeker en zijn moeder met de gezamenlijke inkomsten in hun levensonderhoud hebben kunnen voorzien. </para>
      </parablock>
      <para />
    </paragroup>
    <paragroup>
      <nr>3.1.</nr>
      <para>Baanbrekers heeft zich in hoger beroep tegen de aangevallen uitspraak gekeerd. </para>
      <para />
    </paragroup>
    <paragroup>
      <nr>3.2.</nr>
      <para>Verzoeker heeft, gelet op de schorsende werking van het hoger beroep van Baanbrekers tegen de aangevallen uitspraak, verzocht een voorlopige voorziening te treffen. Verzoeker verzoekt te bepalen dat Baanbrekers aan hem bij wijze van voorschot bijstand verleent naar de toepasselijke norm tot op het hoger beroep is beslist. </para>
      <para />
      <parablock>
        <para>4. De voorzieningenrechter komt tot de volgende beoordeling.</para>
      </parablock>
      <para />
    </paragroup>
    <paragroup>
      <nr>4.1.</nr>
      <parablock>
        <para>Ingevolge de artikelen 8:104, eerste lid, en 8:108, eerste lid, van de </para>
        <para>Algemene wet bestuursrecht (Awb) in verbinding met artikel 8:81 van de Awb kan, indien tegen een uitspraak van de rechtbank of de voorzieningenrechter van de rechtbank hoger beroep is ingesteld, de voorzieningenrechter van de Raad op verzoek een voorlopige voorziening treffen indien onverwijlde spoed, gelet op de betrokken belangen, dat vereist. Hieruit vloeit voort dat in een situatie waarin geen sprake is van enig spoedeisend belang bij de gevraagde voorziening, geen aanleiding bestaat voor het treffen van een voorlopige voorziening.</para>
      </parablock>
      <para />
    </paragroup>
    <paragroup>
      <nr>4.2.</nr>
      <para>Verzoeker heeft gesteld dat het spoedeisend belang voor het treffen van een voorlopige voorziening in zijn geval is gelegen in het volgende. Verzoeker is na het overlijden van zijn moeder op 5 mei 2017 alleen achtergebleven. Met het geld op de bankrekening van zijn moeder heeft verzoeker tot september 2017 zelf in zijn levensonderhoud kunnen voorzien. Zijn broer en zus hebben vervolgens vanaf september 2017 zijn vaste lasten betaald en boodschappen voor hem gedaan. Vanaf juni 2018 zijn de financiële mogelijkheden van zijn broer en zus echter dusdanig uitgeput dat zij tot oktober 2018 alleen nog de huur voor verzoeker hebben betaald. De kosten voor energie en water kunnen zij niet meer voor verzoeker opbrengen met als gevolg dat verzoeker brieven heeft ontvangen van incassobureaus en deurwaarders en dat afsluiting van de energie- en watervoorziening dreigt. </para>
      <para />
    </paragroup>
    <paragroup>
      <nr>4.3.</nr>
      <para>De beantwoording van de vraag of sprake is van onverwijlde spoed spitst zich in dit geval in het bijzonder toe op de vraag of vanuit financieel oogpunt sprake is van een spoedeisend belang. </para>
      <para />
    </paragroup>
    <paragroup>
      <nr>4.4.</nr>
      <para>De aard van een verzoek om een voorlopige voorziening veronderstelt een actueel spoedeisend belang. Wat verzoeker in dit verband in zijn verzoekschrift en ter zitting naar voren heeft gebracht, geeft daarvan onvoldoende blijk. </para>
      <para />
      <paragroup>
        <nr>4.4.1.</nr>
        <para>Niet is gebleken van dreigende schulden, die bijvoorbeeld leiden tot een actuele huisuitzetting of het afsluiten van nutsvoorzieningen. Namens verzoeker is een brief van Enexis Netbeheer van 5 november 2018 ingebracht, waaruit blijkt dat een poging is ondernomen om de woning op het opgegeven adres af te sluiten van energie. Tot een afsluiting is het evenwel niet gekomen, omdat verzoeker sinds 13 oktober 2018 geen contract meer heeft bij zijn voormalige energieleverancier (Eneco). Ter zitting is desgevraagd verklaard dat verzoeker is overgestapt naar een andere energieleverancier (Oxxio). Van schulden bij Oxxio is de voorzieningenrechter niet gebleken. Daarnaast is ter zitting een formulier van Brabant Water van 5 februari 2019 overgelegd. Hieruit blijkt dat wanneer een rekening van € 103,23 niet binnen vijf dagen wordt betaald de levering van drinkwater vanaf 12 februari 2019 wordt gestopt. Desgevraagd is ter zitting verklaard dat de watervoorziening van verzoeker nog niet is afgesloten. Bovendien betreft het een met de hand ingevuld formulier zonder tenaamstelling en adres. Ten slotte zijn stukken overgelegd met betrekking tot een huurschuld. Desgevraagd is ter zitting verklaard dat de verhuurder dienaangaande nog geen contact heeft opgenomen met verzoeker. </para>
        <para />
      </paragroup>
      <paragroup>
        <nr>4.4.2.</nr>
        <para>De voorzieningenrechter laat voorts zwaar meewegen dat verzoeker zich na 30 mei 2017 niet opnieuw heeft gemeld voor het doen van een aanvraag, ondanks zijn toezegging daaromtrent tijdens de hoorzitting in de bezwaarfase op 24 november 2017. De enkele verklaring van verzoeker dat hij moedeloos wordt van de aan hem gestelde vragen acht de voorzieningenrechter daarvoor ontoereikend, voornamelijk gelet op het gestelde dat zijn broer en zus hem vanaf juni 2018 in mindere mate financieel konden bijstaan en vanaf oktober 2018 zelfs in het geheel niet meer. </para>
        <para />
      </paragroup>
      <paragroup>
        <nr>4.4.3.</nr>
        <para>Tot slot is de voorzieningenrechter niet gebleken dat een onomkeerbare situatie dreigt te ontstaan die aanleiding geeft tot het treffen van een voorlopige voorziening. </para>
        <para />
      </paragroup>
    </paragroup>
    <paragroup>
      <nr>4.5.</nr>
      <para>Ook anderszins is de voorzieningenrechter niet gebleken van een voor verzoeker zo zwaarwegend belang dat behandeling van de bodemprocedure niet door hem zou kunnen worden afgewacht.</para>
      <para />
    </paragroup>
    <paragroup>
      <nr>4.6.</nr>
      <para>Wat onder 4.2 tot en met 4.5 is overwogen leidt ertoe dat bij dit verzoek onverwijlde spoed als bedoeld in artikel 8:81 van de Awb ontbreekt. Daarom bestaat geen aanleiding voor het treffen van een voorlopige voorziening.</para>
      <para />
      <parablock>
        <para>5. Voor een veroordeling in de proceskosten bestaat geen aanleiding.</para>
      </parablock>
      <para />
      <para />
    </paragroup>
  </section>
  <section role="beslissing">
    <title>BESLISSING</title>
    <para />
    <parablock>
      <para>De voorzieningenrechter van de Centrale Raad van Beroep wijst het verzoek tot een voorlopige voorziening af.</para>
    </parablock>
    <para />
    <para />
    <parablock>
      <para>Deze uitspraak is gedaan door M. Hillen, in tegenwoordigheid van L. Hagendijk als griffier. De beslissing is uitgesproken in het openbaar op 5 maart 2019.</para>
    </parablock>
    <para />
    <para />
    <para />
    <parablock>
      <para>						(getekend) M. Hillen</para>
    </parablock>
    <para />
    <para />
    <para />
    <parablock>
      <para>						(getekend) L. Hagendijk</para>
    </parablock>
    <para />
    <parablock>
      <para>md</para>
    </parablock>
  </section>
</uitspraak>
</open-rechtspraak>