<?xml version="1.0" encoding="utf-8"?>
<open-rechtspraak>
  <rdf:RDF xmlns:rdf="http://www.w3.org/1999/02/22-rdf-syntax-ns#" xmlns:ecli="https://e-justice.europa.eu/ecli" xmlns:tr="http://tuchtrecht.overheid.nl/" xmlns:eu="http://publications.europa.eu/celex/" xmlns:dcterms="http://purl.org/dc/terms/" xmlns:bwb="bwb-dl" xmlns:cvdr="http://decentrale.regelgeving.overheid.nl/cvdr/" xmlns:psi="http://psi.rechtspraak.nl/" xmlns:rdfs="http://www.w3.org/2000/01/rdf-schema#">
    <rdf:Description>
      <dcterms:identifier>ECLI:NL:RBAMS:2019:1726</dcterms:identifier>
      <dcterms:format>text/xml</dcterms:format>
      <dcterms:accessRights>public</dcterms:accessRights>
      <dcterms:modified>2019-03-15T14:16:41</dcterms:modified>
      <dcterms:issued rdfs:label="Publicatiedatum">2019-03-12</dcterms:issued>
      <dcterms:publisher resourceIdentifier="http://rechtspraak.nl/">Raad voor de Rechtspraak</dcterms:publisher>
      <dcterms:language>nl</dcterms:language>
      <dcterms:creator rdfs:label="Instantie" resourceIdentifier="http://standaarden.overheid.nl/owms/terms/Rechtbank_Amsterdam" scheme="overheid.RechterlijkeMacht">Rechtbank Amsterdam</dcterms:creator>
      <dcterms:date rdfs:label="Uitspraakdatum">2019-03-11</dcterms:date>
      <psi:zaaknummer rdfs:label="Zaaknr">7295630  CV EXPL 18-23418</psi:zaaknummer>
      <dcterms:type rdf:language="nl" resourceIdentifier="http://psi.rechtspraak.nl/uitspraak">Uitspraak</dcterms:type>
      <psi:procedure rdf:language="nl" rdfs:label="Procedure" resourceIdentifier="http://psi.rechtspraak.nl/procedure#eersteAanlegEnkelvoudig">Eerste aanleg - enkelvoudig</psi:procedure>
      <dcterms:coverage>NL</dcterms:coverage>
      <dcterms:spatial rdfs:label="Zittingsplaats">Amsterdam</dcterms:spatial>
      <dcterms:subject rdfs:label="Rechtsgebied" resourceIdentifier="http://psi.rechtspraak.nl/rechtsgebied#civielRecht">Civiel recht</dcterms:subject>
      <dcterms:hasVersion rdfs:label="Vindplaatsen" resourceIdentifier="http://psi.rechtspraak.nl/vindplaats">
        <rdf:list>
          <rdf:li>Rechtspraak.nl</rdf:li>
        </rdf:list>
      </dcterms:hasVersion>
    </rdf:Description>
    <rdf:Description rdf:about="http://deeplink.rechtspraak.nl/uitspraak?id=ECLI:NL:RBAMS:2019:1726">
      <dcterms:identifier>http://deeplink.rechtspraak.nl/uitspraak?id=ECLI:NL:RBAMS:2019:1726</dcterms:identifier>
      <dcterms:format>text/html</dcterms:format>
      <dcterms:accessRights>public</dcterms:accessRights>
      <dcterms:modified>2019-03-12T10:31:16</dcterms:modified>
      <dcterms:issued rdfs:label="Publicatiedatum">2019-03-15</dcterms:issued>
      <dcterms:publisher resourceIdentifier="http://rechtspraak.nl/">Raad voor de Rechtspraak</dcterms:publisher>
      <dcterms:language>nl</dcterms:language>
      <dcterms:title rdf:language="nl">ECLI:NL:RBAMS:2019:1726 Rechtbank Amsterdam , 11-03-2019 / 7295630  CV EXPL 18-23418</dcterms:title>
      <dcterms:abstract resourceIdentifier="../../rs:inhoudsindicatie" />
    </rdf:Description>
  </rdf:RDF>
  <inhoudsindicatie id="ECLI:NL:RBAMS:2019:1726:INH" lang="nl" xml:space="preserve" xmlns="http://www.rechtspraak.nl/schema/rechtspraak-1.0" xmlns:xsd="http://www.w3.org/2001/XMLSchema" xmlns:xsi="http://www.w3.org/2001/XMLSchema-instance">
      <para>Een ontevreden klant van een autohandelaar heeft terecht de koopovereenkomst buitengerechtelijk ontbonden omdat de auto – met ruim twee ton kilometers op de teller – direct na aflevering ernstige gebreken vertoonde.</para>
    </inhoudsindicatie>
  <uitspraak id="ECLI:NL:RBAMS:2019:1726:DOC" lang="nl" xml:space="preserve" xmlns="http://www.rechtspraak.nl/schema/rechtspraak-1.0" xmlns:xsd="http://www.w3.org/2001/XMLSchema" xmlns:xsi="http://www.w3.org/2001/XMLSchema-instance" xmlns:xlink="http://www.w3.org/1999/xlink">
  <uitspraak.info>
    <para>
      <inlinemediaobject>
        <imageobject>
          <imagedata align="center" scale="100" fileref="e92f10ec-dc77-4501-9cce-7e3ee4f80d2b" depth="2" width="13" format="image/png" />
        </imageobject>
      </inlinemediaobject>
      <inlinemediaobject>
        <imageobject>
          <imagedata align="center" scale="100" fileref="e5629868-d690-46ce-8c7c-eb2f6982aafd" depth="2" width="523" format="image/png" />
        </imageobject>
      </inlinemediaobject>vonnis</para>
    <para />
    <bridgehead role="bold">RECHTBANK AMSTERDAM</bridgehead>
    <para />
    <parablock>
      <para>Afdeling privaatrecht</para>
    </parablock>
    <para />
    <parablock>
      <para>zaaknummer: 7295630  CV EXPL 18-23418</para>
      <para>vonnis van:  11 maart 2019</para>
    </parablock>
    <para />
    <para />
    <bridgehead role="bold">vonnis van de kantonrechter</bridgehead>
    <para />
    <parablock>
      <para>I n z a k e</para>
    </parablock>
    <para />
    <bridgehead role="bold">
      [eiseres]
    </bridgehead>
    <parablock>
      <para>wonende te [woonplaats]</para>
      <para>eiseres</para>
      <para>nader te noemen: [eiseres]</para>
      <para>gemachtigde: mr. R.M. Mijnsbergen</para>
    </parablock>
    <para />
    <parablock>
      <para>t e g e n</para>
    </parablock>
    <para />
    <bridgehead role="bold">
      [gedaagde]
    </bridgehead>
    <parablock>
      <para>wonende te [woonplaats]</para>
      <para>gedaagde</para>
      <para>nader te noemen: [gedaagde]</para>
      <para>procederend in persoon</para>
    </parablock>
    <para />
    <bridgehead role="bold">VERLOOP VAN DE PROCEDURE</bridgehead>
    <para />
    <parablock>
      <para>- dagvaarding van 9 oktober 2018 met producties;<?linebreak?>- antwoord met één productie;<?linebreak?>- instructievonnis;<?linebreak?>- dagbepaling comparitie.</para>
    </parablock>
    <para />
    <parablock>
      <para>De comparitie heeft plaatsgevonden op 6 februari 2019. [eiseres] is in persoon verschenen, bijgestaan door de gemachtigde. [gedaagde] is in persoon verschenen.  Partijen zijn gehoord en hebben vragen van de kantonrechter beantwoord. Ten slotte is vonnis gevraagd en is een datum voor vonnis bepaald.</para>
    </parablock>
    <para />
    <para />
  </uitspraak.info>
  <section role="beslissing">
    <title>GRONDEN VAN DE BESLISSING</title>
    <para />
  </section>
  <section>
    <title>Feiten</title>
    <para />
    <parablock>
      <para>1. Als gesteld en niet (voldoende) weersproken staat het volgende vast:</para>
    </parablock>
    <para />
    <paragroup>
      <nr>1.1.</nr>
      <para>
        [gedaagde] handelde onder de naam Autoservice Zaandam  onder meer in gebruikte auto's.</para>
    </paragroup>
    <paragroup>
      <nr>1.2.</nr>
      <para>
        [eiseres] heeft op 16 juli 2018 een gebruikte personenauto, merk Renault type Twingo, gekocht voor een prijs van € 660,00. </para>
    </paragroup>
    <paragroup>
      <nr>1.3.</nr>
      <para>De auto had ten tijde van het sluiten van de koopovereenkomst een geldige     apk-keuring en een kilometerstand van ongeveer 211.013.</para>
    </paragroup>
    <paragroup>
      <nr>1.4.</nr>
      <para>
        [eiseres] heeft voorafgaand aan het sluiten van de koopovereenkomst een proefrit met de auto gemaakt.</para>
    </paragroup>
    <paragroup>
      <nr>1.5.</nr>
      <para>Direct na aankoop en levering van de auto zijn er problemen met de auto ontstaan. [eiseres] heeft de auto vervolgens laten onderzoeken door een garagebedrijf dat enkele gebreken aan de auto heeft geconstateerd.</para>
    </paragroup>
    <paragroup>
      <nr>1.6.</nr>
      <para>
        [eiseres] heeft op 18 juli 2018 [gedaagde] bezocht en hem op de hoogte gebracht van de door het garagebedrijf geconstateerde gebreken. Zij heeft hem om een oplossing verzocht. [gedaagde] heeft aan dit verzoek geen gevolg gegeven. </para>
    </paragroup>
    <paragroup>
      <nr>1.7.</nr>
      <para>Bij brief van 20 juli 2018 heeft [eiseres] de koopovereenkomst buitengerechtelijk ontbonden. </para>
    </paragroup>
    <paragroup>
      <nr>1.8.</nr>
      <parablock>
        <para>Op 27 juli 2018 heeft [eiseres] de auto door de RDW laten keuren. Tijdens de keuring zijn de volgende gebreken geconstateerd: </para>
        <para>- remleiding achteras ernstig gecorrodeerd</para>
        <para>- lambadawaarde wijkt af</para>
        <para>- uitlaat niet gasdicht</para>
        <para>- stuurbekrachtiging functioneert niet goed</para>
        <para>- roestschade op subframe en</para>
        <para>- De aanwezige snelheidsmeter functioneert niet.</para>
      </parablock>
    </paragroup>
    <paragroup>
      <nr>1.9.</nr>
      <parablock>
        <para>Bij brief van 31 juli 2018 heeft RDW aan [eiseres] , voor zover relevant, het volgende bericht: </para>
        <para>“(..)</para>
        <para>Naar aanleiding van uw bezwaar tegen de beschikking tot afgifte van een keuringsbewijs, zoals bedoeld in artikel 91 van de Wegenverkeerswet, is door ons een onderzoek ingesteld bij het voertuig met kenteken [kenteken] .</para>
        <para>Bij dit onderzoek is vastgesteld dat de keuringseisen op 5 juni 2018 t.a.v. artikel 5.2.31c(4) remleiding ernstig gecorrodeerd, niet juist is toegepast.</para>
        <para>Ik wijs u erop dat de APK-keuring hiermee is komen te vervallen.</para>
        <para>(..)”</para>
      </parablock>
      <para />
    </paragroup>
  </section>
  <section>
    <title>Vordering</title>
    <para />
    <para>2. [eiseres] vordert om bij uitvoerbaar bij voorraad te verklaren vonnis, zoals geformuleerd in de dagvaarding:</para>
    <parablock>
      <para>
        <emphasis role="italic">“a)	voor recht te verklaren dat de koopovereenkomst buitengerechtelijk is ontbonden dan wel de koopovereenkomst te ontbinden;</emphasis>
      </para>
      <para>
        <emphasis role="italic">en gedaagde te veroordelen:</emphasis>
      </para>
    </parablock>
    <para>
      <emphasis role="italic">b)	tot terugbetaling van de koopprijs van € 660,00</emphasis>
    </para>
    <para>
      <emphasis role="italic">c)	tot terugname van de auto onder afgifte van een vrijwaringsbewijs, dit binnen 24 uur nadat eiseres aan gedaagde het documentnummer van het kentekenbewijs, de tenaamstellingscode en de kilometerstand heeft doorgegeven;</emphasis>
    </para>
    <para>
      <emphasis role="italic">d)	tot betaling van een dwangsom van € 250,00 per dag dat gedaagde geen uitvoering geeft aan het onder c gevorderde afgeven van het vrijwaringbewijs;</emphasis>
    </para>
    <para>
      <emphasis role="italic">e)	in de kosten van het geding, die van de gemachtigde daartoe te rekenen, almede in de nakosten daarvan en met veroordeling tot betaling van de wettelijke rente over deze kosten en nakosten vanaf  de veertiende dag van het in dezen te wijzen vonnis tot aan de dag der algehele voldoening.”</emphasis>
    </para>
    <para>3. Aan haar vordering legt [eiseres] , samengevat en zakelijk weergegeven, het volgende ten grondslag. De auto beantwoordt niet aan de overeenkomst nu deze niet over de eigenschappen beschikt die [eiseres] op grond van de overeenkomst mocht verwachten. De auto vertoonde direct na levering ernstige gebreken. Een garagebedrijf en de RDW hebben op verzoek van [eiseres] de auto onderzocht en gebreken geconstateerd.</para>
    <para />
  </section>
  <section>
    <title>Verweer</title>
    <para />
    <parablock>
      <para>4. [gedaagde] heeft verweer tegen de vordering gevoerd. Daarop zal hierna bij de beoordeling van het geschil nader worden ingegaan.</para>
    </parablock>
    <para />
  </section>
  <section role="overwegingen">
    <title>Beoordeling</title>
    <para />
    <para>5. Tussen partijen is niet in geschil dat er sprake is van een consumentenkoop. Ingevolge artikel 7:17 lid 1 BW is de verkoper verplicht een zaak af te leveren die aan de overeenkomst beantwoordt. In het geval een (tweedehands) auto wordt gekocht om daarmee, naar de verkoper bekend, aan het verkeer deel te nemen zal als regel moeten worden aangenomen dat de auto niet beantwoordt aan de overeenkomst, indien als gevolg van een eraan klevend gebrek dat niet op eenvoudige wijze kan worden ontdekt en hersteld, zodanig gebruik van de auto gevaar voor de verkeersveiligheid zou opleveren (HR 15 april 1994, NJ 1995,614).  </para>
    <para>6. [eiseres] heeft gesteld dat de snelheidsmeter na enkele kilometers niet meer functioneerde, de uitlaat niet gasdicht bleek en de auto vreemd begon te reageren bij een stuuruitslag. [eiseres] heeft verder aangevoerd dat zij de auto vervolgens naar een garagebedrijf heeft gebracht die de auto heeft onderzocht en een aantal gebreken aan de auto heeft geconstateerd. Volgens [eiseres] bleek uit het onderzoek dat de auto niet aan de APK-eisen voldeed. Dit vindt steun in een door [eiseres] overgelegde keuringsrapport en een brief van de RDW. Uit deze stukken volgt dat de auto als gevolg van diverse gebreken niet voldoet aan de APK-keuringseisen en dat de APK-goedkeuring daarom is komen te vervallen. [gedaagde] heeft een en ander niet voldoende gemotiveerd betwist zodat als vaststaand wordt aangenomen dat de auto als gevolg van diverse gebreken niet aan de APK-eisen voldoet. Op grond van het voorgaande staat naar het oordeel van de kantonrechter voldoende vast dat de auto een gevaar voor de verkeersveiligheid opleverde. Zonder een geldige APK-goedkeuring moet het immers ervoor worden gehouden dat met de auto niet veilig aan het verkeer kan worden deelgenomen. Gesteld noch gebleken is dat er sprake is van gebreken die op eenvoudige wijze konden worden ontdekt en hersteld. Op grond hiervan is de kantonrechter van oordeel dat de auto niet beantwoordt aan hetgeen [eiseres] op grond van de overeenkomst mocht verwachten. Dat de auto door [gedaagde] is verkocht zonder garantie tegen een lage prijs, leidt niet tot een ander oordeel. [eiseres] behoefde niet te verwachten dat met de auto niet veilig aan het verkeer kon worden deelgenomen.</para>
    <para>7. Vaststaat dat dat de auto direct na aflevering gebreken vertoonde. Nu de gebreken zich binnen zes maanden na aflevering hebben geopenbaard en sprake is van een consumentenkoop, wordt gelet op het bepaalde in artikel 7:18 lid 2 BW vermoed dat de auto reeds op het moment van de aflevering niet voldeed aan hetgeen [eiseres] op grond van de overeenkomst mocht verwachten. </para>
    <para>8. Gelet op het vooroverwogene is de kantonrechter van oordeel dat de auto niet aan de overeenkomst beantwoordde. Dat het om een oudere auto die ruim 210.000 had gereden, leidt niet tot een ander oordeel, aangezien de auto een gevaar voor de verkeersveiligheid oplevert. </para>
    <para>9. Als niet weersproken staat vast dat [eiseres] [gedaagde] op 17 juli 2018 telefonisch en op 18 juli 2018 in persoon van de gebreken op de hoogte heeft gesteld en hem heeft verzocht de gebreken op te lossen. Niet is gebleken dat [gedaagde] aan het verzoek om een oplossing gevolg heeft gegeven. Dat het uitblijven van een oplossing het gevolg is van een onheuse bejegening van [gedaagde] door [eiseres] heeft [gedaagde] tegenover de gemotiveerde betwisting door [eiseres] niet voldoende onderbouwd zodat hij niet in deze stelling wordt gevolgd.</para>
    <para>10. Het voorgaande betekent dat [eiseres] gerechtigd was de overeenkomst wegens wanprestatie te ontbinden zodat de gevorderde verklaring voor recht toewijsbaar is. Dit betekent verder dat op beide partijen een ongedaanmakingsverbintenis rust. [eiseres] is gehouden de auto terug te geven en [gedaagde] is gehouden de koopprijs terug te betalen. [gedaagde] wordt daarom veroordeeld de koopprijs van € 660,00 aan [eiseres] te betalen. </para>
    <para>11. [eiseres] vordert voorts dat [gedaagde] wordt veroordeeld de auto terug te nemen en een vrijwaringsbewijs af te geven. [gedaagde] heeft weliswaar ter zitting verklaard dat hij bereid is om de auto op te halen, maar dit doet er niet aan af dat [eiseres] voldoende belang heeft bij toewijzing van deze vordering. Deze vordering wordt derhalve toegewezen. De gevorderde dwangsom wordt gesteld op € 100,00 per dag met een maximum aan te verbeuren dwangsommen van € 1.500,00.</para>
    <para>12. Bij deze uitkomst van de procedure wordt [gedaagde] veroordeeld in de proceskosten.</para>
    <para />
  </section>
  <section role="beslissing">
    <title>BESLISSING</title>
    <para />
    <parablock>
      <para>De kantonrechter:</para>
    </parablock>
    <para />
    <paragroup>
      <para>verklaart voor recht dat de koopovereenkomst buitengerechtelijk is ontbonden;</para>
      <para />
    </paragroup>
    <paragroup>
      <parablock>
        <para>veroordeelt [gedaagde] tot betaling aan [eiseres] van:</para>
        <para>- € 660,00 aan hoofdsom;</para>
      </parablock>
      <para />
    </paragroup>
    <paragroup>
      <para>veroordeelt [gedaagde] tot terugname van de auto onder afgifte van een vrijwaringsbewijs binnen 24 uur nadat [eiseres] aan [gedaagde] het documentnummer van het kentekenbewijs, de tenaamstellingscode en de kilometerstand heeft doorgegeven;</para>
      <para />
    </paragroup>
    <paragroup>
      <para>veroordeelt [gedaagde] tot een betaling van een dwangsom van € 100,00 per dag tot  een maximum aan te verbeuren dwangsommen van € 1.500,00 voor elke dag dat [gedaagde] geen uitvoering geeft aan de veroordeling onder III tot het afgeven van een vrijwaringsbewijs; </para>
      <para />
    </paragroup>
    <paragroup>
      <para>veroordeelt [gedaagde] in de kosten van het geding, tot op heden aan de zijde van [eiseres] begroot op:<?linebreak?>exploot	€	101,89<?linebreak?>salaris	€	240,00<?linebreak?>griffierecht	€	79,00<?linebreak?>		-----------------<?linebreak?>totaal	€	420,89<?linebreak?>voor zover van toepassing, inclusief btw;<?linebreak?></para>
    </paragroup>
    <paragroup>
      <para>veroordeelt [gedaagde] in de na dit vonnis ontstane kosten, begroot op € 50,00 aan salaris gemachtigde, te verhogen met een bedrag van € 68,00 en de explootkosten van betekening van het vonnis, een en ander voor zover van toepassing inclusief btw, onder de voorwaarde dat [gedaagde] niet binnen veertien dagen na aanschrijving volledig aan dit vonnis heeft voldaan en betekening van het vonnis pas na veertien dagen na aanschrijving heeft plaatsgevonden;<?linebreak?></para>
    </paragroup>
    <paragroup>
      <para>veroordeelt [gedaagde] tot betaling van de wettelijke rente berekend over de hiervoor onder V. en VI. bedoelde proceskosten, indien deze dan niet zullen zijn voldaan, met ingang van veertien dagen na betekening van dit vonnis tot de dag der algehele voldoening;</para>
      <para />
    </paragroup>
    <paragroup>
      <para>verklaart de veroordelingen uitvoerbaar bij voorraad;</para>
      <para />
    </paragroup>
    <paragroup>
      <para>wijst het meer of anders gevorderde af.</para>
      <para />
      <para />
      <parablock>
        <para>Dit vonnis is gewezen door mr. C.L.J.M. de Waal, kantonrechter, en in het openbaar uitgesproken op 11 maart 2019 in tegenwoordigheid van de griffier.</para>
      </parablock>
      <para />
      <para />
      <para />
      <para />
    </paragroup>
  </section>
</uitspraak>
</open-rechtspraak>