<?xml version="1.0" encoding="utf-8"?>
<open-rechtspraak>
  <rdf:RDF xmlns:rdf="http://www.w3.org/1999/02/22-rdf-syntax-ns#" xmlns:ecli="https://e-justice.europa.eu/ecli" xmlns:tr="http://tuchtrecht.overheid.nl/" xmlns:eu="http://publications.europa.eu/celex/" xmlns:dcterms="http://purl.org/dc/terms/" xmlns:bwb="bwb-dl" xmlns:cvdr="http://decentrale.regelgeving.overheid.nl/cvdr/" xmlns:psi="http://psi.rechtspraak.nl/" xmlns:rdfs="http://www.w3.org/2000/01/rdf-schema#">
    <rdf:Description>
      <dcterms:identifier>ECLI:NL:CRVB:2019:743</dcterms:identifier>
      <dcterms:format>text/xml</dcterms:format>
      <dcterms:accessRights>public</dcterms:accessRights>
      <dcterms:modified>2019-03-28T08:38:05</dcterms:modified>
      <dcterms:issued rdfs:label="Publicatiedatum">2019-03-07</dcterms:issued>
      <dcterms:publisher resourceIdentifier="http://rechtspraak.nl/">Raad voor de Rechtspraak</dcterms:publisher>
      <dcterms:language>nl</dcterms:language>
      <dcterms:creator rdfs:label="Instantie" resourceIdentifier="http://standaarden.overheid.nl/owms/terms/Centrale_Raad_van_Beroep" scheme="overheid.RechterlijkeMacht">Centrale Raad van Beroep</dcterms:creator>
      <dcterms:date rdfs:label="Uitspraakdatum">2019-03-05</dcterms:date>
      <psi:zaaknummer rdfs:label="Zaaknr">18-3174 PW</psi:zaaknummer>
      <dcterms:type rdf:language="nl" resourceIdentifier="http://psi.rechtspraak.nl/uitspraak">Uitspraak</dcterms:type>
      <psi:procedure rdf:language="nl" rdfs:label="Procedure" resourceIdentifier="http://psi.rechtspraak.nl/procedure#hogerBeroep">Hoger beroep</psi:procedure>
      <dcterms:coverage>NL</dcterms:coverage>
      <dcterms:subject rdfs:label="Rechtsgebied" resourceIdentifier="http://psi.rechtspraak.nl/rechtsgebied#bestuursrecht_socialezekerheidsrecht">Bestuursrecht; Socialezekerheidsrecht</dcterms:subject>
      <dcterms:hasVersion rdfs:label="Vindplaatsen" resourceIdentifier="http://psi.rechtspraak.nl/vindplaats">
        <rdf:list>
          <rdf:li>Rechtspraak.nl</rdf:li>
        </rdf:list>
      </dcterms:hasVersion>
    </rdf:Description>
    <rdf:Description rdf:about="http://deeplink.rechtspraak.nl/uitspraak?id=ECLI:NL:CRVB:2019:743">
      <dcterms:identifier>http://deeplink.rechtspraak.nl/uitspraak?id=ECLI:NL:CRVB:2019:743</dcterms:identifier>
      <dcterms:format>text/html</dcterms:format>
      <dcterms:accessRights>public</dcterms:accessRights>
      <dcterms:modified>2019-03-08T09:24:14</dcterms:modified>
      <dcterms:issued rdfs:label="Publicatiedatum">2019-03-18</dcterms:issued>
      <dcterms:publisher resourceIdentifier="http://rechtspraak.nl/">Raad voor de Rechtspraak</dcterms:publisher>
      <dcterms:language>nl</dcterms:language>
      <dcterms:title rdf:language="nl">ECLI:NL:CRVB:2019:743 Centrale Raad van Beroep , 05-03-2019 / 18-3174 PW</dcterms:title>
      <dcterms:abstract resourceIdentifier="../../rs:inhoudsindicatie" />
    </rdf:Description>
  </rdf:RDF>
  <inhoudsindicatie id="ECLI:NL:CRVB:2019:743:INH" lang="nl" xml:space="preserve" xmlns="http://www.rechtspraak.nl/schema/rechtspraak-1.0" xmlns:xsd="http://www.w3.org/2001/XMLSchema" xmlns:xsi="http://www.w3.org/2001/XMLSchema-instance">
      <para>Toekenning woonkostentoeslag. Voorlopige teruggave inkomstenbelasting terecht als inkomen in aanmerking genomen en in mindering gebracht op de woonkostentoeslag.</para>
    </inhoudsindicatie>
  <uitspraak id="ECLI:NL:CRVB:2019:743:DOC" lang="nl" xml:space="preserve" xmlns="http://www.rechtspraak.nl/schema/rechtspraak-1.0" xmlns:xsd="http://www.w3.org/2001/XMLSchema" xmlns:xsi="http://www.w3.org/2001/XMLSchema-instance" xmlns:xlink="http://www.w3.org/1999/xlink">
  <section>
    <title>
      <nr>18</nr>3174 PW </title>
    <para />
    <parablock>
      <para>Datum uitspraak: 5 maart 2019</para>
    </parablock>
    <para />
    <parablock>
      <para>Centrale Raad van Beroep</para>
      <para>Enkelvoudige kamer</para>
    </parablock>
    <para />
    <para />
    <para />
    <para />
    <para />
    <para />
    <para />
    <para />
    <para />
    <parablock>
      <para>Uitspraak op het hoger beroep tegen de uitspraak van de rechtbank Midden-Nederland van </para>
      <para>20 april 2018, 17/4924 (aangevallen uitspraak) en uitspraak op het verzoek om veroordeling tot vergoeding van schade</para>
    </parablock>
    <para />
    <para />
    <para />
    <para />
    <para />
    <parablock>
      <para>Partijen:</para>
    </parablock>
    <para />
    <parablock>
      <para>
        [appellante] te [woonplaats] (appellante)</para>
    </parablock>
    <para />
    <parablock>
      <para>het college van burgemeester en wethouders van Utrecht (college)</para>
    </parablock>
    <para />
    <para />
    <parablock>
      <para>PROCESVERLOOP</para>
    </parablock>
    <para />
    <parablock>
      <para>Namens appellante heeft mr. J.H.F. de Jong, advocaat, hoger beroep ingesteld.</para>
    </parablock>
    <para />
    <parablock>
      <para>Het college heeft een verweerschrift ingediend.</para>
    </parablock>
    <para />
    <parablock>
      <para>Partijen hebben niet binnen de gestelde termijn verklaard gebruik te willen maken van het recht ter zitting te worden gehoord, waarna de Raad het onderzoek met toepassing van </para>
      <para>artikel 8:57, derde lid, van de Algemene wet bestuursrecht heeft gesloten. </para>
    </parablock>
    <para />
    <para />
  </section>
  <section role="overwegingen">
    <title>OVERWEGINGEN</title>
    <para />
    <parablock>
      <para>1. De Raad gaat uit van de volgende in dit geding van belang zijnde feiten en omstandigheden.</para>
    </parablock>
    <para />
    <paragroup>
      <nr>1.1.</nr>
      <para>Appellante heeft een koopwoning en ontvangt sinds 11 juni 2016 bijstand op grond van de Participatiewet (PW). Over de periode van 13 juni 2016 tot en met 30 juni 2017 heeft appellante bijzondere bijstand in de vorm van een woonkostentoeslag van het college ontvangen van € 309,06 per maand. Uit de Voorlopige aanslag 2017 van de Belastingdienst blijkt dat zij recht heeft op een teruggave van inkomstenbelasting van € 2.735,-, te ontvangen in maandelijkse termijnen van € 227,92.</para>
      <para />
    </paragroup>
    <paragroup>
      <nr>1.2.</nr>
      <para>Appellante heeft op 16 mei 2017 opnieuw bijzondere bijstand in de vorm van een woonkostentoeslag aangevraagd. </para>
      <para />
    </paragroup>
    <paragroup>
      <nr>1.3.</nr>
      <para>Bij besluit van 12 juni 2017 heeft het college appellante met ingang van 1 juli 2017 een woonkostentoeslag toegekend tot een bedrag van € 123,81 per maand. Blijkens de bijlage bij dit besluit zijn de in aanmerking te nemen woonlasten berekend op € 705,25 per maand en de totale woonkostentoeslag op € 351,73 per maand. De voorlopige teruggave van € 227,92 per maand is op de totale woonkostentoeslag van € 351,73 per maand in mindering gebracht, wat leidt tot het bedrag van € 123,81. </para>
      <para />
    </paragroup>
    <paragroup>
      <nr>1.4.</nr>
      <para>Bij besluit van 19 oktober 2017 (bestreden besluit) heeft het college het bezwaar tegen het besluit van 12 juni 2017 ongegrond verklaard. Aan dit besluit heeft het college ten grondslag gelegd dat de voorlopige belastingteruggave moet worden aangemerkt als inkomen over de periode waarop deze betrekking heeft. Gelet daarop moet de voorlopige teruggave niet op de in aanmerking te nemen woonlasten, maar op de totale woonkostentoeslag in mindering worden gebracht.</para>
      <para />
      <para>2. Bij de aangevallen uitspraak heeft de rechtbank het beroep tegen het bestreden besluit ongegrond verklaard.</para>
      <para />
      <para>3. In hoger beroep heeft appellante zich tegen de aangevallen uitspraak gekeerd. Zij heeft aangevoerd dat het college de voorlopige belastingteruggave van € 227,92 per maand ten onrechte in mindering heeft gebracht op de woonkostentoeslag. De woonkostentoeslag is vergelijkbaar met de huurtoeslag en moet net als de huurtoeslag als een bijdrage in de woonkosten respectievelijk huurkosten worden aangemerkt. </para>
      <para />
      <para>4. De Raad komt tot de volgende beoordeling.</para>
      <para />
    </paragroup>
    <paragroup>
      <nr>4.1.</nr>
      <para>In geschil is uitsluitend de vraag of het college bij de berekening van de bijzondere bijstand de voorlopige belastingteruggave terecht niet op de in aanmerking te nemen woonlasten, maar op de totale woonkostentoeslag in mindering heeft gebracht.<?linebreak?></para>
    </paragroup>
    <paragroup>
      <nr>4.2.</nr>
      <parablock>
        <para>Uit de tekst van artikel 31, tweede lid, aanhef en onder f, van de PW volgt dat de onderhavige voorlopige belastingteruggave niet valt onder de hierin neergelegde uitzondering en dat deze daarom behoort tot de voor bijstandsverlening in aanmerking te nemen middelen. </para>
        <para>Vergelijk de uitspraak van 15 juli 2014 (ECLI:NL:CRVB:2014:2384), die na de invoering van de PW onverkort van toepassing is. Zoals de Raad in die uitspraak heeft overwogen, moet de voorlopige teruggave inkomstenbelasting op grond van artikel 32, eerste lid, van de </para>
        <para>Wet werk en bijstand als inkomen worden aangemerkt en moet dat inkomen worden toegerekend aan de periode waarop deze teruggave betrekking heeft. Dit betekent dat bij de berekening van de bijzondere bijstand de voorlopige belastingteruggave niet op de in aanmerking te nemen woonlasten, maar op de totale woonkostentoeslag in mindering moet worden gebracht. Een vergelijking met de huurtoeslag gaat niet op, omdat aard en doel van de voorlopige teruggave en de huurtoeslag verschillend zijn. Een voorlopige teruggave vindt immers plaats omdat de eigen woning fiscaal wordt beschouwd als een bron van, positieve of negatieve, inkomsten uit vermogen, terwijl het toekennen van huurtoeslag moet worden gezien als een bijdrage in de huurkosten van een woning. </para>
      </parablock>
      <para />
    </paragroup>
    <paragroup>
      <nr>4.3.</nr>
      <para>De gronden die appellante in hoger beroep heeft aangevoerd in het kader van de hier voorliggende vraag komen in essentie overeen met de beroepsgronden die de betrokkene had aangevoerd in de zaak die tot voormelde uitspraak heeft geleid. In die uitspraak is de Raad gemotiveerd op die beroepsgronden ingegaan, zoals samengevat weergegeven onder 4.2. Wat appellante heeft aangevoerd geeft geen aanleiding nu anders te oordelen. </para>
      <para />
    </paragroup>
    <paragroup>
      <nr>4.4.</nr>
      <para>Uit 4.2 en 4.3 volgt dat het hoger beroep niet slaagt, zodat de aangevallen uitspraak moet worden bevestigd. Gelet hierop bestaat voor een veroordeling tot schadevergoeding geen grond. Het verzoek daartoe zal daarom worden afgewezen.</para>
      <para />
      <parablock>
        <para>5. Voor een veroordeling in de proceskosten bestaat geen aanleiding. </para>
      </parablock>
      <para />
      <para />
      <para />
      <para />
      <para />
      <para />
      <para />
      <para />
      <para />
      <para />
      <para />
      <para />
      <para />
      <para />
      <para />
      <para />
    </paragroup>
  </section>
  <section role="beslissing">
    <title>BESLISSING</title>
    <para />
    <parablock>
      <para>De Centrale Raad van Beroep </para>
    </parablock>
    <para />
    <para>- bevestigt de aangevallen uitspraak;</para>
    <para>- wijst het verzoek om veroordeling tot vergoeding van schade af.</para>
    <para />
    <para />
    <parablock>
      <para>Deze uitspraak is gedaan door F. Hoogendijk, in tegenwoordigheid van V.Y. van Almelo als griffier. De beslissing is uitgesproken in het openbaar op 5 maart 2019.</para>
    </parablock>
    <para />
    <para />
    <para />
    <parablock>
      <para>						(getekend) F. Hoogendijk</para>
    </parablock>
    <para />
    <para />
    <para />
    <parablock>
      <para>						(getekend) V.Y. van Almelo</para>
    </parablock>
    <para />
    <para />
    <para />
    <para />
    <parablock>
      <para>md</para>
    </parablock>
    <para />
  </section>
</uitspraak>
</open-rechtspraak>