<?xml version="1.0" encoding="utf-8"?>
<open-rechtspraak>
  <rdf:RDF xmlns:rdf="http://www.w3.org/1999/02/22-rdf-syntax-ns#" xmlns:ecli="https://e-justice.europa.eu/ecli" xmlns:tr="http://tuchtrecht.overheid.nl/" xmlns:eu="http://publications.europa.eu/celex/" xmlns:dcterms="http://purl.org/dc/terms/" xmlns:bwb="bwb-dl" xmlns:cvdr="http://decentrale.regelgeving.overheid.nl/cvdr/" xmlns:psi="http://psi.rechtspraak.nl/" xmlns:rdfs="http://www.w3.org/2000/01/rdf-schema#">
    <rdf:Description>
      <dcterms:identifier>ECLI:NL:GHAMS:2019:1032</dcterms:identifier>
      <dcterms:format>text/xml</dcterms:format>
      <dcterms:accessRights>public</dcterms:accessRights>
      <dcterms:modified>2019-04-09T09:26:22</dcterms:modified>
      <dcterms:issued rdfs:label="Publicatiedatum">2019-03-27</dcterms:issued>
      <dcterms:publisher resourceIdentifier="http://rechtspraak.nl/">Raad voor de Rechtspraak</dcterms:publisher>
      <dcterms:language>nl</dcterms:language>
      <dcterms:creator rdfs:label="Instantie" resourceIdentifier="http://standaarden.overheid.nl/owms/terms/Gerechtshof_Amsterdam" scheme="overheid.RechterlijkeMacht">Gerechtshof Amsterdam</dcterms:creator>
      <dcterms:date rdfs:label="Uitspraakdatum">2019-03-20</dcterms:date>
      <psi:zaaknummer rdfs:label="Zaaknr">200.256.248/01</psi:zaaknummer>
      <dcterms:type rdf:language="nl" resourceIdentifier="http://psi.rechtspraak.nl/uitspraak">Uitspraak</dcterms:type>
      <psi:procedure rdf:language="nl" rdfs:label="Procedure" resourceIdentifier="http://psi.rechtspraak.nl/procedure#hogerBeroep">Hoger beroep</psi:procedure>
      <psi:procedure rdf:language="nl" rdfs:label="Procedure" resourceIdentifier="http://psi.rechtspraak.nl/procedure#beschikking&#xA;">Beschikking
</psi:procedure>
      <dcterms:coverage>NL</dcterms:coverage>
      <dcterms:spatial rdfs:label="Zittingsplaats">Amsterdam</dcterms:spatial>
      <dcterms:subject rdfs:label="Rechtsgebied" resourceIdentifier="http://psi.rechtspraak.nl/rechtsgebied#civielRecht_personenEnFamilierecht">Civiel recht; Personen- en familierecht</dcterms:subject>
      <dcterms:hasVersion rdfs:label="Vindplaatsen" resourceIdentifier="http://psi.rechtspraak.nl/vindplaats">
        <rdf:list>
          <rdf:li>Rechtspraak.nl</rdf:li>
        </rdf:list>
      </dcterms:hasVersion>
    </rdf:Description>
    <rdf:Description rdf:about="http://deeplink.rechtspraak.nl/uitspraak?id=ECLI:NL:GHAMS:2019:1032">
      <dcterms:identifier>http://deeplink.rechtspraak.nl/uitspraak?id=ECLI:NL:GHAMS:2019:1032</dcterms:identifier>
      <dcterms:format>text/html</dcterms:format>
      <dcterms:accessRights>public</dcterms:accessRights>
      <dcterms:modified>2019-04-09T09:25:47</dcterms:modified>
      <dcterms:issued rdfs:label="Publicatiedatum">2019-04-09</dcterms:issued>
      <dcterms:publisher resourceIdentifier="http://rechtspraak.nl/">Raad voor de Rechtspraak</dcterms:publisher>
      <dcterms:language>nl</dcterms:language>
      <dcterms:title rdf:language="nl">ECLI:NL:GHAMS:2019:1032 Gerechtshof Amsterdam , 20-03-2019 / 200.256.248/01</dcterms:title>
      <dcterms:abstract resourceIdentifier="../../rs:inhoudsindicatie" />
    </rdf:Description>
  </rdf:RDF>
  <inhoudsindicatie id="ECLI:NL:GHAMS:2019:1032:INH" lang="nl" xml:space="preserve" xmlns="http://www.rechtspraak.nl/schema/rechtspraak-1.0" xmlns:xsd="http://www.w3.org/2001/XMLSchema" xmlns:xsi="http://www.w3.org/2001/XMLSchema-instance">
      <para>Verlenging machtiging uithuisplaatsing. Er is (nog) onvoldoende zicht op de opvoedkwaliteiten van de moeder. Het hof is er niet van overtuigd dat de moeder daadwerkelijk zal meewerken aan hulpverlening. Het is in het belang van de kinderen om vanuit hun huidige rustige omgeving in het pleeggezin de noodzakelijke hulpverlening op gang te brengen.</para>
    </inhoudsindicatie>
  <uitspraak id="ECLI:NL:GHAMS:2019:1032:DOC" lang="nl" xml:space="preserve" xmlns="http://www.rechtspraak.nl/schema/rechtspraak-1.0" xmlns:xsd="http://www.w3.org/2001/XMLSchema" xmlns:xsi="http://www.w3.org/2001/XMLSchema-instance" xmlns:xlink="http://www.w3.org/1999/xlink">
  <uitspraak.info>
    <bridgehead role="bold">GERECHTSHOF AMSTERDAM</bridgehead>
    <para />
    <parablock>
      <para>Afdeling civiel recht en belastingrecht</para>
      <para>Team III (familie- en jeugdrecht)</para>
    </parablock>
    <para />
    <parablock>
      <para>zaaknummer: 200.256.248/01</para>
      <para>zaaknummer rechtbank: C13/660877 / JE RK 19-86 </para>
    </parablock>
    <para />
    <para />
    <parablock>
      <para>beschikking van de meervoudige kamer van 20 maart 2019 inzake</para>
    </parablock>
    <para />
    <para />
    <parablock>
      <para>
        <emphasis role="bold">de gecertificeerde instelling Jeugdbescherming Regio Amsterdam</emphasis>,</para>
      <para>gevestigd te Amsterdam,</para>
      <para>verzoekster in hoger beroep,</para>
      <para>hierna te noemen: de GI,</para>
      <para>advocaat: mr. J.K. van den Heuvel te Amsterdam,</para>
    </parablock>
    <para />
    <parablock>
      <para>en</para>
    </parablock>
    <para />
    <parablock>
      <para>
        <emphasis role="bold">
          [de moeder] ,</emphasis>
      </para>
      <para>wonende op een geheim adres,</para>
      <para>verweerster in hoger beroep,</para>
      <para>hierna te noemen: de moeder,</para>
      <para>advocaat: mr. L. Scheffer te Amsterdam.</para>
    </parablock>
    <para />
    <parablock>
      <para>Als belanghebbenden zijn aangemerkt: </para>
    </parablock>
    <para>- de minderjarige [A] (hierna te noemen: [kind A] );</para>
    <para>- de minderjarige [B] (hierna te noemen: [kind B] );</para>
    <para>- de minderjarige [C] (hierna te noemen: [kind C] ). </para>
    <para />
    <parablock>
      <para>In zijn adviserende toetsende taak is in de procedure gekend:</para>
      <para>de Raad voor de Kinderbescherming,</para>
      <para>locatie: Amsterdam,</para>
      <para>hierna te noemen: de raad.</para>
    </parablock>
    <para />
    <para />
  </uitspraak.info>
  <section>
    <title>
      <nr>1</nr>Het verloop van het geding in eerste aanleg</title>
    <para />
    <parablock>
      <para>Het hof verwijst voor het verloop van het geding in eerste aanleg naar de beschikking van de rechtbank Amsterdam (hierna: de kinderrechter) van 14 maart 2019, uitgesproken onder voormeld zaaknummer.</para>
    </parablock>
    <para />
    <para />
  </section>
  <section>
    <title>
      <nr>2</nr>Het geding in hoger beroep</title>
    <para />
    <paragroup>
      <nr>2.1</nr>
      <para>De GI is op 15 maart 2019 in hoger beroep gekomen van voormelde beschikking van 14 maart 2019.</para>
      <para />
    </paragroup>
    <paragroup>
      <nr>2.2</nr>
      <para>De mondelinge behandeling heeft op 20 maart 2019 plaatsgevonden. Verschenen zijn: </para>
      <para>- de GI, vertegenwoordigd door de advocaat, de gezinsmanagers, de gedragsdeskundige en een collega;</para>
      <para>- de moeder, bijgestaan door haar advocaat;</para>
      <para>- de raad, vertegenwoordigd door mevrouw A. van der Hoorn;</para>
      <para>- mevrouw [X] (hierna: [X] );</para>
      <para>- mevrouw A. Outaklla, tolk Arabisch. </para>
      <para />
    </paragroup>
    <paragroup>
      <nr>2.3</nr>
      <para>De voorzitter heeft voorafgaand aan de zitting, in aanwezigheid van de griffier en de tolk, met [kind A] en [kind B] gesproken. Ter zitting heeft de voorzitter de inhoud van dit gesprek zakelijk weergegeven. </para>
      <para />
    </paragroup>
    <paragroup>
      <nr>2.4</nr>
      <para>Aan partijen is ter zitting meegedeeld dat, gelet op het spoedeisend belang, de uitspraak wordt bepaald op heden, in de vorm van een verkorte beschikking die later nog nader uitgewerkt zal worden. </para>
      <para />
    </paragroup>
    <paragroup>
      <nr>2.5</nr>
      <para>Deze beschikking is de uitwerking van voornoemde verkorte beschikking. </para>
      <para />
      <para />
    </paragroup>
  </section>
  <section>
    <title>
      <nr>3</nr>De feiten</title>
    <para />
    <paragroup>
      <nr>3.1</nr>
      <para>Uit de moeder zijn (voor zover van belang) geboren:</para>
      <para>- [kind A] , [in] 2003 te [geboorteplaats] ;</para>
      <para>- [kind B] , [in] 2007 te [geboorteplaats] ;</para>
      <para>- [kind C] , [in] 2008 te [geboorteplaats] (hierna tezamen ook: de kinderen).</para>
      <para>De moeder oefent het eenhoofdig gezag uit over de kinderen. De vader heeft geen contact met de kinderen. [X] is een meerderjarige dochter van moeder; zij is geboren [in] 1991.</para>
      <para />
    </paragroup>
    <paragroup>
      <nr>3.2</nr>
      <para>Bij beschikking van 17 oktober 2013 zijn de kinderen onder toezicht gesteld van de GI voor de duur van zes maanden. </para>
      <para />
    </paragroup>
    <paragroup>
      <nr>3.3</nr>
      <para>Bij beschikking van 10 juli 2017 zijn de kinderen (opnieuw) voorlopig onder toezicht gesteld van de GI tot 10 oktober 2017 en is tevens een machtiging verleend om de kinderen uit huis te plaatsen in een crisispleeggezin voor de duur van twee weken. Deze beschikking is gehandhaafd bij beschikking van 21 juli 2017, waarbij de kinderen onder toezicht zijn gesteld met ingang van 10 juli 2017 tot 10 oktober 2017 en een machtiging is verleend tot uithuisplaatsing van de kinderen in een crisispleeggezin tot 10 oktober 2017. </para>
      <para />
    </paragroup>
    <paragroup>
      <nr>3.4</nr>
      <para>Bij beschikking van 28 november 2017 zijn de kinderen onder toezicht gesteld van de GI voor de duur van twaalf maanden en is een machtiging verleend tot uithuisplaatsing van de kinderen in een pleeggezin of een accommodatie van jeugdhulp met ingang van 28 november 2017 voor de duur van twaalf maanden. </para>
      <para />
    </paragroup>
    <paragroup>
      <nr>3.5</nr>
      <para>Bij beschikking van dit hof van 22 mei 2018 is de beschikking van 28 november 2017 vernietigd en is bepaald dat de Nederlandse rechter onbevoegd is om van het inleidende verzoek van de raad kennis te nemen. </para>
      <para />
    </paragroup>
    <paragroup>
      <nr>3.6</nr>
      <para>Bij beschikking van 21 december 2018 zijn de kinderen opnieuw voorlopig onder toezicht gesteld van de GI tot 21 maart 2018 en is een machtiging verleend tot uithuisplaatsing van de kinderen met ingang van 21 december 2018 voor de duur van drie weken onder aanhouding van de verzochte resterende termijn van in totaal drie maanden. Deze beschikking is gehandhaafd bij beschikking van 31 december 2018, waarbij de kinderen onder toezicht zijn gesteld van de GI met ingang van 31 december 2018 tot 31 december 2019 en een machtiging is verleend tot uithuisplaatsing van de kinderen in een pleeggezin met ingang van 31 december 2018 tot 21 maart 2019.</para>
      <para />
      <para />
    </paragroup>
  </section>
  <section>
    <title>
      <nr>4</nr>De omvang van het geschil</title>
    <para />
    <paragroup>
      <nr>4.1</nr>
      <para>Bij de bestreden beschikking is het verzoek van de GI tot verlenging van de machtiging tot uithuisplaatsing van de kinderen voor de duur van de ondertoezichtstelling, te weten tot 31 december 2019, afgewezen.</para>
      <para />
    </paragroup>
    <paragroup>
      <nr>4.2</nr>
      <para>De GI verzoekt, met vernietiging van de bestreden beschikking, haar inleidende verzoek alsnog toe te wijzen.  </para>
      <para />
    </paragroup>
    <paragroup>
      <nr>4.3</nr>
      <para>De moeder verzoekt de bestreden beschikking te bekrachtigen en subsidiair de uithuisplaatsing toe te wijzen voor een termijn gelijk aan de periode dat de kinderen kunnen verblijven in het gezinshuis waar zij thans verblijven.</para>
      <para />
      <para />
    </paragroup>
  </section>
  <section role="beslissing">
    <title>
      <nr>5</nr>De motivering van de beslissing</title>
    <para />
    <paragroup>
      <nr>5.1</nr>
      <para>Ingevolge artikel 1:265b, eerste lid, Burgerlijk Wetboek (BW) kan de kinderrechter de gecertificeerde instelling als bedoeld in artikel 1.1 van de Jeugdwet, die belast is met de uitvoering van de ondertoezichtstelling, op haar verzoek machtigen de minderjarige gedurende dag en nacht uit huis te plaatsen indien dit noodzakelijk is in het belang van de verzorging en opvoeding van de minderjarige of tot onderzoek van diens geestelijke of lichamelijke gesteldheid. Op verzoek van de gecertificeerde instelling kan de kinderrechter, krachtens artikel 1:265c, tweede lid, BW de duur hiervan telkens met ten hoogste een jaar verlengen.</para>
      <para />
    </paragroup>
    <paragroup>
      <nr>5.2</nr>
      <parablock>
        <para>De GI stelt dat de kinderrechter ten onrechte het verzoek tot verlenging van de machtiging tot uithuisplaatsing heeft afgewezen en voert daartoe onder meer het volgende aan. De kinderen zijn zeer beschadigd en verwaarloosd en hebben een ontwikkelingsachterstand op meerdere gebieden, waardoor zij ernstig in hun ontwikkeling worden bedreigd. De moeder heeft sinds kort, met hulp van haar (volwassen) dochter [X] , haar huishouden en financiën meer op orde en is tweemaal negatief getest op drugs bij urinecontroles. Dit betekent evenwel niet dat de moeder thans al in staat is een veilige opvoedsituatie te bieden. Er moet meer onderzoek worden gedaan naar de opvoedkwaliteiten van de moeder. De moeder bagatelliseert en ontkent de zorgen, heeft geen hulpvraag en ervaart geen problemen in de opvoeding. Verder ziet de GI nog altijd een risico in het mogelijk middelengebruik van de moeder en de omstandigheid dat de moeder de kinderen opnieuw meeneemt naar het buitenland. De kinderen hebben stabiliteit en structuur nodig zodat zij toe kunnen komen aan hun eigen ontwikkeling. Het is dan ook in het belang van hun verzorging en opvoeding dat de uithuisplaatsing wordt voortgezet voor de duur van de ondertoezichtstelling, aldus de GI. </para>
        <para>Ter zitting van het hof heeft de GI tot slot verklaard dat indien de uithuisplaatsing wordt verlengd zoals verzocht, de kinderen naar alle waarschijnlijkheid op termijn tezamen geplaatst worden in een islamitisch pleeggezin waar zij voor langere tijd kunnen blijven. </para>
      </parablock>
      <para />
    </paragroup>
    <paragroup>
      <nr>5.3</nr>
      <para>De moeder stelt dat de kinderrechter terecht het verzoek tot verlenging van de machtiging tot uithuisplaatsing heeft afgewezen en voert daartoe onder meer het volgende aan. De moeder heeft hard gewerkt aan de punten waarvan in de beschikking van 31 december 2018 werd gezegd dat verbetering moest komen, zoals de woning en schulden. Van een verslaving is nooit sprake geweest en de moeder is niet van plan de kinderen opnieuw mee te nemen naar Marokko. Tussen de moeder en de kinderen bestaat een liefdevolle band. De relatie tussen de moeder en de hulpverlening is weliswaar wisselvallig, maar de moeder heeft in het verleden laten zien wel open te staan voor hulpverlening. Bovendien ondersteunt [X] het gezin en trekt zij aan de bel als het niet goed zou gaan. Verder zijn de wisselingen van pleeggezin en school zeker niet in het belang van de kinderen. De kinderrechter heeft dan ook terecht overwogen dat de kinderen het beste bij de moeder terug geplaatst kunnen worden, aldus de moeder.</para>
      <para />
    </paragroup>
    <paragroup>
      <nr>5.4</nr>
      <para>De raad heeft het hof ter zitting in hoger beroep geadviseerd de bestreden beschikking te vernietigen en de machtiging tot uithuisplaatsing te verlengen, zoals verzocht door de GI. De kinderen hebben veel meegemaakt en er zijn serieuze zorgen over hen. Het risico dat het opnieuw niet goed zou gaan bij terugplaatsing is te groot. Eerst zal onderzocht moeten worden wat de mogelijkheden van de moeder zijn en wat zij nodig heeft om de kinderen weer zelfstandig te kunnen opvoeden. Verder zal de moeder voor langere tijd schone urinecontroles moeten laten zien (bijvoorbeeld via Jellinek). Daarbij dient de hulpverlening te werken aan het opbouwen van het vertrouwen van de moeder in hen en dient het doel terugplaatsing van de kinderen bij de moeder te blijven. Het is positief dat de moeder haar praktische zaken meer op orde heeft, maar zij zal daarnaast hulpverlening moeten accepteren om de kinderen weer te kunnen opvoeden, aldus de raad. </para>
      <para />
    </paragroup>
    <paragroup>
      <nr>5.5</nr>
      <parablock>
        <para>Het hof overweegt als volgt.</para>
        <para>Uit de stukken in het dossier en het verhandelde ter zitting in hoger beroep is gebleken dat er al lange tijd ernstige zorgen zijn over de opvoedkwaliteiten van de moeder. Sinds eind jaren ’90 is hulpverlening bij het gezin betrokken (hulpverlening was ook betrokken bij de inmiddels meerderjarige kinderen van de moeder). [kind A] , [kind B] en [kind C] zijn bij beschikking van 17 oktober 2013 voor het eerst onder toezicht gesteld van de GI. De moeder is met de kinderen eind 2013 naar Marokko gegaan alwaar zij tezamen verbleven bij grootmoeder (moederszijde). Vervolgens heeft de moeder met de kinderen gedurende langere periodes wisselend in Marokko dan wel in Nederland gewoond. In april 2017 is de moeder met de kinderen (weer) naar Nederland gekomen en is de GI opnieuw betrokken geraakt bij het gezin. De kinderen zijn begin juli 2017 onder toezicht zijn gesteld en uit huis zijn geplaatst. Op 25 juli 2017 zijn de kinderen weggelopen vanaf het vakantieadres van het crisispleeggezin en kort daarna zijn zij met de moeder naar Marokko vertrokken. Op 20 december 2018 heeft iemand uit het netwerk van de moeder vervolgens gemeld dat de moeder en de kinderen weer in Nederland waren. Vrijwel direct daarna heeft de raad een voorlopige ondertoezichtstelling en spoedmachtiging tot uithuisplaatsing verzocht, gelet op de voorgeschiedenis en de ernst van de zorgen in 2017. Nadat de kinderen in een crisispleeggezin zijn geplaatst is Spirit Spoedhulp ingezet met als doel zicht te krijgen op de moeder en de kinderen. Uit de betrokkenheid van Spirit Spoedhulp is gebleken dat er nog immer ernstige zorgen zijn over de kinderen. Zo voelt [kind A] zich erg verantwoordelijk voor haar broertje en zusje en laat zij acute fysieke reacties zien in de vorm van hoofdpijn, overgeven en flauwvallen als zij overvraagd wordt. [kind B] heeft moeite met het omgaan met huisregels en accepteren van grenzen en [kind C] heeft last van woedeaanvallen, vertoont agressief gedrag naar andere kinderen en kan de controle over haar gedrag verliezen als ze haar zin niet krijgt. Alle drie de kinderen hebben een verwaarloosd gebit, een leerachterstand en spreken niet tot nauwelijks Nederlands. Moeder ontkent of bagatelliseert voornoemde zorgen.</para>
        <para>Sinds de uithuisplaatsing laten de kinderen kleine positieve stappen zien in hun gedrag. Daarnaast volgen zij nu aangepast onderwijs en gaan zij met plezier naar school. De kinderen hebben verklaard veel van hun moeder te houden en zij geven aan dat zij het liefst zouden teruggaan naar haar. Dit is bevestigd door [kind A] en [kind B] in de gesprekken met de voorzitter. </para>
      </parablock>
      <para />
    </paragroup>
    <paragroup>
      <nr>5.6</nr>
      <parablock>
        <para>Gelet op de hiervoor vermelde omstandigheden, is het hof van oordeel dat de afgelopen periode, sinds het verlenen van de machtiging tot uithuisplaatsing in december 2018, te kort is om de ernstige zorgen die al geruime tijd spelen, weg te nemen. Hoewel de moeder positieve stappen heeft gezet ter verbetering van de praktische zaken, zoals het op orde krijgen van haar woning en het terugdringen van haar schulden, is er (nog) onvoldoende zicht op de opvoedkwaliteiten van de moeder. De vraag is of deze zodanig zijn dat de kinderen bij haar de zorg en opvoeding zullen krijgen die zij nodig hebben. Ook is de voor de kinderen noodzakelijke hulpverlening nog niet gestart. De kinderen lijken op dit moment echter wel tot rust te zijn gekomen in het gezinshuis en lijken vanuit daar voorzichtig positieve stappen te zetten. Het hof acht het dan ook in het belang van de kinderen om vanuit deze huidige rustige omgeving de voor de kinderen noodzakelijke hulpverlening op gang te brengen. Het hof heeft hierbij meegewogen dat de kinderen in het huidige gezinshuis kunnen blijven tot een andere stabiele plek voor hen is gevonden. Daarbij gaat het hof er vanuit dat wordt gekeken naar een plek waar de kinderen gezamenlijk voor langere tijd kunnen verblijven. Hoewel de moeder heeft toegezegd mee te zullen werken aan hulpverlening, is het hof er – gelet op het verleden en de houding van de moeder ten opzichte van de hulpverlening – niet van overtuigd dat de moeder dit ook daadwerkelijk zal doen. Het hof ziet dit als een risico voor de kinderen. Als de kinderen in het pleeggezin verblijven, kan de hulpverlening worden opgestart en kan de moeder laten zien wat zij kan en dat zij hulpverlening daadwerkelijk accepteert. Daarbij dient tevens gewerkt te worden aan het vertrouwen van de moeder in de hulpverlening. Het doel van deze hulpverlening dient uiteindelijk terugplaatsing van de kinderen bij de moeder te zijn. Het hof prijst tot slot de huidige ondersteuning van de moeder door [X] en haar getoonde bereidwilligheid om ook in de toekomst een ondersteunende rol op zich te nemen. Het hof acht het evenwel, gelet op de ernst van de problematiek, een te zware taak om ook (mede) de zorg voor de kinderen bij haar neer te leggen. </para>
        <para>Gelet op het voorgaande is het hof van oordeel dat een verlenging van de machtiging tot uithuisplaatsing van de kinderen voor de duur van de ondertoezichtstelling noodzakelijk is in het belang van de verzorging en opvoeding van de kinderen. Gezien het vorengaande ziet het hof geen aanleiding de duur van de uithuisplaatsing te beperken op de wijze als door de moeder (subsidiair) is verzocht. Het hof zal de bestreden beschikking derhalve vernietigen en het inleidende verzoek van de GI alsnog toewijzen.</para>
      </parablock>
      <para />
    </paragroup>
    <paragroup>
      <nr>5.7</nr>
      <para>Ten overvloede overweegt het hof dat, hoewel er geen aanwijzingen zijn dat de omgang zal worden stopgezet, de omgang tussen de moeder en de kinderen in stand dient te blijven zodat de moeder het liefdevolle contact met de kinderen kan behouden.  </para>
      <para />
    </paragroup>
    <paragroup>
      <nr>5.8</nr>
      <para>Dit leidt tot de volgende beslissing.</para>
      <para />
      <para />
      <para />
      <para />
      <para />
    </paragroup>
  </section>
  <section role="beslissing">
    <title>
      <nr>6</nr>De beslissing </title>
    <para />
    <parablock>
      <para>Het hof:</para>
    </parablock>
    <para />
    <para />
    <parablock>
      <para>vernietigt de beschikking waarvan beroep en opnieuw rechtdoende:</para>
    </parablock>
    <para />
    <parablock>
      <para>verlengt de machtiging tot uithuisplaatsing van [kind A] , [kind B] en [kind C] voor verblijf in een pleeggezin voor de duur van de ondertoezichtstelling, tot 31 december 2019;</para>
    </parablock>
    <para />
    <parablock>
      <para>verklaart deze beschikking uitvoerbaar bij voorraad;</para>
    </parablock>
    <para />
    <parablock>
      <para>wijst af het in hoger beroep meer of anders verzochte. </para>
    </parablock>
    <para />
    <para />
    <para />
    <parablock>
      <para>Deze beschikking is gegeven door mr. M.T. Hoogland, mr. M.J. Leijdekker en mr. R.G. Kemmers, in tegenwoordigheid van mr. J. van den Wildenberg als griffier, en is op 20 maart 2019 in het openbaar uitgesproken.</para>
    </parablock>
    <para />
    <parablock>
      <para>Het bovenstaande bevat de vastlegging van de motivering van de reeds op 20 maart 2019 uitgesproken beschikking en is op 2 april 2019 aldus vastgesteld.</para>
    </parablock>
  </section>
</uitspraak>
</open-rechtspraak>