<?xml version="1.0" encoding="utf-8"?>
<open-rechtspraak>
  <rdf:RDF xmlns:rdf="http://www.w3.org/1999/02/22-rdf-syntax-ns#" xmlns:ecli="https://e-justice.europa.eu/ecli" xmlns:tr="http://tuchtrecht.overheid.nl/" xmlns:eu="http://publications.europa.eu/celex/" xmlns:dcterms="http://purl.org/dc/terms/" xmlns:bwb="bwb-dl" xmlns:cvdr="http://decentrale.regelgeving.overheid.nl/cvdr/" xmlns:psi="http://psi.rechtspraak.nl/" xmlns:rdfs="http://www.w3.org/2000/01/rdf-schema#">
    <rdf:Description>
      <dcterms:identifier>ECLI:NL:GHDHA:2019:581</dcterms:identifier>
      <dcterms:format>text/xml</dcterms:format>
      <dcterms:accessRights>public</dcterms:accessRights>
      <dcterms:modified>2019-04-30T10:48:38</dcterms:modified>
      <dcterms:issued rdfs:label="Publicatiedatum">2019-03-20</dcterms:issued>
      <dcterms:publisher resourceIdentifier="http://rechtspraak.nl/">Raad voor de Rechtspraak</dcterms:publisher>
      <dcterms:language>nl</dcterms:language>
      <dcterms:creator rdfs:label="Instantie" resourceIdentifier="http://standaarden.overheid.nl/owms/terms/Gerechtshof_Den_Haag" scheme="overheid.RechterlijkeMacht">Gerechtshof Den Haag</dcterms:creator>
      <dcterms:date rdfs:label="Uitspraakdatum">2019-03-19</dcterms:date>
      <psi:zaaknummer rdfs:label="Zaaknr">BK-17/00615 tot en met BK-17/00617 einduitspraak</psi:zaaknummer>
      <dcterms:type rdf:language="nl" resourceIdentifier="http://psi.rechtspraak.nl/uitspraak">Uitspraak</dcterms:type>
      <psi:procedure rdf:language="nl" rdfs:label="Procedure" resourceIdentifier="http://psi.rechtspraak.nl/procedure#hogerBeroep">Hoger beroep</psi:procedure>
      <dcterms:coverage>NL</dcterms:coverage>
      <dcterms:spatial rdfs:label="Zittingsplaats">'s-Gravenhage</dcterms:spatial>
      <dcterms:subject rdfs:label="Rechtsgebied" resourceIdentifier="http://psi.rechtspraak.nl/rechtsgebied#bestuursrecht_belastingrecht">Bestuursrecht; Belastingrecht</dcterms:subject>
      <dcterms:relation rdfs:label="Formele relatie" ecli:resourceIdentifier="ECLI:NL:RBROT:2017:4184" psi:type="http://psi.rechtspraak.nl/hogerBeroep" psi:aanleg="http://psi.rechtspraak.nl/eerdereAanleg" psi:gevolg="http://psi.rechtspraak.nl/gevolg#(Gedeeltelijke) vernietiging en zelf afgedaan">Eerste aanleg: ECLI:NL:RBROT:2017:4184, (Gedeeltelijke) vernietiging en zelf afgedaan</dcterms:relation>
      <dcterms:hasVersion rdfs:label="Vindplaatsen" resourceIdentifier="http://psi.rechtspraak.nl/vindplaats">
        <rdf:list>
          <rdf:li>Rechtspraak.nl</rdf:li>
          <rdf:li>Viditax (FutD), 21-03-2019</rdf:li>
          <rdf:li>FutD 2019-0864</rdf:li>
          <rdf:li>V-N Vandaag 2019/702</rdf:li>
          <rdf:li>Belastingblad 2019/160 met annotatie van J.A. MONSMA</rdf:li>
        </rdf:list>
      </dcterms:hasVersion>
    </rdf:Description>
    <rdf:Description rdf:about="http://deeplink.rechtspraak.nl/uitspraak?id=ECLI:NL:GHDHA:2019:581">
      <dcterms:identifier>http://deeplink.rechtspraak.nl/uitspraak?id=ECLI:NL:GHDHA:2019:581</dcterms:identifier>
      <dcterms:format>text/html</dcterms:format>
      <dcterms:accessRights>public</dcterms:accessRights>
      <dcterms:modified>2019-03-21T10:06:19</dcterms:modified>
      <dcterms:issued rdfs:label="Publicatiedatum">2019-03-21</dcterms:issued>
      <dcterms:publisher resourceIdentifier="http://rechtspraak.nl/">Raad voor de Rechtspraak</dcterms:publisher>
      <dcterms:language>nl</dcterms:language>
      <dcterms:title rdf:language="nl">ECLI:NL:GHDHA:2019:581 Gerechtshof Den Haag , 19-03-2019 / BK-17/00615 tot en met BK-17/00617 einduitspraak</dcterms:title>
      <dcterms:abstract resourceIdentifier="../../rs:inhoudsindicatie" />
    </rdf:Description>
  </rdf:RDF>
  <inhoudsindicatie id="ECLI:NL:GHDHA:2019:581:INH" lang="nl" xml:space="preserve" xmlns="http://www.rechtspraak.nl/schema/rechtspraak-1.0" xmlns:xsd="http://www.w3.org/2001/XMLSchema" xmlns:xsi="http://www.w3.org/2001/XMLSchema-instance">
      <parablock>
        <para>In geschil is of belanghebbende ter zake van het hebben van gastransportbuizen in de gemeentegrond van de gemeente Rotterdam voor de jaren 2012, 2013 en 2014 precariobelasting verschuldigd is. Het Hof beantwoordt deze vraag bevestigend. Voor dit oordeel is een in 1997 door de gemeente Rotterdam en belanghebbende gesloten vaststellingsovereenkomst doorslaggevend.</para>
        <para>De tussenuitspraak is van 5 juni 2018, nrs. BK-17/00615 tot en met BK-17/00617 ECLI:NL:GHDHA:2018:3901.</para>
      </parablock>
    </inhoudsindicatie>
  <uitspraak id="ECLI:NL:GHDHA:2019:581:DOC" lang="nl" xml:space="preserve" xmlns="http://www.rechtspraak.nl/schema/rechtspraak-1.0" xmlns:xsd="http://www.w3.org/2001/XMLSchema" xmlns:xsi="http://www.w3.org/2001/XMLSchema-instance" xmlns:xlink="http://www.w3.org/1999/xlink">
  <uitspraak.info>
    <bridgehead role="bold">GERECHTSHOF DEN HAAG</bridgehead>
    <para />
    <parablock>
      <para>Team Belastingrecht</para>
      <para>meervoudige kamer</para>
      <para>nummers BK-17/00615 tot en met BK-17/00617</para>
    </parablock>
    <para />
    <para />
    <bridgehead role="bold">Uitspraak van 19 maart 2019</bridgehead>
    <para />
    <parablock>
      <para>in het geding tussen:</para>
    </parablock>
    <para />
    <bridgehead role="bold">
      [X] te [Z] , belanghebbende,</bridgehead>
    <para>(gemachtigden: W.J. Bosma en R.T. Wiegerink)</para>
    <para />
    <parablock>
      <para>en</para>
    </parablock>
    <para />
    <bridgehead role="bold">de heffingsambtenaar van de gemeente Rotterdam, de heffingsambtenaar,</bridgehead>
    <para>(vertegenwoordigers: P. van den Berg, B.F.W.J.M. van Boxtel, B.J. Klein )</para>
    <para />
    <parablock>
      <para>op het hoger beroep van de heffingsambtenaar tegen de uitspraak van de rechtbank</para>
      <para>Rotterdam (hierna: de Rechtbank) van 24 mei 2017, nummers ROT 16/828, ROT 16/830 en ROT 16/832, betreffende de onder 1.1. vermelde belastingaanslagen.</para>
    </parablock>
    <para />
    <para />
  </uitspraak.info>
  <section role="procesverloop">
    <title>Procesverloop</title>
    <para />
    <paragroup>
      <nr>1.1.</nr>
      <para>De heffingsambtenaar heeft aan belanghebbende de volgende belastingaanslagen in de precariobelasting van de gemeente Rotterdam opgelegd:</para>
      <para>- met dagtekening 16 maart 2012 een voorlopige aanslag voor het belastingjaar 2012 tot een bedrag van € 1.095.300. Deze voorlopige aanslag is bij beschikking van 30 november 2014 verminderd tot € 758.731,70;</para>
      <para>- met dagtekening 30 november 2014 een definitieve aanslag voor het belastingjaar 2012. Het bedrag van de aanslag vóór verrekening van de voorlopige aanslag voor 2012 is € 758.731,70. Dit bedrag is gespecificeerd in een tot de aanslag behorende bijlage. Na verrekening van de voorlopige aanslag voor 2012 bedraagt de aanslag nihil; </para>
      <para>- met dagtekening 30 november 2014 een voorlopige aanslag voor het belastingjaar 2013 tot een bedrag van € 767,055,80;</para>
      <para>- met dagtekening 30 november 2014 een voorlopige aanslag voor het belastingjaar 2014 tot een bedrag van € 787.291,30;</para>
      <para>- met dagtekening 31 december 2015 een definitieve aanslag voor het belastingjaar 2013 tot een bedrag van € 765.628,60. Dit bedrag is gespecificeerd in een tot de aanslag behorende bijlage. Na verrekening van de voorlopige aanslag voor 2013, zoals deze luidt na de vermindering bij de uitspraak op bezwaar (zie onder 1.3), bedraagt de aanslag nihil;</para>
      <para>- met dagtekening 31 december 2015 een definitieve aanslag voor het belastingjaar 2014 tot een bedrag van € 785.994,40. Dit bedrag is gespecificeerd in een tot de aanslag behorende bijlage. Na verrekening van de voorlopige aanslag voor 2013, zoals deze luidt na de vermindering bij de uitspraak op bezwaar (zie onder 1.3), bedraagt de aanslag nihil.</para>
      <para />
    </paragroup>
    <paragroup>
      <nr>1.2.</nr>
      <para>Bij brief van 8 januari 2015 heeft belanghebbende bezwaar gemaakt tegen de definitieve aanslag voor het jaar 2012 en de voorlopige aanslagen voor de jaren 2013 en 2014. </para>
      <para />
    </paragroup>
    <paragroup>
      <nr>1.3.</nr>
      <para>Bij uitspraken van 22 december 2015 heeft de heffingsambtenaar de bezwaren gegrond verklaard en:</para>
      <para>- de definitieve aanslag voor 2012 verminderd met € 39.540,70 tot € 719.191,00;</para>
      <para>- de voorlopige aanslag voor 2013 verminderd met € 1.427,26 tot € 765.628,60;</para>
      <para>- de voorlopige aanslag voor 2014 verminderd met € 1.346,90 tot € 785.944,40.</para>
      <para />
    </paragroup>
    <paragroup>
      <nr>1.4.</nr>
      <para>Belanghebbende heeft tegen de uitspraken op bezwaar beroep ingesteld. De Rechtbank heeft bij haar hierboven vermelde uitspraak:</para>
      <para>- de beroepen gegrond verklaard,</para>
      <para>- de uitspraken op bezwaar vernietigd,</para>
      <para>- de voorlopige aanslagen voor de jaren 2013 en 2014 vernietigd, </para>
      <para>- de aanslagen voor de jaren 2012, 2013 en 2014 herroepen,</para>
      <para>- bepaald dat de heffingsambtenaar de betreffende aanslagen precariobelasting enkel oplegt voor gasleidingen die uitsluitend dienen voor de levering van gas aan industriële gebruikers naar het tarief van artikel 5 lid 9, onderdeel b, van de Verordeningen,</para>
      <para>- bepaald dat deze uitspraak in de plaats treedt van de vernietigde uitspraken op bezwaar,</para>
      <para>- bepaald dat de heffingsambtenaar aan belanghebbende het in de zaak ROT 18/828 betaalde griffierecht van € 334 vergoedt en</para>
      <para>- de heffingsambtenaar veroordeeld in proceskosten van belanghebbende tot een bedrag van € 2.225,25 voor de drie zaken tezamen. </para>
      <para />
    </paragroup>
    <paragroup>
      <nr>1.5.</nr>
      <para>De heffingsambtenaar heeft tegen de uitspraak van de rechtbank hoger beroep ingesteld. Belanghebbende heeft een verweerschrift ingediend en incidenteel hoger beroep tegen de uitspraak van de rechtbank ingesteld. De heffingsambtenaar heeft het incidenteel hoger beroep beantwoord. Belanghebbende en de heffingsambtenaar hebben nadere stukken ingediend.</para>
      <para />
    </paragroup>
    <paragroup>
      <nr>1.6.</nr>
      <para>Het onderzoek ter zitting heeft plaatsgevonden op 24 april 2018. Partijen zijn verschenen. Van het verhandelde ter zitting is een proces-verbaal opgemaakt.</para>
      <para />
    </paragroup>
    <paragroup>
      <nr>1.7.</nr>
      <para>Het Hof heeft het onderzoek bij tussenuitspraak van 5 juni 2018 heropend en partijen verzocht:</para>
      <para>- in goed overleg te inventariseren met betrekking tot welke door de heffingsambtenaar in de heffing betrokken leidingen zij van mening verschillen over het antwoord op de vraag of deze leidingen dienen of mede dienen voor levering van gas aan industriële verbruikers,</para>
      <para>- naar aanleiding van deze inventarisatie te bezien of zij overeenstemming kunnen bereiken over het al dan niet in de heffing betrekken van de geïnventariseerde leidingen,</para>
      <para>- het Hof binnen zes weken na de dag van verzending van deze tussenuitspraak in een gezamenlijke brief te informeren over de uitkomst van hun overleg,</para>
      <para>- indien partijen ook na het overleg met betrekking tot één of meer van de in dat overleg geïnventariseerde leidingen van mening blijven verschillen over het antwoord op de vraag of de desbetreffende leiding(en) dienen of mede dienen voor levering van gas aan industriële verbruikers, in de gezamenlijke brief te specificeren om welke leiding(en) het gaat, met vermelding van het aantal meters en het volgens de Verordeningen toepasselijke tarief.</para>
      <para />
    </paragroup>
    <paragroup>
      <nr>1.8.</nr>
      <para>De door het Hof gevraagde in goed overleg opgestelde, gezamenlijke inventarisatie van de leidingen met betrekking waartoe partijen van mening verschillen of deze uitsluitend of mede dienen voor leveranties van gas aan industriële verbruikers is uitgebleven. In plaats daarvan heeft iedere partij een eigen inventarisatie opgesteld en ingediend. De beide inventarisaties zijn in afschrift aan de wederpartij gezonden. Ook aan de andere verzoeken van het Hof is niet voldaan. </para>
      <para />
    </paragroup>
    <paragroup>
      <nr>1.9.</nr>
      <para>Het tweede onderzoek ter zitting heeft plaatsgevonden op 5 februari 2019. Partijen zijn verschenen. Van het verhandelde ter zitting is een proces-verbaal opgemaakt.</para>
      <para />
    </paragroup>
  </section>
  <section>
    <title>Vaststaande feiten</title>
    <para />
    <paragroup>
      <nr>2.1.</nr>
      <para>Belanghebbende is eigenaar van het gastransportnet in Nederland en is verantwoordelijk voor het hebben, onderhouden en ontwikkelen van dat net.</para>
      <para />
    </paragroup>
    <paragroup>
      <nr>2.2.</nr>
      <para>Het gastransportnet bestaat uit een landelijk hogedruknet (65 bar) van ca. 3.500 km. Het hogedruknet wordt gevoed door gasputten op het land en in zee. Via het hogedruknet wordt ook gas geëxporteerd en geïmporteerd. Op het hogedruknet zijn regionale netwerken (40 bar) aangesloten met een lengte van ca. 8.000 km. Vanuit deze regionale netwerken wordt gas geleverd aan grote industriële afnemers en regionale netbeheerders. De regionale netbeheerders krijgen het gas geleverd op een druk van maximaal 8 bar voor het distributienet. De regionale netbeheerders verzorgen via het distributienet/het lagedruknet van gasbuizen met 1 tot maximaal 8 bar het transport en het leveren van gas aan eindgebruikers (woningen en gebouwen).</para>
      <para />
    </paragroup>
    <paragroup>
      <nr>2.3.</nr>
      <parablock>
        <para>Op 8 december 1969 hebben N.V. [X] ( [X] ) en Burgemeester en Wethouders van de gemeente Rotterdam (B en W) de overeenkomst ter zake van de levering en afname van gas gesloten (hierna: de Overeenkomst). </para>
        <para>Artikel 6 van de Overeenkomst luidt, voor zover hier van belang:</para>
      </parablock>
      <para />
    </paragroup>
  </section>
  <section>
    <title>“Leidingrechten</title>
    <para>1. Het door Afnemer (Hof: de gemeente) ingevolge deze overeenkomst af te nemen gas zal slechts worden gedistribueerd binnen het grondgebied van een gemeente, indien het bestuur van deze gemeente aan [X] een vergunning heeft verleend als vervat in bijlage III. Deze vergunning heeft betrekking op alle gastransportleidingen met toebehoren, voor zover deze in eigendom of gebruik bij [X] zijn of zullen zijn en dienen voor de levering van gas aan Afnemer, aan afnemers van gas buiten het voorzieningsgebied van Afnemer, alsmede voor rechtstreekse leveringen door [X] als bedoeld in artikel 3, lid 1.</para>
    <para>(…)</para>
    <para>3. Ingeval Afnemer zelf de gemeente is binnen welker gebied van [X] afgenomen gas wordt gedistribueerd, zal hij met betrekking tot de in lid 1 bedoelde gastransportleidingen met toebehoren geen heffingen, belastingen, retributies, recognities, legesgelden of andere vergoedingen aan [X] in rekening brengen. Hiervan kan door Afnemer worden afgeweken voor leidingen, welke uitsluitend dienen voor de levering door [X] aan industriële verbruikers, met dien verstande, dat Afnemer geen hoger bedrag in rekening zal brengen dan overeenkomt met hetgeen in het licht van de landelijk toegepaste normen als redelijk moet worden aanvaard.”</para>
    <para />
    <paragroup>
      <nr>2.4.</nr>
      <parablock>
        <para>Op 8 december 1969 heeft het college van B en W een “Vergunning voor het leggen enz. van gasleidingen” verleend  (de Vergunning). De Vergunning luidt, voor zover hier van belang:</para>
        <para>“Het college van Burgemeester en wethouders der gemeente Rotterdam (…), beschikkende op het verzoek van de N.V. [X] te [Z] van 19 maart 1968 (…) om vergunning tot het leggen, hebben, onderhouden, vervangen of verwijderen van leidingen voor gastransporten met bijbehorende werken in de gemeente Rotterdam (…)</para>
      </parablock>
    </paragroup>
  </section>
  <section>
    <title>Besluit</title>
    <parablock>
      <para>behoudens rechten van derden aan de N.V. [X] te [Z] , hierna genoemd vergunninghouder, vergunning te verlenen voor het gebruik maken van eigendommen, toebehorende aan de gemeente dan wel van eigendommen van anderen, welke een openbare bestemming hebben en waarvoor het gemeentebestuur op grond van enig publiekrechtelijk voorschrift gelijke vergunning dient te verlenen, zulks voor het leggen, in eigendom hebben, onderhouden, verleggen, vervangen of verwijderen van gasleidingen met bijbehorende werken, onder navolgende voorwaarden.</para>
      <para>Onder vergunning wordt hierbij, alsmede in de navolgende voorwaarden, begrepen ontheffing van verbodsbepalingen en toestemming in de zin van het burgerlijk recht.”</para>
    </parablock>
    <para />
    <paragroup>
      <nr>2.5.</nr>
      <parablock>
        <para>In het 13e aanhangsel bij de Overeenkomst is bepaald dat in de Overeenkomst met ingang van 1 januari 1994 ‘de gemeente Rotterdam’ wordt vervangen door ‘N.V.GEB Rotterdam’. Naar aanleiding daarvan hebben burgemeester en wethouders van Rotterdam een schriftelijke verklaring (de Verklaring) opgesteld. De tekst daarvan luidt, voor zover hier van belang:</para>
        <para>“Burgemeester en wethouders van Rotterdam (…) [verklaren] tegenover N.V. [X] (hierna te noemen “ [X] ”) </para>
      </parablock>
      <para>a. akkoord te gaan met rechtstreekse leveringen door [X] , als bedoeld in artikel 3, lid 1 van de tussen N.V. GEB Rotterdam en [X] te sluiten casu quo gesloten “Overeenkomst voor levering en afname van gas”;</para>
      <para>b. vergunning te verlenen overeenkomstig het bepaalde in artikel 6, lid 1 van de sub a bedoelde overeenkomst;</para>
      <para>c. zich met ingang van 11 november 1992 te verbinden overeenkomstig het bepaalde in artikel 6, leden 2 en 3 van de sub a bedoelde overeenkomst.</para>
      <parablock>
        <para>	Rotterdam, [datum niet ingevuld]</para>
        <para>	-------------------------------------------------------------------------------------------------------</para>
        <para>	De burgemeester						De secretaris</para>
        <para>	[w.g. onleesbaar]						[w.g. onleesbaar]</para>
        <para>	-------------------------------------------------------------------------------------------------------</para>
        <para>	Blijkens haar medeondertekening aanvaardt [X] bovengenoemde verklaring</para>
        <para>	[Z] , 8 AUG. 1996 (…)</para>
        <para>	N.V. [X] [w.g. onleesbaar]”</para>
      </parablock>
      <para />
    </paragroup>
    <paragroup>
      <nr>2.6.</nr>
      <para>Op 16 januari 1997 zijn de [X] en de Dienst Gemeentelijke Belastingen Rotterdam het volgende overeengekomen</para>
      <para />
      <parablock>
        <para>“<emphasis role="bold">Afspraken tussen de Dienst Gemeentelijke Belastingen Rotterdam en N.V. [X] gevestigd te [Z] . </emphasis></para>
        <para>Ingevolge de "Overeenkomst voor levering en afname van gas'' van 1969 (hierna te noemen de overeenkomst), zoals overeengekomen tussen N.V. [X] en de gemeente Rotterdam kunnen van N.V. [X] géén precariorechten worden geheven voor het hebben van:</para>
      </parablock>
      <para>- gastransportleidingen met toebehoren, in eigendom of gebruik bij de [X] , welke dienen voor levering van gas aan de gemeente Rotterdam, met uitzondering van gastransportleidingen welke dienen voor levering van gas aan industriële verbruikers, en</para>
      <para>- gastransportleidingen met toebehoren, in eigendom of gebruik bij de [X] , welke dienen voor levering van gas aan anderen dan de gemeente Rotterdam buiten het voorzieningsgebied van de gemeente Rotterdam, met uitzondering van gastransportleidingen welke dienen voor levering van gas aan industriële verbruikers.</para>
      <para />
      <parablock>
        <para>
          <emphasis role="italic">Op grond van het bovenstaande zijn de Dienst Gemeentelijke Belastingen Rotterdam en N.V. [X] het volgende overeengekomen</emphasis>
        </para>
      </parablock>
      <para />
      <parablock>
        <para>la.	Onder "toebehoren" bij gastransportleidingen, zoals bedoeld in artikel 6, lid 3 van de overeenkomst, wordt verstaan niet omheinde ondergrondse locaties, behorende bij gastransportleidingen, in eigendom of gebruik bij N.V. [X] .</para>
        <para>Hierover worden geen precariorechten geheven.</para>
        <para>1b.	Omheinde locaties van de N.V. [X] worden niet als "toebehoren" bij gastransportleidingen, zoals bedoeld in artikel 6, lid 3 van de overeenkomst, aangemerkt. Hierover kunnen wel precariorechten worden geheven.</para>
        <para>1c.	M.b.t. de aanslag reclamebelasting, retributies en precariorechten 1994 wordt onder “toebehoren” bij gastransportleidingen. zoals bedoeld in artikel 6, lid 3 van de overeenkomst (rechtbank: “Overeenkomst voor levering en afname van gas”), verstaan alle posten op de specificatiebladen 1 en 2 die door N.V. [X] zijn voorzien van de letter “0”.</para>
        <para>Hierover worden geen precariorechten geheven.</para>
        <para>Dit betekent in concreto vermindering van de posten: 5 t/m 12, 14, 17 t/m 23, 25 t/m 40, 42 t/m 51, 59 t/m 66, 71 en 72 [ “en 72”is met de pen doorgehaald] </para>
        <para>Totaal bedrag vermindering specificatiebladen 1 en 2: fl. 20.201,65 [dit getal is met de pen doorgehaald] 19.330,45 [dit getal is met de pen toegevoegd]</para>
      </parablock>
      <para>2. Over gastransportleidingen, in eigendom of gebruik bij de [X] , welke dienen voor levering van gas aan industriële verbruikers kunnen wel precariorechten worden geheven. De posten op specificatiebladen 3, 4 en 5 behorende bij de aanslag reclamebelasting, retributies en precariorechten 1994 worden verminderd zoals eerder aangegeven door de Dienst Gemeentelijke Belastingen Rotterdam, omdat deze gastransportleidingen niet dienen voor levering van gas aan industriële verbruikers.</para>
      <parablock>
        <para>Dit betekent in concreto vermindering van de posten: 88, 93 t/m 95, 97 t/m 101, 103, 104, 111 t/m 114, 124 t/m 126, 136, 136, 140 t/m 143, 148 t/m 151, 170, 171 en 173 t/m 176.</para>
        <para>Totaal bedrag vermindering specificatiebladen 3, 4 en 5: fl. 586.569,15.</para>
      </parablock>
      <para>3. De posten 183 t/m 186 zoals genoemd op specificatieblad 6 behorende bij de aanslag reclamebelasting, retributies en precariorechten 1994 worden verminderd zoals eerder aangegeven door de Dienst Gemeentelijke Belastingen Rotterdam.</para>
      <parablock>
        <para>Totaal bedrag vermindering specificatieblad 6: fl. 343.20.</para>
        <para>(…)</para>
        <para>5a.	De overeengekomen omvang van het belastbare feit over het jaar 1994, zoals genoemd in de specificatiebladen 1 t/m 6 behorende bij de aanslag reclamebelasting, retributies en precariorechten 1994 met inachtneming van de vermindering van de posten zoals genoemd bij bovenstaande punten 1c, 2 eh 3, zal als basis dienen voor de omvang van hst belastbare feit over de jaren 1985 t/m 1993.</para>
        <para>5b.	(…)</para>
        <para>5c.	De overeengekomen omvang van het belastbare feit over het jaar 1994 zoals genoemd in de specificatiebladen 1 t/m 6 behorende bij de aanslag reclamebetasting, retributies en precariorechten 1994 met in achtneming van de verminderingen van de posten zoals genoemd bij bovenstaande punten 1c, 2 en 3, zal ook als basis dienen voor de omvang van het belastbare feit over de jaren 1995, 1996 en in de verdere toekomst.</para>
        <para>Nieuw te belasten voorwerpen zullen overeenkomstig bovenstaande afspraken al dan niet in de belastingheffing kunnen worden betrokken.</para>
      </parablock>
      <para>6.	(…) </para>
      <parablock>
        <para>De afspraken gelden voor onbepaalde tijd, tenzij de van toepassing zijnde gemeentelijke belastingverordeningen ingrijpende wijzigingen ondergaan, nieuwe jurisprudentie leidt tot andere of nieuwe inzichten of evengenoemde afspraken opzij worden gezet door nieuwe afspraken.</para>
        <para>Aldus overeengekomen op 16 januari 1997 te Rotterdam en in tweevoud opgemaakt.</para>
      </parablock>
      <para />
      <parablock>
        <para>Voor accoord</para>
        <para>Namens N.V. [X]		Namens de Dienst Gemeentelijke</para>
        <para>[w.g. Mr. [A] ]				Belastingen Rotterdam</para>
        <para>[w.g. [B] ]”</para>
      </parablock>
      <para />
    </paragroup>
  </section>
  <section>
    <title>De Verordeningen</title>
    <para />
    <paragroup>
      <nr>3.1.</nr>
      <para>Op grond van artikel 2, eerste lid, van de Verordening precario- en reclamebelasting 2012, de Verordening precariobelasting en rechten 2013 en de Verordening precariobelasting en rechten 2014 (hierna tezamen: de Verordeningen) wordt onder de naam precariobelasting een directe belasting geheven ter zake van het hebben van voorwerpen onder, op of boven voor de openbare dienst bestemde gemeentegrond.</para>
      <para />
    </paragroup>
    <paragroup>
      <nr>3.2.</nr>
      <para>Op grond van artikel 3, eerste lid, van de Verordeningen is belastingplichtig voor de precariobelasting het lichaam dat of de ondernemer die een of meer voorwerpen heeft onder, op of boven voor de openbare dienst bestemde gemeentegrond, dan wel degene ten behoeve van wie een of meer voorwerpen onder, op of boven voor de openbare dienst bestemde gemeentegrond worden aangetroffen.</para>
      <para />
    </paragroup>
    <paragroup>
      <nr>3.3.</nr>
      <para>Op grond van artikel 3, tweede lid, van de Verordeningen wordt, in afwijking van het bepaalde in het eerste lid, indien de gemeente een vergunning heeft verleend voor het hebben van een of meer voorwerpen onder, op of boven voor de openbare dienst bestemde gemeentegrond, degene aan wie de vergunning is verleend of diens rechtsopvolger aangemerkt als degene bedoeld in het eerste lid, tenzij blijkt dat hij niet het voorwerp of de voorwerpen onder, op of boven voor de openbare dienst bestemde gemeentegrond heeft.</para>
      <para />
    </paragroup>
    <paragroup>
      <nr>3.4.</nr>
      <parablock>
        <para>Op grond van artikel 5, negende lid van de Verordening precario- en reclamebelasting 2012, is het tarief van de precariobelasting, voor zover hier van belang: </para>
        <para>“b. voor gasbuizen met een werkdruk van niet meer dan 10 bar, waterleidingen en stadsverwarmingsbuizen: € 1,20 per strekkende meter;</para>
        <para>c. voor buizen en leidingen, andere dan die bedoeld in sub b: € 6,00 per strekkende meter.”</para>
      </parablock>
      <para />
    </paragroup>
    <paragroup>
      <nr>3.5.</nr>
      <parablock>
        <para>Op grond van artikel 5, negende lid van de Verordening precario- en reclamebelasting 2013, is het tarief van de precariobelasting, voor zover hier van belang: </para>
        <para>“b. voor gasbuizen met een werkdruk van niet meer dan 10 bar, waterleidingen en stadsverwarmingsbuizen: € 1,20 per strekkende meter;</para>
        <para>c. voor buizen en leidingen, andere dan die bedoeld in sub b: € 6,10 per strekkende meter.”</para>
      </parablock>
      <para />
    </paragroup>
    <paragroup>
      <nr>3.6.</nr>
      <parablock>
        <para>Op grond van artikel 5, negende lid van de Verordening precario- en reclamebelasting 2014is het tarief van de precariobelasting, voor zover hier van belang: </para>
        <para>“b. voor gasbuizen met een werkdruk van niet meer dan 10 bar, waterleidingen en stadsverwarmingsbuizen: € 1,30 per strekkende meter;</para>
        <para>c. voor buizen en leidingen, andere dan die bedoeld in sub b: € 6,30 per strekkende meter.”</para>
      </parablock>
      <para />
    </paragroup>
  </section>
  <section>
    <title>Geschil in hoger beroep</title>
    <para />
    <paragroup>
      <nr>4.1.</nr>
      <para>In geschil is of de heffingsambtenaar over de onderhavige jaren van belanghebbende terecht precariobelasting heeft geheven, welke vraag belanghebbende ontkennend en de heffingsambtenaar bevestigend beantwoordt.</para>
      <para />
    </paragroup>
    <paragroup>
      <nr>4.2.</nr>
      <parablock>
        <para>In het bijzonder is in geschil:</para>
        <para>1e. of de heffingsambtenaar ter zake van alle gastransportleidingen van belanghebbende, met inbegrip van de nog door belanghebbende aan te leggen leidingen, onder, op of boven voor de openbare dienst bestemde gemeentegrond, heffing van precariobelasting achterwege dient te laten omdat de gemeente het hebben van deze leidingen als eigenaar van de grond dient te gedogen; </para>
        <para>2e. bij ontkennende beantwoording van de eerste vraag: of de heffingsambtenaar de heffing van precariobelasting dient te beperken tot gastransportleidingen die uitsluitend dienen voor de levering van gas aan industriële verbruikers;</para>
        <para>3e. bij ontkennende beantwoording van de eerste en de tweede vraag: welke van de in de belastingaanslagen voor de jaren 2012, 2013 en 2014 in de heffing van precariobelasting betrokken gastransportleidingen uitsluitend of mede dienen voor de levering van gas aan industriële verbruikers; </para>
        <para>4e. of de in de Verordening opgenomen tarieven van de precariobelasting ter zake van het hebben van gastransportleidingen onder, op of boven voor de openbare dienst bestemde gemeentegrond in strijd zijn met het gelijkheidsbeginsel en leiden tot een willekeurige en onredelijke belastingheffing die de wetgever bij het toekennen aan de gemeente van de bevoegdheid om precariobelasting te heffen, niet op het oog kan hebben gehad.</para>
      </parablock>
      <para />
      <para />
    </paragroup>
  </section>
  <section>
    <title>Standpunten en conclusies van partijen</title>
    <para />
    <paragroup>
      <nr>5.1.</nr>
      <para>Voor de standpunten van partijen en de gronden waarop zij deze doen steunen, verwijst het Hof naar de gedingstukken.</para>
      <para />
    </paragroup>
    <paragroup>
      <nr>5.2.</nr>
      <para>Belanghebbende concludeert in het hoger beroep van de heffingsambtenaar tot bevestiging van de uitspraak van de Rechtbank en in het incidenteel hoger beroep tot vernietiging van de uitspraak van de rechtbank, de uitspraken op bezwaar en de aanslagen.</para>
      <para />
    </paragroup>
    <paragroup>
      <nr>5.3.</nr>
      <para>De heffingsambtenaar concludeert tot vernietiging van de uitspraak van de rechtbank en bevestiging van de uitspraken op bezwaar/ongegrondverklaring van het beroep.</para>
      <para />
      <para />
    </paragroup>
  </section>
  <section>
    <title>Oordeel van de Rechtbank</title>
    <para />
    <parablock>
      <para>6.	De Rechtbank heeft overwogen:</para>
    </parablock>
    <para />
    <parablock>
      <para>“4.2	Op grond van vaste jurisprudentie, waaronder het door belanghebbende genoemde arrest van de Hoge Raad van 14 september 2007, ECLI:NL:HR:2007:BB3437, kan geen precariobelasting worden geheven indien de gemeente verplicht is het hebben van voorwerpen door degene, die de voorwerpen heeft, te gedogen.</para>
      <para>In het arrest van 24 juni 2016, ECLI:NL:HR:2016:1267 heeft de Hoge Raad onder verwijzing naar oudere jurisprudentie gewezen op het onderscheid tussen publiekrechtelijk toelaten en privaatrechtelijk gedogen. Van een contractuele gedoogplicht die aan de heffing van precariobelasting in de weg staat, is slechts sprake indien een gemeente op grond van een overeenkomst als eigenaar van de grond moet gedogen dat de wederpartij voorwerpen op, onder of boven de voor de openbare dienst bestemde gemeentegrond heeft (laatste volzin van rechtsoverweging 2.5.4).</para>
    </parablock>
    <para />
    <paragroup>
      <nr>4.3</nr>
      <parablock>
        <para>In artikel 6, eerste lid, van de overeenkomst van 8 december 1969 is bepaald dat het door Afnemer ingevolge deze overeenkomst af te nemen gas slechts zal worden gedistribueerd binnen het grondgebied van een gemeente, indien het bestuur van deze gemeente aan [X] een vergunning heeft verleend. In deze overeenkomst staat niet dat de gemeente voorwerpen moet gedogen op, onder of boven de voor de openbare dienst bestemde gemeentegrond.</para>
        <para>Het college van burgemeester en wethouders van de gemeente Rotterdam heeft op 8 december 1969 eveneens besloten om [X] een vergunning te verlenen voor het gebruik maken van eigendommen, toebehorende aan de gemeente, voor het leggen, in eigendom hebben, onderhouden, verleggen, vervangen of verwijderen van gasleidingen met bijbehorende werken onder de aldaar omschreven voorwaarden. Dit kan naar het oordeel van de rechtbank niet anders worden gezien dan als een publiekrechtelijke vergunning, waarmee de gemeente Rotterdam de bevoegdheid heeft (gehouden) om precario te heffen. Dit blijkt ook uit artikel 6, derde lid, van de overeenkomst van 8 december 1969 waarin partijen hebben voorzien in de mogelijkheid dat, kort gezegd, de heffingsambtenaar precario kan heffen voor leidingen, welke uitsluitend dienen voor de levering door [X] aan industriële gebruikers, en uit het feit dat de heffingsambtenaar [X] jaarlijks heeft aangeslagen voor precariobelastingen, die [X] (in ieder geval grotendeels en in ieder geval tot 2012) heeft betaald.</para>
        <para>Gezien al het voorgaande kan uit het enkele feit dat in de vergunning staat <emphasis role="italic">“Onder vergunning wordt hierbij, alsmede in de navolgende voorwaarden, begrepen ontheffing van verbodsbepalingen en toestemming in de zin van burgerlijk recht”</emphasis> niet worden afgeleid dat de vergunning van 8 december 1969 moet worden uitgelegd als een overeenkomst zoals bedoeld in de laatste volzin uit rechtsoverweging 2.5.4 van het arrest van de Hoge Raad van 24 juni 2016, zoals belanghebbende betoogt. Er is dan ook geen sprake van privaatrechtelijk gedogen.</para>
      </parablock>
      <para />
      <parablock>
        <para>5.	Belanghebbende voert verder aan dat enkel precariobelasting kan worden geheven over gasleidingen die uitsluitend dienen voor de levering van gas aan industriële gebruikers.</para>
      </parablock>
      <para />
      <parablock>
        <para>(…)</para>
      </parablock>
      <para />
    </paragroup>
    <paragroup>
      <nr>5.2</nr>
      <parablock>
        <para>Belanghebbende heeft de aanslagen gemotiveerd met een onderbouwd en concludent betoog bestreden. Zij heeft verwezen naar de overeenkomst van 16 januari 1997. Daarin wordt verwezen naar specificatiebladen 1 t/m 6, de brief van de heffingsambtenaar aan [X] van 8 augustus 1996, de “Opmerkingen naar aanleiding bezwaarschriften [X] Belastingjaar 1994”, het e-mailbericht van 9 december 2013 van de heffingsambtenaar aan [X] , de “Specificatie bij de aanslag (...) precariorechten 1994” en de “Specificatie bij de aanslag (...) precariorechten 1995”. Deze stukken sluiten, ook wat betreft de daarin genoemde nummers van leidingen, kwalificaties (O en B en A t/m G) en bedragen, op elkaar aan.</para>
        <para>Zo wordt onder punt 2 van de overeenkomst van 16 januari 1997 post 93 genoemd als post waarover geen precario kan worden geheven, omdat deze leiding niet dient voor de levering van gas aan industriële gebruikers. In de “Opmerkingen naar aanleiding bezwaarschriften [X] Belastingjaar 1994” wordt post 93 genoemd als “groep C”. Groep C betreft “andere niet industriële afnemers”. De aanslag wordt met een bedrag van € 1.408,- verminderd.</para>
        <para>Dit komt vervolgens weer overeen met de specificatie van 1994 waarin post 93 “ [C] nabij [D] ” staat vermeld voor een bedrag van € 1.408,-. In de specificatie van 1995 staat bij post 93 “ [C] nabij [D] ” een aanslagbedrag van € 0,-.</para>
        <para>Uit het voorgaande volgt naar het oordeel van de rechtbank dat partijen voor de belastingjaren 1994 en latere jaren zijn overeengekomen dat de heffingsambtenaar slechts precario heft voor leidingen die uitsluitend dienen voor de levering van gas aan industriële gebruikers. De heffingsambtenaar heeft in de stukken en ter zitting onvoldoende naar voren gebracht om dit te weerleggen.</para>
        <para>Het betoog van belanghebbende is ook in lijn met artikel 6, derde lid van de overeenkomst van 8 december 1969. De hierin genoemde (naar de rechtbank begrijpt:) discretionaire bevoegdheid kan, in weerwil van wat de heffingsambtenaar betoogt, niet anders worden gelezen dan dat de bevoegdheid tot heffen ontstaat als is voldaan aan de voorwaarde dat leidingen uitsluitend dienen voor de levering door belanghebbende aan industriële verbruikers.</para>
      </parablock>
      <para />
    </paragroup>
    <paragroup>
      <nr>5.3</nr>
      <para>De beroepsgrond slaagt. Het beroep is reeds hierom gegrond en de bestreden besluiten dienen te worden vernietigd. De rechtbank zal bezien of zij zelf in de zaak kan voorzien.</para>
      <para />
      <parablock>
        <para>6.	Belanghebbende voert tot slot aan dat de tariefstelling in de Verordeningen in strijd is met het gelijkheidsbeginsel terwijl de heffingsambtenaar daarvoor geen voldoende rechtvaardiging heeft gegeven.</para>
      </parablock>
      <para />
      <parablock>
        <para>(…)</para>
      </parablock>
      <para />
    </paragroup>
    <paragroup>
      <nr>6.2</nr>
      <parablock>
        <para>Op grond van vaste jurisprudentie kunnen gemeenten, behoudens het verbod op het hanteren van draagkracht als verdelingsmaatstaf en de in de wet gegeven nadere regels, zelf invulling geven aan de in de belastingverordeningen op te nemen heffingsmaatstaven voor de gemeentelijke belastingen en rechten. Het staat hen in beginsel vrij die heffingsmaatstaven op te nemen die zich het best verstaan met het gemeentelijke beleid en de praktijk van de belastingheffing (Kamerstukken II 1989/90, 21591, 3, p. 65-67 en 77-78).</para>
        <para>Daarbij gelden als randvoorwaarden dat de gemaakte keuze niet in strijd mag komen met algemene rechtsbeginselen – in het bijzonder het gelijkheidsbeginsel – en dat de heffing niet mag leiden tot een willekeurige en onredelijke belastingheffing die de wetgever bij het geven van de bevoegdheid tot het instellen van de desbetreffende heffing niet voor ogen kan hebben gehad (vergelijk Hoge Raad 8 oktober 2004, ECLI:NL:HR:2004:AR3495).</para>
      </parablock>
      <para />
    </paragroup>
    <paragroup>
      <nr>6.3</nr>
      <parablock>
        <para>De heffingsambtenaar betoogt, naar de rechtbank begrijpt, primair dat in dit geval geen sprake is van gelijke gevallen, zodat reeds daarom geen strijd kan zijn met het gelijkheidsbeginsel. De rechtbank volgt de heffingsambtenaar hierin niet. De gasbuizen zoals bedoeld in artikel 5, negende lid en onder b, van de Verordeningen, zijn als gelijke gevallen aan te merken als gasbuizen als bedoeld in artikel 5, negende lid en onder c, van de Verordeningen, omdat in beide gevallen sprake is van eenzelfde gebruik van de gemeentegrond (vergelijk Gerechtshof Amsterdam, 28 januari 2009, ECLI:NL:GHAMS:2009:BI1741, zoals bevestigd door de Hoge Raad op 21 mei 2010, ECLI:NL:HR:2010:BM5129).</para>
        <para>Beoordeeld dient daarom te worden of voor het ongelijk behandelen van die gevallen, door voor de ene categorie buizen en leidingen een hoger tarief vast te stellen dan voor de andere, een objectieve en redelijke rechtvaardigingsgrond bestaat.</para>
      </parablock>
      <para />
    </paragroup>
    <paragroup>
      <nr>6.4</nr>
      <parablock>
        <para>De rechtbank begrijpt dat de heffingsambtenaar, voor zover hij niet wordt gevolgd in zijn primaire stelling, aanvoert dat sprake is van een rechtvaardigingsgrond voor het ongelijk behandelen van gelijke gevallen. Hiertoe stelt de heffingsambtenaar in zijn conclusie van dupliek dat het de bedoeling van de gemeentelijke wetgever was om basisvoorzieningen zoals gas, elektriciteit en water laag te belasten. De aldus laag belaste leidingen zijn van algemeen nut, in verband waarmee een (gerechtvaardigd) onderscheid gemaakt is in de tariefstelling. Daarnaast geldt voor de leidingen die worden belast volgens het lage tarief een ander juridisch regime. De gemeentelijke bevoegdheid om het leggen van deze leidingen te verbieden is beperkt.</para>
        <para>In zijn pleitnota voert de heffingsambtenaar aan dat leidingen met een hogere druk een groter risico met zich meebrengen dan buizen met een lagere druk. De maatschappelijke (toezicht houdende) taken en verantwoordelijkheid van de gemeente bij dit type leidingen wegen ook zwaarder, wat tot uitdrukking komt in een potentieel groter beslag op de algemene middelen, aldus de heffingsambtenaar. Ter zitting heeft de heffingsambtenaar hieraan toegevoegd dat bij leidingen met een hogere druk de (schadelijke) effecten ingeval van incidenten groter zijn dan bij buizen met een lagere druk en dat daarom een grotere maatschappelijke verantwoordelijkheid bestaat voor de gemeente.</para>
      </parablock>
      <para />
      <paragroup>
        <nr>6.4.1</nr>
        <para>De rechtbank stelt vast dat de heffingsambtenaar de in de conclusie van dupliek aangevoerde rechtvaardigingsgrond ter zitting heeft laten vallen. Deze rechtvaardigingsgrond zou de heffingsambtenaar overigens ook niet kunnen baten. Belanghebbende wijst er terecht op dat gas voor (particuliere) gebruikers zowel door leidingen met een druk van hoger dan 10 bar als door leidingen met een druk van lager dan 10 bar stroomt. Van verwezenlijking van het door de gemeentelijke wetgever beoogde effect om de levering van gas (al dan niet aan particulieren) laag te belasten is met deze tariefstelling geen sprake.</para>
        <para />
      </paragroup>
      <paragroup>
        <nr>6.4.2</nr>
        <para>De uiteindelijke verklaring van de heffingsambtenaar, kort gezegd, dat aan het verschil in het hoge en lage tarief ten grondslag ligt het verschil in risico en effect tussen buizen met een druk hoger dan 10 bar en buizen met een lagere druk ingeval van incidenten, sluit niet aan bij de opzet van artikel 5, negende lid, van de Verordeningen. Hierin wordt een zodanig onderscheid niet gemaakt, maar wordt een onderscheid gemaakt tussen enerzijds gasbuizen met een werkdruk van niet meer dan 10 bar, waterleidingen en stadsverwarmingsbuizen, waarvoor een laag tarief geldt, en anderzijds andere buizen en leidingen, waarvoor een (ongeveer 5 keer zo) hoog tarief geldt. Dat is geen onderscheid tussen buizen met een druk tot 10 bar en buizen met een hogere druk.</para>
        <para />
      </paragroup>
    </paragroup>
    <paragroup>
      <nr>6.5</nr>
      <parablock>
        <para>Gelet op het vorenstaande is de rechtbank van oordeel dat in dit geval sprake is van gelijke gevallen die ongelijk behandeld worden, waarvoor de heffingsambtenaar geen objectieve en redelijke rechtvaardigingsgrond heeft aangedragen. Om de ten aanzien van belanghebbende geconstateerde ongelijkheid op te heffen is het niet noodzakelijk om de gehele tariefstelling uit de Verordeningen buiten toepassing te laten, zoals belanghebbende primair betoogt, maar is voldoende om alleen artikel 5, negende lid en onder c van de Verordeningen niet toe te passen. De aanslagen moeten dan worden opgelegd naar het (lage) tarief uit artikel 5, negende lid en onder b, van de Verordeningen. De bestreden besluiten moeten daarom worden vernietigd en de (voorlopige) aanslagen dienen te worden herroepen. Omdat de beroepen ook gericht zijn tegen de definitieve aanslagen voor de jaren 2013 en 2014, zal de rechtbank ook die herroepen.</para>
        <para>De rechtbank kan niet zelf in de zaken voorzien in die zin dat zij de hoogte van de aanslagen kan vaststellen. De rechtbank zal daarom, gelet op wat onder 5. en hiervoor onder 6. is overwogen, bepalen dat de heffingsambtenaar de aanslagen enkel kan opleggen voor gasleidingen die uitsluitend dienen voor de levering van gas aan industriële gebruikers en naar het tarief van artikel 5, negende lid en onder b, van de Verordeningen.”</para>
      </parablock>
      <para />
      <para />
    </paragroup>
  </section>
  <section role="overwegingen">
    <title>Beoordeling van het hoger beroep</title>
    <para />
    <parablock>
      <para>
        <emphasis role="italic">Vooraf</emphasis>
      </para>
    </parablock>
    <para />
    <paragroup>
      <nr>7.1.</nr>
      <para>Het Hof heeft hetgeen het in de tussenuitspraak heeft overwogen geïntegreerd in de hierna opgenomen overwegingen. Daarbij heeft het Hof rekening gehouden met hetgeen partijen, al dan niet naar aanleiding van de tussenuitspraak, hebben aangevoerd in de na de toezending van de tussenuitspraak door hen ingebrachte stukken alsmede met het verhandelde op het tweede onderzoek ter zitting op 5 februari 2019. </para>
      <para />
      <parablock>
        <para>
          <emphasis role="italic">Incidenteel hoger beroep: heeft de gemeente met betrekking tot alle gasttransportleidingen een gedoogplicht?</emphasis>
        </para>
      </parablock>
      <para />
    </paragroup>
    <paragroup>
      <nr>7.2.</nr>
      <para>Belanghebbende heeft zich in incidenteel hoger beroep op het standpunt gesteld dat de heffingsambtenaar niet bevoegd is tot het opleggen van de aanslagen, omdat de gemeente als de eigenaar van de grond verplicht is het hebben van <emphasis role="italic">alle </emphasis>gastransportleidingen van belanghebbende in de gemeentegrond te gedogen. Aangezien dit de meest verstrekkende hogerberoepsgrond is, zal het Hof deze grond als eerste behandelen.</para>
      <para />
    </paragroup>
    <paragroup>
      <nr>7.3.</nr>
      <para>Uit het bepaalde in de Verordeningen volgt dat belanghebbende ter zake van het hebben van gastransportleidingen onder, op of boven voor de openbare dienst bestemde gemeentegrond precariobelasting tot de in artikel 5, negende lid van de Verordening vermelde bedragen per strekkende meter verschuldigd is. De heffingsambtenaar kan nochtans ter zake van dit hebben geen precariobelasting heffen indien de gemeente als eigenaar van de gemeentegrond moet gedogen dat belanghebbende de gastransportleidingen onder, op of boven de gemeentegrond heeft (gedoogplicht). De gemeente kan als eigenaar van de grond aan een ander toestemming verlenen tot het hebben van voorwerpen onder, op of boven de gemeentegrond of, zonder enige toestemming, dit hebben van voorwerpen door een ander accepteren. Deze toestemming of dit accepteren neemt niet weg dat de gemeente als eigenaar van de grond het hebben van de voorwerpen onder, op of boven gemeentegrond kan verbieden, zodat van een gedoogplicht geen sprake is. De omstandigheid dat de gemeente als overheid zich in haar besluiten of verordeningen de plicht heeft opgelegd het hebben van voorwerpen onder, op of boven de gemeentegrond toe te staan dan wel dat deze plicht haar als overheid bij of krachtens hogere regelgeving is opgelegd, brengt evenmin mee dat zij als eigenaar van de gemeentegrond verplicht is het hebben van de voorwerpen daaronder, daarop of daarboven te gedogen. Vergelijk Hoge Raad 21 januari 1987, nr. 24.060, BNB 1987/104; Hoge Raad 13 augustus 2004, nrs. 37.408, 37.409 en 37.410, ECLI:NL:HR:2004:AF7810, BNB 2004/368 en HR 24 juni 2016, nr. 15/04492, ECLI:NL: HR:2016:1267. </para>
      <para />
    </paragroup>
    <paragroup>
      <nr>7.4.</nr>
      <para>Anders dan belanghebbende betoogt, is in artikel 6 van de Overeenkomst geen (impliciet) recht tot het hebben onder, op of boven de gemeentegrond van alle daar reeds aanwezige en nog aan te leggen gasleidingen verleend. Een dergelijk privaatrechtelijk ligrecht ligt evenmin besloten in de door de gemeente aan belanghebbende verleende vergunning. Dat daarin wordt gesproken van een “toestemming in de zin van het burgerlijk recht” leidt niet tot een ander oordeel. Zoals hiervoor onder 7.3. is overwogen, neemt een door de gemeente verstrekte vergunning of verleende toestemming tot het hebben van voorwerpen onder, op of boven de gemeentegrond niet weg dat de gemeente als eigenaar van de grond dit hebben kan verbieden. Belanghebbende heeft in dit verband nog gewezen op rechtsoverweging 5.6. van het arrest van Hof Arnhem-Leeuwarden, afdeling civiel recht, handel, 22 januari 2019, nummer 200.236.787/01, ECLI:NL:GHARL:2019:499. Dienaangaande overweegt het Hof het volgende. </para>
      <para />
    </paragroup>
    <paragroup>
      <nr>7.5.</nr>
      <para>In rechtsoverweging 5.6. van het arrest van het Hof Arnhem-Leeuwarden van 22 januari 2019 is de vraag aan de orde of de Provincie Fryslân het recht had van [X] te verlangen dat [X] een in de grond van de gemeente Opsterland gelegen gasleiding zonder vergoeding zou verleggen. Bij de beantwoording van die vraag stelt Hof Arnhem-Leeuwarden voorop dat de gasleiding in gemeentegrond ligt op basis van een door de gemeente verstrekte vergunning (in de zin van privaatrechtelijke toestemming). Hof Arnhem-Leeuwarden overweegt dienaangaande dat noch de ligging van de leiding - in gemeentegrond -, noch de titel van de ligging van de leiding - een door de gemeente verstrekte vergunning - de Provincie Fryslân het recht gaf om van [X] te verlangen dat zij de leiding zou verleggen. </para>
      <para />
    </paragroup>
    <paragroup>
      <nr>7.6.</nr>
      <para>De in rechtsoverweging 5.6. van het arrest van het Hof Arnhem-Leeuwarden van 22 januari 2019 aan de orde zijnde vraag is een andere dan de vraag die het Hof in de onderhavige zaak naar aanleiding van het incidenteel hoger beroep van belanghebbende heeft te beantwoorden, te weten of de gemeente met betrekking tot alle in gemeentegrond gelegen gasttransportleidingen als eigenaar van de grond dient te gedogen dat belanghebbende deze leidingen onder, op of boven gemeentegrond heeft. Dat de gemeente Opsterland op grond van de door haar verstrekte vergunning (in de zin van privaatrechtelijke toestemming) een gedoogplicht in de hier bedoelde zin zou hebben, is in het arrest van Hof Arnhem-Leeuwarden dan ook niet te lezen. Mitsdien volgt het Hof belanghebbende niet in haar opvatting dat het arrest van het Hof Arnhem-Leeuwarden van 22 januari 2019 de juistheid van het door belanghebbende in haar incidentele hoger beroep ingenomen standpunt illustreert. </para>
      <para />
    </paragroup>
    <paragroup>
      <nr>7.7.</nr>
      <para>Hetgeen belanghebbende in incidenteel hoger beroep overigens aanvoert brengt het Hof niet tot een ander oordeel. Het incidenteel hoger beroep is derhalve ongegrond. </para>
      <para />
      <parablock>
        <para>
          <emphasis role="italic">Dient de heffingsambtenaar de heffing van precariobelasting te beperken tot gastransportleidingen die uitsluitend worden gebruikt voor de levering van gas aan industriële verbruikers?</emphasis>
        </para>
      </parablock>
      <para />
    </paragroup>
    <paragroup>
      <nr>7.8.</nr>
      <para>Niet tussen partijen in geschil is dat de (uiteindelijk) voor de jaren 2012, 2013 en 2014 belaste gastransportleidingen met toebehoren zijn gelegen onder, op of boven voor de openbare dienst bestemde gemeentegrond van de gemeente Rotterdam. De verschuldigdheid van precariobelasting voor het hebben van de gastransportleidingen met toebehoren vloeit rechtstreeks voort uit de Verordeningen (zie de onder 3 opgenomen bepalingen). </para>
      <para />
    </paragroup>
    <paragroup>
      <nr>7.9.</nr>
      <para>Omdat belanghebbende zich op het standpunt stelt dat zij, anders dan uit de Verordeningen volgt, niet ter zake van alle gastransportleidingen met toebehoren die zij onder, op of boven gemeentegrond heeft, maar alleen ter zake van die, welke uitsluitend worden gebruikt voor de levering van gas aan industriële verbruikers, precariobelasting verschuldigd is, dient zij bewijs te leveren ter onderbouwing van haar standpunt dat de heffingsambtenaar belanghebbende alleen ter zake van de gastransportleidingen met toebehoren die uitsluitend worden gebruikt voor de levering van gas aan industriële verbruikers voor de jaren 2012, 2013 en 2014 aanslagen in de precariobelasting mocht opleggen.</para>
      <para />
    </paragroup>
    <paragroup>
      <nr>7.10.</nr>
      <para>Belanghebbende wijst daartoe op de Overeenkomst. In artikel 6, derde lid, eerste volzin, van de Overeenkomst is bepaald dat, ingeval van belanghebbende afgenomen gas wordt gedistribueerd binnen de gemeente, de gemeente met betrekking tot de gastransportleidingen met toebehoren geen heffingen, belastingen, retributies, recognities, legesgelden of andere vergoedingen aan belanghebbende in rekening zal brengen. Hiervan kan de gemeente ingevolge artikel 6, derde lid, tweede volzin, van de Overeenkomst afwijken voor leidingen, die uitsluitend dienen voor de levering door belanghebbende aan industriële verbruikers. Naar de opvatting van beide partijen, welke opvatting het Hof tot de zijne maakt, geldt het bepaalde in artikel 6, derde lid, van de Overeenkomst ook ingeval het door belanghebbende geleverde gas binnen het gebied van een andere gemeente ligt. </para>
      <para />
    </paragroup>
    <paragroup>
      <nr>7.11.</nr>
      <para>Op 16 januari 1997 hebben belanghebbende en de heffingsambtenaar met betrekking tot de heffing van een aantal gemeentelijke heffingen, waaronder de precariorechten (thans: de precariobelasting), nadere afspraken gemaakt. Deze afspraken kunnen naar inhoud en strekking niet anders worden geduid dan een ter beëindiging of voorkoming van geschil gesloten vaststellingsovereenkomst in de zin van artikel 7:900 BW. Dat wil zeggen dat daarin een vaststelling is overeengekomen van hetgeen tussen partijen rechtens geldt met betrekking tot de heffing van precariobelasting ter zake van het hebben van gasleidingen, welke vaststelling is bestemd om ook te gelden voor zover zij afwijkt van de tevoren bestaande rechtstoestand en daarmee van de Overeenkomst. Hierna worden de afspraken van 16 januari 1997 aangeduid als: de Vaststellingsovereenkomst. </para>
      <para />
    </paragroup>
    <paragroup>
      <nr>7.12.</nr>
      <para>In § 2 van de Vaststellingsovereenkomst is bepaald dat over gastransportleidingen, in eigendom of gebruik bij de [X] , welke dienen voor levering van gas aan industriële verbruikers, precariorechten kunnen worden geheven. Deze bepaling, waarin het woord “uitsluitend” dat in de Overeenkomst aan de woorden “dienen voor de levering (…) aan industriële verbruikers” voorafgaat, niet voorkomt, is in de vaststellingsovereenkomst geconcretiseerd aan de hand van de specificatiebladen behorende bij de aanslag reclamebelasting, retributies en precariorechten 1994. De concretisering van § 2 van de Vaststellingsovereenkomst, die in § 5a en § 5c van de Vaststellingsovereenkomst de “overeengekomen omvang van het belastbare feit voor het jaar 1994” wordt genoemd, zal ingevolge de laatstgenoemde paragrafen van de vaststellingsovereenkomst ook als basis dienen voor “de omvang van het belastbare feit over de jaren 1985 t/m 1993” en “de omvang van het belastbare feit over de jaren 1995, 1996 en in de verdere toekomst”.</para>
      <para />
    </paragroup>
    <paragroup>
      <nr>7.13.</nr>
      <para>Belanghebbende stelt zich op het standpunt dat, hoewel het woord “uitsluitend” dat in de Overeenkomst aan de woorden “dienen voor de levering (…) aan industriële verbruikers” voorafgaat, in § 2 van de Vaststellingsovereenkomst ontbreekt, deze bepaling aldus dient te worden uitgelegd dat ook voor – onder meer - de jaren 2012, 2013 en 2014 de bevoegdheid van de heffingsambtenaar tot heffing van precariobelasting is beperkt tot gastransportleidingen die uitsluitend dienen voor de levering door belanghebbende aan industriële verbruikers. Het Hof volgt belanghebbende niet in dit standpunt en overweegt daartoe het volgende.</para>
      <para />
    </paragroup>
    <paragroup>
      <nr>7.14.</nr>
      <para>Partijen hebben in 1997 ter uitvoering van de Vaststellingsovereenkomst in overleg bepaald welke gastransportleidingen voor de toen openstaande belastingjaren en, rekening houdend met de aanleg van nieuwe leidingen, de afsluiting van bestaande leidingen en andere wijzigingen in (het gebruik van) het leidingennet, voor de daarop volgende belastingjaren in de heffing van precariobelasting dien(d)en te worden betrokken. Tot de in dit overleg aangewezen gastransportleidingen die in de heffing behoorden te worden betrokken, behoorden, aldus de heffingsambtenaar, naast de gastransportleidingen die uitsluitend voor levering van gas aan industriële verbruikers dien(d)en, ook gastransportleidingen die mede dien(d)en voor de levering aan anderen dan industriële verbruikers. De heffingsambtenaar heeft, onder verwijzing naar de door hem overgelegde overzichten van de aanslagregeling voor de jaren 2012, 2013 en 2014, gesteld dat voor die jaren alle gastransportleidingen waarmee gas aan industriële verbruikers werd geleverd, in de heffing zijn betrokken, dus ook leidingen waarmee tevens gas naar andere dan industriële verbruikers werd getransporteerd. Voorts heeft hij gesteld dat dit, overeenkomstig het bepaalde in § 5a en § 5c van de Vaststellingsovereenkomst, ook voor de in die bepalingen genoemde, aan 2012 voorafgaande jaren is gebeurd. Belanghebbende heeft daartegen, aldus de heffingsambtenaar, voor die jaren nooit bezwaar gemaakt. Belanghebbende heeft deze stellingen van de heffingsambtenaar niet, althans onvoldoende gemotiveerd, weersproken. Het Hof concludeert op grond daarvan dat ook naar de opvatting van belanghebbende ten tijde van de totstandkoming van de vaststellingsovereenkomst en in de jaren daarna, de heffingsambtenaar, behoudens de hierna onder 7.15 vermelde fouten, precariobelasting kon heffen ter zake van leidingen waarmee niet alleen aan industriële maar ook aan andere afnemers gas wordt geleverd. Hieruit volgt dat het bij het sluiten van de vaststellingsovereenkomst tussen partijen in confesso was dat belanghebbende (ook) ter zake van gastransportleidingen waarmee, behalve aan industriële verbruikers, tevens aan andere verbruikers gas werd geleverd, precariobelasting verschuldigd was. Hieraan doet niet af dat belanghebbende geruime tijd later tot een andere interpretatie van de vaststellingsovereenkomst is gekomen. </para>
      <para />
      <parablock>
        <para>
          <emphasis role="italic">Welke van de in de belastingaanslagen voor de jaren 2012, 2013 en 2014 in de heffing van precariobelasting betrokken gasleidingen dienen uitsluitend of mede voor de levering van gas aan industriële verbruikers?</emphasis>
        </para>
      </parablock>
      <para />
    </paragroup>
    <paragroup>
      <nr>7.15.</nr>
      <para>Belanghebbende heeft in hoger beroep betoogd dat bij de bepaling in 1997 van de voor de toen openstaande belastingjaren in de heffing te betrekken gasleidingen en ook bij de aanpassing van deze bepaling voor latere belastingjaren in verband met de aanleg van nieuwe leidingen, de afsluiting van bestaande leidingen en andere wijzigingen in (het gebruik van) het leidingennet, fouten zijn gemaakt die meebrengen dat ook ter zake van leidingen die niet dienen of mede dienen voor de levering van gas aan industriële verbruikers precariobelasting is geheven. Omdat de in het procesdossier aanwezige gegevens niet toereikend waren om op grond daarvan de juistheid van dit standpunt van belanghebbende te beoordelen heeft het Hof het onderzoek heropend en partijen de onder 1.7 vermelde verzoeken gedaan. Aan deze verzoeken hebben partijen niet voldaan. In het tweede onderzoek ter zitting op 5 februari 2019 heeft het Hof partijen in de gelegenheid gesteld om ieder de door haar opgestelde en overgelegde inventarisatie van de leidingen die uitsluitend of mede dienen voor leveranties van gas aan industriële verbruikers toe te lichten en partijen naar aanleiding daarvan bevraagd. Uit deze bevraging is gebleken dat partijen uiteindelijk slechts met betrekking tot twee gastransportleidingen met toebehoren de vraag of deze uitsluitend of mede dienen voor levering van gas aan industriële verbruikers verschillend beantwoorden. Het betreft de leidingen nr. 67 (Vondelingenweg, A-613, doorgaande hoofdleiding richting RNB, geen industriële aansluitingen; hierna: gastransportleiding 67) en nr. 74 (Wilderskade, W-521-31, Verbindingsleiding met RNB Stedin te Bergschenhoek, hierna: gastransportleiding 74). </para>
      <para />
    </paragroup>
    <paragroup>
      <nr>7.16.</nr>
      <para>Belanghebbende neemt het standpunt in dat gastransportleiding 67 en gastransportleiding 74 niet voldoen aan het criterium “mede dienen tot levering van gas aan industriële verbruikers”. Omdat het standpunt van belanghebbende - bij juistbevinding - ertoe leidt dat twee gastransportleidingen waarvoor belanghebbende, naar onder 7.2. is overwogen, op grond van de Verordeningen precariobelasting verschuldigd is, de facto van precariobelasting worden vrijgesteld, dient belanghebbende te bewijzen dat gastransportleiding 67 en gastransportleiding 74 niet mede dienen tot levering van gas aan industriële verbruikers. De enkele verklaring van belanghebbende in de door haar verstrekte overzichten dat gastransportleiding nr. 67 een D-leiding is (D-leidingen zijn leidingen van en naar opslagplaatsen en voedingsleidingen meet en regelstations) en dat gastransportleiding 74 een C-leiding is (C-leidingen zijn leidingen voor transport van gas naar niet-industriële afnemers (andere gemeenten, ziekenhuizen, nutsbedrijven), sluit geenszins uit dat de gastransportleidingen 67 en 74 ook worden gebruikt voor levering van gas aan industriële verbruikers en is daarom zonder nader bewijs onvoldoende om op grond daarvan het standpunt van belanghebbende juist te achten. Dit klemt temeer omdat de heffingsambtenaar het standpunt van belanghebbende heeft weersproken en ter onderbouwing van zijn standpunt dat (onder meer) gastransportleidingen nr. 67 en 74 mede dienen voor levering van gas aan industriële verbruikers in de van hem afkomstige stukken en ter zitting van het Hof verslag heeft gedaan van een door hem ingesteld onderzoek naar het gebruik van alle in de heffing van de precariobelasting voor de jaren 2012, 2013 en 2014 betrokken ganstransportleidingen met toebehoren. Naar het oordeel van het Hof is belanghebbende, gelet op het vorenstaande, niet geslaagd in het van haar verlangde bewijs dat gastransportleiding 67 en gastransportleiding 74 niet voldoen aan het criterium “mede dienen tot levering van gas aan industriële verbruikers”.</para>
    </paragroup>
    <paragroup>
      <nr>7.17.</nr>
      <parablock>
        <para>Op grond van hetgeen onder 7.15 en 7.16 is overwogen oordeelt het Hof dat de heffingsambtenaar voor de jaren 2012, 2013 en 2014 alleen ter zake van gastransportleidingen die uitsluitend of mede dienen voor de levering van gas aan industriële verbruikers precariobelasting heeft geheven. </para>
        <para>
          <emphasis role="italic">De verenigbaarheid van de tarieven van de precariobelasting met het gelijkheidsbeginsel en het verbod van onredelijke en willekeurige belastingheffing</emphasis>
        </para>
      </parablock>
      <para />
    </paragroup>
    <paragroup>
      <nr>7.18.</nr>
      <para>Belanghebbende neemt het standpunt in dat de in de Verordening opgenomen tarieven van de precariobelasting ter zake van het hebben van gastransportleidingen onder, op of boven op of boven voor de openbare dienst bestemde gemeentegrond in strijd zijn met het gelijkheidsbeginsel en leiden tot een willekeurige en onredelijke belastingheffing die de wetgever bij de invoering niet op het oog kan hebben gehad. Daarover overweegt het Hof het volgende.</para>
      <para />
    </paragroup>
    <paragroup>
      <nr>7.19.</nr>
      <para>De gemeentelijke wetgever is vrij in de keuze van de grondslagen en de tarieven van de precariobelasting, met dien verstande dat het bedrag van de precariobelasting niet afhankelijk mag worden gesteld van het inkomen, de winst of het vermogen (vergelijk artikel 219, lid 2, Gemeentewet) alsmede dat de keuze niet in strijd mag zijn met de algemene rechtsbeginselen, in het bijzonder het gelijkheidsbeginsel en het verbod van een willekeurige en onredelijke belastingheffing die de wetgever (in formele zin) bij de toekenning aan de gemeente van de bevoegdheid om precariobelasting te heffen niet op het oog kan hebben gehad. Zie onder meer Hoge Raad 14 augustus 2009, nr. 43.120, ECLI:NL:HR:2009:BI1943, BNB 2009/276 en Hoge Raad 30 juni 2017, nr. 16/5127, ELCI:NL:HR:2017:1174. </para>
      <para />
    </paragroup>
    <paragroup>
      <nr>7.20.</nr>
      <para>In de Verordeningen is het bedrag van de precariobelasting niet afhankelijk gesteld van het inkomen, de winst of het vermogen. Het staat de gemeente in beginsel vrij die heffingsmaatstaven op te nemen die zich het beste verstaan met het gemeentelijke beleid en de plaatselijke praktijk van de belastingheffing. De heffingsambtenaar heeft gesteld en belanghebbende heeft niet, althans onvoldoende gemotiveerd, weersproken dat de reden voor het onderscheid in het tarief, inhoudende dat leidingen met een werkdruk van meer dan 10 bar zwaarder worden belast dan leidingen met een werkdruk van 10 bar of minder, is gelegen in de omstandigheid dat gasleidingen met een werkdruk van maximaal 10 bar worden gebruikt voor het transport van basisvoorzieningen als gas, water en warm water (voor stadsverwarming) naar de eindverbruikers (particulieren en bedrijven), en dat op deze wijze uitvoering wordt gegeven aan het gemeentelijk beleid om de beschikbaarheid van de basisvoorzieningen tegen een redelijke prijs te waarborgen. Van een dergelijke keuze kan niet worden gezegd dat deze iedere redelijke grond ontbeert. Hetgeen belanghebbende daartegen heeft aangevoerd leidt niet tot een ander oordeel.</para>
      <para />
    </paragroup>
    <paragroup>
      <nr>7.21.</nr>
      <para>Gelet op het vorenoverwogene faalt de onder 4.2, ten 4e, vermelde hoger beroepsgrond.</para>
      <para />
      <parablock>
        <para>
          <emphasis role="italic">Slotsom</emphasis>
        </para>
      </parablock>
      <para />
    </paragroup>
    <paragroup>
      <nr>7.22.</nr>
      <para>Op grond van al hetgeen hiervoor is overwogen is het incidenteel hoger beroep ongegrond en is het principaal hoger beroep gegrond. Beslist dient te worden zoals hierna is vermeld.</para>
      <para />
      <para />
    </paragroup>
  </section>
  <section>
    <title>Proceskosten en griffierecht</title>
    <para />
    <paragroup>
      <nr>7.23.</nr>
      <para>Aangezien het principaal hoger beroep van de heffingsambtenaar gegrond en het incidenteel hoger beroep van belanghebbende ongegrond is en ook overigens niet is gebleken van omstandigheden die een veroordeling van de heffingsambtenaar in de proceskosten van belanghebbenden rechtvaardigen, zal het Hof geen proceskostenveroordeling uitspreken.</para>
      <para />
    </paragroup>
    <paragroup>
      <nr>7.24.</nr>
      <para>Evenmin is er, nu de aangevallen uitspraak wordt vernietigd, reden van de heffingsambtenaar een griffierecht te heffen. </para>
      <para />
      <para />
    </paragroup>
  </section>
  <section>
    <title>Beslissing</title>
    <para />
    <parablock>
      <para>Het gerechtshof:</para>
    </parablock>
    <itemizedlist mark="-">
      <listitem>
        <para>vernietigt de uitspraak van de Rechtbank;</para>
      </listitem>
      <listitem>
        <para>verklaart de beroepen ongegrond.</para>
      </listitem>
    </itemizedlist>
    <para />
    <para />
    <para />
    <para />
    <parablock>
      <para>Deze uitspraak is vastgesteld door G.J. van Leijenhorst, E.M. Vrouwenvelder en P.J.J. Vonk in tegenwoordigheid van de griffier Y. Postema-van der Koogh. De beslissing is op 19 maart 2019 in het openbaar uitgesproken.</para>
    </parablock>
    <para />
    <para />
    <para />
    <para />
    <para />
    <para />
    <parablock>
      <para>aangetekend aan</para>
      <para>partijen verzonden:</para>
    </parablock>
    <para />
    <para />
    <para />
    <para />
    <para />
    <para />
    <para />
    <para />
    <para />
    <para />
    <parablock>
      <para>
        <emphasis role="italic">Zowel de belanghebbende als het daartoe bevoegde bestuursorgaan kan </emphasis>
        <emphasis role="bold italic">binnen zes weken</emphasis>
        <emphasis role="italic"> na de verzenddatum van deze uitspraak beroep in cassatie instellen bij de Hoge Raad der Nederlanden. Daarbij moet het volgende in acht worden genomen:</emphasis>
      </para>
    </parablock>
    <orderedlist numeration="arabic">
      <listitem>
        <para>
          <emphasis role="italic">Bij het beroepschrift wordt een kopie van deze uitspraak gevoegd.</emphasis>
        </para>
      </listitem>
      <listitem>
        <para>
          <emphasis role="italic">Het beroepschrift wordt ondertekend en bevat ten minste:</emphasis>
        </para>
      </listitem>
    </orderedlist>
    <para>
      <emphasis role="italic">- de naam en het adres van de indiener;</emphasis>
    </para>
    <para>
      <emphasis role="italic">- de dagtekening;</emphasis>
    </para>
    <para>
      <emphasis role="italic">- de gronden van het beroep in cassatie.</emphasis>
    </para>
    <bridgehead role="italic">Het beroepschrift moet worden gezonden aan de Hoge Raad der Nederlanden (belastingkamer), Postbus 20303, 2500 EH Den Haag.</bridgehead>
    <para />
    <parablock>
      <para>
        <emphasis role="italic">De partij die beroep in cassatie instelt is griffierecht verschuldigd en zal daarover bericht ontvangen van de griffier van de Hoge Raad. In het cassatieberoepschrift kan worden verzocht de wederpartij te veroordelen in de proceskosten.</emphasis>
      </para>
    </parablock>
    <para />
    <para />
    <para />
    <para />
    <para />
  </section>
</uitspraak>
</open-rechtspraak>