<?xml version="1.0" encoding="utf-8"?>
<open-rechtspraak>
  <rdf:RDF xmlns:rdf="http://www.w3.org/1999/02/22-rdf-syntax-ns#" xmlns:ecli="https://e-justice.europa.eu/ecli" xmlns:tr="http://tuchtrecht.overheid.nl/" xmlns:eu="http://publications.europa.eu/celex/" xmlns:dcterms="http://purl.org/dc/terms/" xmlns:bwb="bwb-dl" xmlns:cvdr="http://decentrale.regelgeving.overheid.nl/cvdr/" xmlns:psi="http://psi.rechtspraak.nl/" xmlns:rdfs="http://www.w3.org/2000/01/rdf-schema#">
    <rdf:Description>
      <dcterms:identifier>ECLI:NL:HR:2019:185</dcterms:identifier>
      <dcterms:format>text/xml</dcterms:format>
      <dcterms:accessRights>public</dcterms:accessRights>
      <dcterms:modified>2019-03-08T11:07:24</dcterms:modified>
      <dcterms:issued rdfs:label="Publicatiedatum">2019-02-07</dcterms:issued>
      <dcterms:publisher resourceIdentifier="http://rechtspraak.nl/">Raad voor de Rechtspraak</dcterms:publisher>
      <dcterms:language>nl</dcterms:language>
      <dcterms:creator rdfs:label="Instantie" resourceIdentifier="http://standaarden.overheid.nl/owms/terms/Hoge_Raad_der_Nederlanden" scheme="overheid.RechterlijkeMacht">Hoge Raad</dcterms:creator>
      <dcterms:date rdfs:label="Uitspraakdatum">2019-03-08</dcterms:date>
      <psi:zaaknummer rdfs:label="Zaaknr">18/02190</psi:zaaknummer>
      <dcterms:type rdf:language="nl" resourceIdentifier="http://psi.rechtspraak.nl/uitspraak">Uitspraak</dcterms:type>
      <psi:procedure rdf:language="nl" rdfs:label="Procedure" resourceIdentifier="http://psi.rechtspraak.nl/procedure#cassatie">Cassatie</psi:procedure>
      <psi:procedure rdf:language="nl" rdfs:label="Procedure" resourceIdentifier="http://psi.rechtspraak.nl/procedure#artikel80aROzaken">Artikel 80a RO-zaken</psi:procedure>
      <dcterms:coverage>NL</dcterms:coverage>
      <dcterms:subject rdfs:label="Rechtsgebied" resourceIdentifier="http://psi.rechtspraak.nl/rechtsgebied#bestuursrecht_belastingrecht">Bestuursrecht; Belastingrecht</dcterms:subject>
      <dcterms:hasVersion rdfs:label="Vindplaatsen" resourceIdentifier="http://psi.rechtspraak.nl/vindplaats">
        <rdf:list>
          <rdf:li>Rechtspraak.nl</rdf:li>
        </rdf:list>
      </dcterms:hasVersion>
    </rdf:Description>
    <rdf:Description rdf:about="http://deeplink.rechtspraak.nl/uitspraak?id=ECLI:NL:HR:2019:185">
      <dcterms:identifier>http://deeplink.rechtspraak.nl/uitspraak?id=ECLI:NL:HR:2019:185</dcterms:identifier>
      <dcterms:format>text/html</dcterms:format>
      <dcterms:accessRights>public</dcterms:accessRights>
      <dcterms:modified>2019-03-07T15:06:29</dcterms:modified>
      <dcterms:issued rdfs:label="Publicatiedatum">2019-03-08</dcterms:issued>
      <dcterms:publisher resourceIdentifier="http://rechtspraak.nl/">Raad voor de Rechtspraak</dcterms:publisher>
      <dcterms:language>nl</dcterms:language>
      <dcterms:title rdf:language="nl">ECLI:NL:HR:2019:185 Hoge Raad , 08-03-2019 / 18/02190</dcterms:title>
      <dcterms:abstract resourceIdentifier="../../rs:inhoudsindicatie" />
    </rdf:Description>
  </rdf:RDF>
  <inhoudsindicatie id="ECLI:NL:HR:2019:185:INH" lang="nl" xml:space="preserve" xmlns="http://www.rechtspraak.nl/schema/rechtspraak-1.0" xmlns:xsd="http://www.w3.org/2001/XMLSchema" xmlns:xsi="http://www.w3.org/2001/XMLSchema-instance">
      <para>HR verklaart het beroep in cassatie n-o met toepassing van art. 80a RO.</para>
    </inhoudsindicatie>
  <uitspraak id="ECLI:NL:HR:2019:185:DOC" lang="nl" xml:space="preserve" xmlns="http://www.rechtspraak.nl/schema/rechtspraak-1.0" xmlns:xsd="http://www.w3.org/2001/XMLSchema" xmlns:xsi="http://www.w3.org/2001/XMLSchema-instance" xmlns:xlink="http://www.w3.org/1999/xlink">
  <uitspraak.info>
    <para>8 maart 2019</para>
    <para>Nr. 18/02190</para>
    <para />
    <para>Arrest</para>
    <para />
    <parablock>
      <para>gewezen op het beroep in cassatie van <emphasis role="underline">[X] </emphasis>te <emphasis role="underline">[Z] </emphasis>(hierna: belanghebbende) tegen de uitspraak van de <emphasis role="underline">Centrale Raad van Beroep</emphasis> van 4 april 2018, nr. 15/8465 WW, betreffende een besluit van het Uitvoeringsinstituut werknemersverzekeringen op grond van de Werkloosheidswet.</para>
    </parablock>
    <para />
  </uitspraak.info>
  <section role="overwegingen">
    <title>
      <nr>1</nr>Beoordeling van de ontvankelijkheid van het beroep in cassatie</title>
    <parablock>
      <para>De Hoge Raad is van oordeel dat de aangevoerde klachten geen behandeling in cassatie rechtvaardigen omdat de partij die het cassatieberoep heeft ingesteld klaarblijkelijk onvoldoende belang heeft bij het cassatieberoep dan wel omdat de klachten klaarblijkelijk niet tot cassatie kunnen leiden.</para>
      <para>De Hoge Raad zal daarom – gezien artikel 80a van de Wet op de rechterlijke organisatie en gehoord de Procureur‑Generaal – het beroep in cassatie niet‑ontvankelijk verklaren.</para>
      <para>Belanghebbende heeft daarenboven een verzoek om wraking ingediend.</para>
      <para>Bij beslissing van 1 februari 2019, nr. 19/00157 tot en met 19/00163, ECLI:NL:HR:2019:145, is het verzoek tot wraking buiten behandeling gesteld. </para>
    </parablock>
  </section>
  <section role="beslissing">
    <title>
      <nr>2</nr>Beslissing</title>
    <para>De Hoge Raad verklaart het beroep in cassatie niet‑ontvankelijk.</para>
    <para />
    <parablock>
      <para>Dit arrest is gewezen door de raadsheer M.A. Fierstra als voorzitter, en de raadsheren J. Wortel en A.F.M.Q. Beukers‑van Dooren, in tegenwoordigheid van de waarnemend griffier F. Treuren, en in het openbaar uitgesproken op 8 maart 2019.</para>
    </parablock>
    <para />
  </section>
</uitspraak>
</open-rechtspraak>