<?xml version="1.0" encoding="utf-8"?>
<open-rechtspraak>
  <rdf:RDF xmlns:rdf="http://www.w3.org/1999/02/22-rdf-syntax-ns#" xmlns:ecli="https://e-justice.europa.eu/ecli" xmlns:tr="http://tuchtrecht.overheid.nl/" xmlns:eu="http://publications.europa.eu/celex/" xmlns:dcterms="http://purl.org/dc/terms/" xmlns:bwb="bwb-dl" xmlns:cvdr="http://decentrale.regelgeving.overheid.nl/cvdr/" xmlns:psi="http://psi.rechtspraak.nl/" xmlns:rdfs="http://www.w3.org/2000/01/rdf-schema#">
    <rdf:Description>
      <dcterms:identifier>ECLI:NL:HR:2019:410</dcterms:identifier>
      <dcterms:format>text/xml</dcterms:format>
      <dcterms:accessRights>public</dcterms:accessRights>
      <dcterms:modified>2019-04-17T10:43:34</dcterms:modified>
      <dcterms:issued rdfs:label="Publicatiedatum">2019-03-21</dcterms:issued>
      <dcterms:publisher resourceIdentifier="http://rechtspraak.nl/">Raad voor de Rechtspraak</dcterms:publisher>
      <dcterms:language>nl</dcterms:language>
      <dcterms:creator rdfs:label="Instantie" resourceIdentifier="http://standaarden.overheid.nl/owms/terms/Hoge_Raad_der_Nederlanden" scheme="overheid.RechterlijkeMacht">Hoge Raad</dcterms:creator>
      <dcterms:date rdfs:label="Uitspraakdatum">2019-03-22</dcterms:date>
      <psi:zaaknummer rdfs:label="Zaaknr">18/01249</psi:zaaknummer>
      <dcterms:type rdf:language="nl" resourceIdentifier="http://psi.rechtspraak.nl/uitspraak">Uitspraak</dcterms:type>
      <psi:procedure rdf:language="nl" rdfs:label="Procedure" resourceIdentifier="http://psi.rechtspraak.nl/procedure#artikel81ROzaken">Artikel 81 RO-zaken</psi:procedure>
      <psi:procedure rdf:language="nl" rdfs:label="Procedure" resourceIdentifier="http://psi.rechtspraak.nl/procedure#cassatie">Cassatie</psi:procedure>
      <dcterms:coverage>NL</dcterms:coverage>
      <dcterms:subject rdfs:label="Rechtsgebied" resourceIdentifier="http://psi.rechtspraak.nl/rechtsgebied#bestuursrecht_belastingrecht">Bestuursrecht; Belastingrecht</dcterms:subject>
      <dcterms:relation rdfs:label="Formele relatie" ecli:resourceIdentifier="ECLI:NL:GHARL:2018:1459" psi:type="http://psi.rechtspraak.nl/cassatie" psi:aanleg="http://psi.rechtspraak.nl/eerdereAanleg">In cassatie op : ECLI:NL:GHARL:2018:1459</dcterms:relation>
      <dcterms:hasVersion rdfs:label="Vindplaatsen" resourceIdentifier="http://psi.rechtspraak.nl/vindplaats">
        <rdf:list>
          <rdf:li>Rechtspraak.nl</rdf:li>
          <rdf:li>Viditax (FutD), 22-03-2019</rdf:li>
          <rdf:li>FutD 2019-0810</rdf:li>
          <rdf:li>V-N Vandaag 2019/701</rdf:li>
          <rdf:li>V-N 2019/17.21.6</rdf:li>
          <rdf:li>Belastingblad 2019/145 met annotatie van Redactie</rdf:li>
        </rdf:list>
      </dcterms:hasVersion>
    </rdf:Description>
    <rdf:Description rdf:about="http://deeplink.rechtspraak.nl/uitspraak?id=ECLI:NL:HR:2019:410">
      <dcterms:identifier>http://deeplink.rechtspraak.nl/uitspraak?id=ECLI:NL:HR:2019:410</dcterms:identifier>
      <dcterms:format>text/html</dcterms:format>
      <dcterms:accessRights>public</dcterms:accessRights>
      <dcterms:modified>2019-03-21T14:23:39</dcterms:modified>
      <dcterms:issued rdfs:label="Publicatiedatum">2019-03-22</dcterms:issued>
      <dcterms:publisher resourceIdentifier="http://rechtspraak.nl/">Raad voor de Rechtspraak</dcterms:publisher>
      <dcterms:language>nl</dcterms:language>
      <dcterms:title rdf:language="nl">ECLI:NL:HR:2019:410 Hoge Raad , 22-03-2019 / 18/01249</dcterms:title>
      <dcterms:abstract resourceIdentifier="../../rs:inhoudsindicatie" />
    </rdf:Description>
  </rdf:RDF>
  <inhoudsindicatie id="ECLI:NL:HR:2019:410:INH" lang="nl" xml:space="preserve" xmlns="http://www.rechtspraak.nl/schema/rechtspraak-1.0" xmlns:xsd="http://www.w3.org/2001/XMLSchema" xmlns:xsi="http://www.w3.org/2001/XMLSchema-instance">
      <para>HR: 81.1 RO.</para>
    </inhoudsindicatie>
  <uitspraak id="ECLI:NL:HR:2019:410:DOC" lang="nl" xml:space="preserve" xmlns="http://www.rechtspraak.nl/schema/rechtspraak-1.0" xmlns:xsd="http://www.w3.org/2001/XMLSchema" xmlns:xsi="http://www.w3.org/2001/XMLSchema-instance" xmlns:xlink="http://www.w3.org/1999/xlink">
  <uitspraak.info>
    <para>22 maart 2019</para>
    <para>Nr. 18/01249</para>
    <para />
    <para>Arrest</para>
    <para />
    <para>gewezen op het beroep in cassatie van <emphasis role="underline">het college van burgemeester en wethouders van de gemeente Nijmegen</emphasis> (hierna: het College) tegen de uitspraak van het <emphasis role="underline">Gerechtshof Arnhem-Leeuwarden</emphasis> van 13 februari 2018, nr. 16/01093, op het hoger beroep van de heffingsambtenaar van de gemeente Nijmegen tegen een uitspraak van de Rechtbank Gelderland  (nr. AWB 15/7105) betreffende de ten aanzien van <emphasis role="underline">[X] </emphasis>te <emphasis role="underline">[Z]</emphasis> (hierna: belanghebbende) geheven leges. </para>
    <para />
  </uitspraak.info>
  <section>
    <title>
      <nr>1</nr>Geding in cassatie</title>
    <parablock>
      <para>Het College heeft tegen de uitspraak van het Hof beroep in cassatie ingesteld en daarbij een middel voorgesteld. </para>
      <para>Belanghebbende heeft een verweerschrift ingediend.</para>
    </parablock>
  </section>
  <section role="overwegingen">
    <title>
      <nr>2</nr>Beoordeling van het middel</title>
    <para>Het middel kan niet tot cassatie leiden. Dit behoeft, gezien artikel 81, lid 1, van de Wet op de rechterlijke organisatie, geen nadere motivering, omdat het middel niet noopt tot beantwoording van rechtsvragen in het belang van de rechtseenheid of de rechtsontwikkeling.</para>
  </section>
  <section>
    <title>
      <nr>3</nr>Proceskosten</title>
    <para>De Hoge Raad ziet geen aanleiding voor een veroordeling in de proceskosten.</para>
  </section>
  <section role="beslissing">
    <title>
      <nr>4</nr>Beslissing</title>
    <para>De Hoge Raad verklaart het beroep in cassatie ongegrond.</para>
    <para />
    <parablock>
      <para>Dit arrest is gewezen door de vice-president G. de Groot als voorzitter, en de raadsheren J. Wortel en A.F.M.Q. Beukers-van Dooren, in tegenwoordigheid van de waarnemend griffier F. Treuren, en in het openbaar uitgesproken op 22 maart 2019.</para>
    </parablock>
    <para />
    <parablock>
      <para>Van het college van burgemeester en wethouders van de gemeente Nijmegen wordt een griffierecht geheven van € 508. </para>
    </parablock>
    <para />
  </section>
</uitspraak>
</open-rechtspraak>