<?xml version="1.0" encoding="utf-8"?>
<open-rechtspraak>
  <rdf:RDF xmlns:rdf="http://www.w3.org/1999/02/22-rdf-syntax-ns#" xmlns:ecli="https://e-justice.europa.eu/ecli" xmlns:tr="http://tuchtrecht.overheid.nl/" xmlns:eu="http://publications.europa.eu/celex/" xmlns:dcterms="http://purl.org/dc/terms/" xmlns:bwb="bwb-dl" xmlns:cvdr="http://decentrale.regelgeving.overheid.nl/cvdr/" xmlns:psi="http://psi.rechtspraak.nl/" xmlns:rdfs="http://www.w3.org/2000/01/rdf-schema#">
    <rdf:Description>
      <dcterms:identifier>ECLI:NL:CRVB:2019:902</dcterms:identifier>
      <dcterms:format>text/xml</dcterms:format>
      <dcterms:accessRights>public</dcterms:accessRights>
      <dcterms:modified>2019-03-22T13:09:22</dcterms:modified>
      <dcterms:issued rdfs:label="Publicatiedatum">2019-03-19</dcterms:issued>
      <dcterms:publisher resourceIdentifier="http://rechtspraak.nl/">Raad voor de Rechtspraak</dcterms:publisher>
      <dcterms:language>nl</dcterms:language>
      <dcterms:creator rdfs:label="Instantie" resourceIdentifier="http://standaarden.overheid.nl/owms/terms/Centrale_Raad_van_Beroep" scheme="overheid.RechterlijkeMacht">Centrale Raad van Beroep</dcterms:creator>
      <dcterms:date rdfs:label="Uitspraakdatum">2019-03-14</dcterms:date>
      <psi:zaaknummer rdfs:label="Zaaknr">17/1910 ZW</psi:zaaknummer>
      <dcterms:type rdf:language="nl" resourceIdentifier="http://psi.rechtspraak.nl/uitspraak">Uitspraak</dcterms:type>
      <psi:procedure rdf:language="nl" rdfs:label="Procedure" resourceIdentifier="http://psi.rechtspraak.nl/procedure#hogerBeroep">Hoger beroep</psi:procedure>
      <dcterms:coverage>NL</dcterms:coverage>
      <dcterms:subject rdfs:label="Rechtsgebied" resourceIdentifier="http://psi.rechtspraak.nl/rechtsgebied#bestuursrecht_socialezekerheidsrecht">Bestuursrecht; Socialezekerheidsrecht</dcterms:subject>
      <dcterms:relation rdfs:label="Formele relatie" ecli:resourceIdentifier="ECLI:NL:RBROT:2017:1684" psi:type="http://psi.rechtspraak.nl/hogerBeroep" psi:aanleg="http://psi.rechtspraak.nl/eerdereAanleg" psi:gevolg="http://psi.rechtspraak.nl/gevolg#bekrachtiging/bevestiging">Eerste aanleg: ECLI:NL:RBROT:2017:1684, Bekrachtiging/bevestiging</dcterms:relation>
      <dcterms:hasVersion rdfs:label="Vindplaatsen" resourceIdentifier="http://psi.rechtspraak.nl/vindplaats">
        <rdf:list>
          <rdf:li>Rechtspraak.nl</rdf:li>
        </rdf:list>
      </dcterms:hasVersion>
    </rdf:Description>
    <rdf:Description rdf:about="http://deeplink.rechtspraak.nl/uitspraak?id=ECLI:NL:CRVB:2019:902">
      <dcterms:identifier>http://deeplink.rechtspraak.nl/uitspraak?id=ECLI:NL:CRVB:2019:902</dcterms:identifier>
      <dcterms:format>text/html</dcterms:format>
      <dcterms:accessRights>public</dcterms:accessRights>
      <dcterms:modified>2019-03-19T16:06:12</dcterms:modified>
      <dcterms:issued rdfs:label="Publicatiedatum">2019-03-21</dcterms:issued>
      <dcterms:publisher resourceIdentifier="http://rechtspraak.nl/">Raad voor de Rechtspraak</dcterms:publisher>
      <dcterms:language>nl</dcterms:language>
      <dcterms:title rdf:language="nl">ECLI:NL:CRVB:2019:902 Centrale Raad van Beroep , 14-03-2019 / 17/1910 ZW</dcterms:title>
      <dcterms:abstract resourceIdentifier="../../rs:inhoudsindicatie" />
    </rdf:Description>
  </rdf:RDF>
  <inhoudsindicatie id="ECLI:NL:CRVB:2019:902:INH" lang="nl" xml:space="preserve" xmlns="http://www.rechtspraak.nl/schema/rechtspraak-1.0" xmlns:xsd="http://www.w3.org/2001/XMLSchema" xmlns:xsi="http://www.w3.org/2001/XMLSchema-instance">
      <para>Geen recht meer op ziekengeld. Zorgvuldig medisch onderzoek. Geen schending van het beginsel van hoor en wederhoor. Geen sprake van schending van equality of arms. Het Uwv heeft voldoende gemotiveerd dat de aan de EZWb ten grondslag gelegde functies in medisch opzicht geschikt zijn voor appellant. Afwijzing verzoek tot vergoeding van schade.</para>
    </inhoudsindicatie>
  <uitspraak id="ECLI:NL:CRVB:2019:902:DOC" lang="nl" xml:space="preserve" xmlns="http://www.rechtspraak.nl/schema/rechtspraak-1.0" xmlns:xsd="http://www.w3.org/2001/XMLSchema" xmlns:xsi="http://www.w3.org/2001/XMLSchema-instance" xmlns:xlink="http://www.w3.org/1999/xlink">
  <section>
    <title>
      <nr>17</nr>1910 ZW </title>
    <para />
    <parablock>
      <para>Datum uitspraak: 14 maart 2019</para>
    </parablock>
    <para />
    <parablock>
      <para>Centrale Raad van Beroep</para>
      <para>Enkelvoudige kamer</para>
    </parablock>
    <para />
    <para />
    <para />
    <para />
    <para />
    <para />
    <para />
    <para />
    <para />
    <parablock>
      <para>Uitspraak op het hoger beroep tegen de uitspraak van de rechtbank Rotterdam van </para>
      <para>6 maart 2017, 16/3723 (aangevallen uitspraak) en uitspraak op het verzoek om veroordeling tot vergoeding van schade</para>
    </parablock>
    <para />
    <para />
    <para />
    <para />
    <para />
    <parablock>
      <para>Partijen:</para>
    </parablock>
    <para />
    <parablock>
      <para>
        [appellant] te [woonplaats] (appellant)</para>
    </parablock>
    <para />
    <parablock>
      <para>de Raad van bestuur van het Uitvoeringsinstituut werknemersverzekeringen (Uwv)</para>
    </parablock>
    <para />
    <para />
    <parablock>
      <para>PROCESVERLOOP</para>
    </parablock>
    <para />
    <parablock>
      <para>Namens appellant heeft mr. W.C. de Jonge, advocaat, hoger beroep ingesteld. </para>
    </parablock>
    <para />
    <parablock>
      <para>Het Uwv heeft een verweerschrift ingediend. </para>
    </parablock>
    <para />
    <parablock>
      <para>Het onderzoek ter zitting heeft plaatsgevonden op 31 januari 2019. Appellant is verschenen. Het Uwv heeft zich laten vertegenwoordigen door mr. J.M. Breevoort. </para>
    </parablock>
    <para />
    <para />
  </section>
  <section role="overwegingen">
    <title>OVERWEGINGEN </title>
    <para />
    <paragroup>
      <nr>1.1.</nr>
      <para>Appellant is laatstelijk werkzaam geweest als horecamedewerker voor 20,69 uur per week. Op 8 april 2015 heeft hij zich ziek gemeld met knieklachten. Het Uwv heeft appellant in aanmerking gebracht voor ziekengeld op grond van de Ziektewet (ZW). </para>
      <para />
    </paragroup>
    <paragroup>
      <nr>1.2.</nr>
      <para>In het kader van een eerstejaars ZW-beoordeling (EZWb) heeft een verzekeringsarts appellant op 2 maart 2016 gezien. Deze arts heeft appellant belastbaar geacht met inachtneming van de beperkingen die zijn neergelegd in een Functionele Mogelijkhedenlijst (FML) van 2 maart 2016. Een arbeidsdeskundige heeft vastgesteld dat appellant niet in staat is zijn eigen werk te verrichten, vervolgens vijf functies geselecteerd en op basis van de drie functies met de hoogste lonen berekend dat appellant nog 100% van zijn zogeheten maatmaninkomen zou kunnen verdienen. Het Uwv heeft bij besluit van 17 maart 2016 vastgesteld dat appellant met ingang van 7 mei 2016 geen recht meer heeft op ziekengeld, omdat hij meer dan 65% kan verdienen van het loon dat hij verdiende voordat hij ziek werd. Het bezwaar van appellant tegen dit besluit heeft het Uwv bij besluit van 12 mei 2016 (bestreden besluit) ongegrond verklaard. Aan het bestreden besluit liggen rapporten van een verzekeringsarts bezwaar en beroep en een arbeidsdeskundige bezwaar en beroep ten grondslag. </para>
      <para />
    </paragroup>
    <paragroup>
      <nr>2.1.</nr>
      <para>In beroep heeft appellant de medische en de arbeidskundige oordeelsvorming bestreden. Appellant heeft hierbij medische stukken en rapporten van Instituut Psychosofia overgelegd. Het Uwv heeft hierop gereageerd met de rapporten van de verzekeringsarts bezwaar en beroep en van de arbeidsdeskundige bezwaar en beroep.</para>
      <para />
    </paragroup>
    <paragroup>
      <nr>2.2.</nr>
      <para>De rechtbank heeft het beroep van appellant tegen het bestreden besluit ongegrond verklaard. Hierbij is overwogen dat de verzekeringsarts bezwaar en beroep de FML heeft besproken tijdens de hoorzitting. Appellant heeft kennis kunnen nemen van alle gedingstukken, voldoende gelegenheid gehad om deze voor te leggen aan zijn behandelaars en om alles wat hij wilde, naar voren te brengen. De rechtbank heeft geoordeeld dat geen sprake is van schending van het beginsel van hoor en wederhoor. Het verzekeringsgeneeskundig onderzoek heeft op voldoende zorgvuldige wijze plaatsgevonden en dat wat appellant naar voren heeft gebracht geeft geen reden om het medisch oordeel voor onjuist te houden. De rechtbank heeft geen aanleiding gevonden om te twijfelen aan de juistheid van de medische grondslag en geen reden gezien om een onafhankelijke deskundige in te schakelen. Niet is gebleken dat de belasting van de geduide functies de functionele mogelijkheden van appellant overschrijdt, wat volgens de rechtbank voldoende is toegelicht door de arbeidsdeskundige bezwaar en beroep.</para>
      <para />
    </paragroup>
    <paragroup>
      <nr>3.1.</nr>
      <para>In hoger beroep heeft appellant aangevoerd dat de rechtbank een onjuist uitgangspunt heeft gehanteerd bij de toetsing van de zorgvuldigheid en juistheid van het gevormde medisch oordeel. Op grond van de uitspraak van het Europees Hof voor de Rechten van de Mens van 8 oktober 2015 (ECLI:CE:ECHR:2015:1008JUD007721212, Korošec) zou een deskundige moeten worden ingeschakeld. Appellant heeft tevens verzocht om het Uwv te veroordelen tot vergoeding van de door hem geleden schade. Ter zitting heeft appellant erop gewezen dat hij op de datum in geding beperkingen ondervond aan zijn rechterknie waardoor hij niet kon werken en dat hij in afwachting was van een operatie aan die knie. Dat is uiteindelijk gebeurd in augustus 2016.</para>
      <para />
    </paragroup>
    <paragroup>
      <nr>3.2.</nr>
      <para>Het Uwv heeft bevestiging van de aangevallen uitspraak bepleit. Ter zitting heeft het Uwv er onder meer op gewezen dat het ten tijde van de beoordeling door de verzekeringsarts bezwaar en beroep in de bezwaarfase nog niet duidelijk was of en wanneer een operatie zou plaatsvinden. </para>
      <para />
      <parablock>
        <para>4. De Raad komt tot de volgende beoordeling. </para>
      </parablock>
      <para />
    </paragroup>
    <paragroup>
      <nr>4.1.</nr>
      <para>Op grond van artikel 19aa, eerste lid, van de ZW heeft een verzekerde zonder werkgever, na 52 weken ongeschiktheid tot werken, recht op ziekengeld als hij nog steeds ongeschikt is tot het verrichten van zijn arbeid en hij als rechtstreeks en objectief medisch vast te stellen gevolg van ziekte of gebrek slechts in staat is met arbeid ten hoogste 65% te verdienen van het maatmaninkomen per uur. Op grond van artikel 19aa, vijfde lid, van de ZW wordt onder het maatmaninkomen verstaan hetgeen gezonde personen met soortgelijke opleiding en ervaring, ter plaatse waar hij arbeid verricht of het laatst heeft verricht, of in de omgeving daarvan met arbeid gewoonlijk verdienen. Op grond van artikel 19ab, eerste en derde lid, van de ZW wordt het percentage van het maatmaninkomen dat de verzekerde kan verdienen, bedoeld in artikel 19aa van de ZW, vastgesteld op basis van een verzekeringsgeneeskundig en een arbeidskundig onderzoek en wordt onder arbeid als bedoeld in artikel 19aa van de ZW verstaan alle algemeen geaccepteerde arbeid waartoe een verzekerde met zijn krachten en bekwaamheden in staat is. Voor de beoordelingssystematiek waarmee de verdiencapaciteit na het eerste ziektejaar wordt bepaald, wordt zoveel mogelijk aangesloten bij de huidige uitvoeringssystematiek van de Wet werk en inkomen naar arbeidsvermogen, waarbij aan de hand van geschikte functies wordt vastgesteld of de betrokkene beschikt over resterende verdiencapaciteit (zie de uitspraak van de Raad van 30 december 2015, ECLI:NL:CRVB:2015:4920). </para>
      <para />
    </paragroup>
    <paragroup>
      <nr>4.2.</nr>
      <para>Ter beoordeling ligt voor of de rechtbank op goede gronden heeft geoordeeld dat het Uwv terecht heeft vastgesteld dat appellant per 7 mei 2016 geen recht meer heeft op ziekengeld omdat hij op die datum met zijn medische beperkingen nog in staat was meer dan 65% te verdienen van het loon dat dat hij verdiende voordat hij ziek werd. </para>
      <para />
    </paragroup>
    <paragroup>
      <nr>4.3.</nr>
      <para>Het beroep van appellant op het arrest Korošec spitst zich toe op de stelling dat een onafhankelijke deskundige moet worden ingeschakeld, omdat de rechter zelf niet medisch deskundig is en het risico groot is dat daarom de artsen van het Uwv worden gevolgd. In zijn uitspraak van 30 juni 2017 (ECLI:NL:CRVB:2017:2226) heeft de Raad de uitgangspunten uiteengezet voor de toetsing door de bestuursrechter van de beoordeling door verzekeringsartsen van het Uwv. Het beroep van appellant op het arrest Korošec is aanleiding te oordelen over de in die uitspraak te onderscheiden stappen. </para>
      <para />
      <parablock>
        <para>
          <emphasis role="italic">Stap 1: zorgvuldigheid van de besluitvorming</emphasis>
        </para>
      </parablock>
      <para />
    </paragroup>
    <paragroup>
      <nr>4.4.</nr>
      <para>De rapporten van de verzekeringsartsen zijn gebasseerd op zorgvuldig onderzoek en zijn inzichtelijk en consistent opgesteld. De verzekeringsartsen hebben appellant gezien, de dossiergegevens zijn bestudeerd, er heeft een lichamelijk en een psychisch onderzoek plaatsgevonden en de medicatie is doorgenomen. De rechtbank wordt gevolgd in haar oordeel dat sprake is van een zorgvuldige besluitvorming. De stelling van appellant dat sprake is van schending van het beginsel van hoor en wederhoor slaagt niet.</para>
      <para />
      <parablock>
        <para>
          <emphasis role="italic">Stap 2: equality of arms</emphasis>
        </para>
      </parablock>
      <para />
    </paragroup>
    <paragroup>
      <nr>4.5.</nr>
      <para>De kern van het beginsel van equality of arms is erin gelegen dat slechts als sprake is van evenwicht tussen partijen in de mogelijkheid om bewijsmateriaal aan te dragen, de bestuursrechter in staat is een onafhankelijk en onpartijdig oordeel te geven. Als de betrokkene (medische) stukken in het geding brengt, moet de bestuursrechter beoordelen of deze stukken een redelijke mogelijkheid vormen voor de betrokkene om de bestuursrechter van zijn standpunt te overtuigen. Appellant heeft in de beroepsprocedure gelegenheid gekregen om medische informatie in te brengen en hiervan ook gebruikgemaakt. De ingebrachte medische stukken zijn geschikt om de bestuursrechter te overtuigen. Van schending van equality of arms is geen sprake.</para>
      <para />
      <parablock>
        <para>
          <emphasis role="italic">Stap 3: inhoudelijke beoordeling </emphasis>
        </para>
      </parablock>
      <para />
    </paragroup>
    <paragroup>
      <nr>4.6.</nr>
      <parablock>
        <para>Wat appellant in hoger beroep heeft aangevoerd vormt geen aanleiding anders te oordelen dan de rechtbank heeft gedaan. De ingebrachte medische informatie en de rapportages van Instituut Psychosofia zijn beoordeeld door de verzekeringsarts bezwaar en beroep. Hierin is geen aanleiding gezien om anders te oordelen over de functionele mogelijkheden van appellant per de datum in geding. Op basis van de Standaard Duurbelastbaarheid is hierbij geen indicatie gezien voor een urenbeperking. Appellant is hersteld van een operatie op </para>
        <para>9 september 2015, waarbij een linkerknieprothese is geplaatst. De verzekeringsarts bezwaar en beroep heeft dit overtuigend gemotiveerd. Dat appellant ruim twee maanden na de datum in geding een operatie heeft ondergaan aan de rechterknie staat er niet aan in de weg om de aangenomen belastbaarheid voor juist te houden. De verzekeringsartsen hebben afdoende gemotiveerd dat met de beperkingen van beide knieën, ook van de rechterknie, voldoende rekening is gehouden en met de rechtbank wordt geen aanleiding gezien om de getrokken conclusie voor onjuist te houden. Appellant heeft met de betwisting van het standpunt van de verzekeringsartsen onvoldoende twijfel gezaaid om een deskundige in te schakelen. </para>
      </parablock>
      <para />
    </paragroup>
    <paragroup>
      <nr>4.7.</nr>
      <para>De rechtbank wordt ook gevolgd in haar oordeel dat het Uwv voldoende heeft gemotiveerd dat de aan de EZWb ten grondslag gelegde functies in medisch opzicht geschikt zijn voor appellant. </para>
      <para />
      <para>5. De overwegingen in 4.2 tot en met 4.7 leiden tot de conclusie dat het hoger beroep niet slaagt en de aangevallen uitspraak moet worden bevestigd. Daaruit volgt dat het verzoek om veroordeling tot vergoeding van schade moet worden afgewezen.</para>
      <para />
      <para>6. Voor een veroordeling in de proceskosten bestaat geen aanleiding.</para>
      <para />
      <para />
    </paragroup>
  </section>
  <section role="beslissing">
    <title>BESLISSING </title>
    <para />
    <parablock>
      <para>De Centrale Raad van Beroep </para>
    </parablock>
    <para />
    <para>- bevestigt de aangevallen uitspraak;</para>
    <para>- wijst het verzoek om veroordeling tot vergoeding van wettelijke rente af. </para>
    <para />
    <para />
    <parablock>
      <para>Deze uitspraak is gedaan door A.T. de Kwaasteniet, in tegenwoordigheid van </para>
      <para>P.B. van Onzenoort als griffier. De beslissing is uitgesproken in het openbaar op 14 maart 2019.</para>
    </parablock>
    <para />
    <para />
    <para />
    <parablock>
      <para>					(getekend) A.T. de Kwaasteniet</para>
    </parablock>
    <para />
    <para />
    <para />
    <parablock>
      <para>					(getekend) P.B. van Onzenoort</para>
    </parablock>
    <para />
    <para />
    <para />
    <parablock>
      <para>IvR</para>
    </parablock>
    <para />
  </section>
</uitspraak>
</open-rechtspraak>