<?xml version="1.0" encoding="utf-8"?>
<open-rechtspraak>
  <rdf:RDF xmlns:rdf="http://www.w3.org/1999/02/22-rdf-syntax-ns#" xmlns:ecli="https://e-justice.europa.eu/ecli" xmlns:tr="http://tuchtrecht.overheid.nl/" xmlns:eu="http://publications.europa.eu/celex/" xmlns:dcterms="http://purl.org/dc/terms/" xmlns:bwb="bwb-dl" xmlns:cvdr="http://decentrale.regelgeving.overheid.nl/cvdr/" xmlns:psi="http://psi.rechtspraak.nl/" xmlns:rdfs="http://www.w3.org/2000/01/rdf-schema#">
    <rdf:Description>
      <dcterms:identifier>ECLI:NL:RBDHA:2019:2050</dcterms:identifier>
      <dcterms:format>text/xml</dcterms:format>
      <dcterms:accessRights>public</dcterms:accessRights>
      <dcterms:modified>2019-03-14T09:08:22</dcterms:modified>
      <dcterms:issued rdfs:label="Publicatiedatum">2019-03-06</dcterms:issued>
      <dcterms:publisher resourceIdentifier="http://rechtspraak.nl/">Raad voor de Rechtspraak</dcterms:publisher>
      <dcterms:language>nl</dcterms:language>
      <dcterms:creator rdfs:label="Instantie" resourceIdentifier="http://standaarden.overheid.nl/owms/terms/Rechtbank_Den_Haag" scheme="overheid.RechterlijkeMacht">Rechtbank Den Haag</dcterms:creator>
      <dcterms:date rdfs:label="Uitspraakdatum">2019-03-06</dcterms:date>
      <psi:zaaknummer rdfs:label="Zaaknr">NL19.3139</psi:zaaknummer>
      <dcterms:type rdf:language="nl" resourceIdentifier="http://psi.rechtspraak.nl/uitspraak">Uitspraak</dcterms:type>
      <psi:procedure rdf:language="nl" rdfs:label="Procedure" resourceIdentifier="http://psi.rechtspraak.nl/procedure#eersteAanlegEnkelvoudig">Eerste aanleg - enkelvoudig</psi:procedure>
      <dcterms:coverage>NL</dcterms:coverage>
      <dcterms:spatial rdfs:label="Zittingsplaats">'s-Gravenhage</dcterms:spatial>
      <dcterms:subject rdfs:label="Rechtsgebied" resourceIdentifier="http://psi.rechtspraak.nl/rechtsgebied#bestuursrecht_vreemdelingenrecht">Bestuursrecht; Vreemdelingenrecht</dcterms:subject>
      <dcterms:hasVersion rdfs:label="Vindplaatsen" resourceIdentifier="http://psi.rechtspraak.nl/vindplaats">
        <rdf:list>
          <rdf:li>Rechtspraak.nl</rdf:li>
        </rdf:list>
      </dcterms:hasVersion>
    </rdf:Description>
    <rdf:Description rdf:about="http://deeplink.rechtspraak.nl/uitspraak?id=ECLI:NL:RBDHA:2019:2050">
      <dcterms:identifier>http://deeplink.rechtspraak.nl/uitspraak?id=ECLI:NL:RBDHA:2019:2050</dcterms:identifier>
      <dcterms:format>text/html</dcterms:format>
      <dcterms:accessRights>public</dcterms:accessRights>
      <dcterms:modified>2019-03-06T11:46:18</dcterms:modified>
      <dcterms:issued rdfs:label="Publicatiedatum">2019-03-07</dcterms:issued>
      <dcterms:publisher resourceIdentifier="http://rechtspraak.nl/">Raad voor de Rechtspraak</dcterms:publisher>
      <dcterms:language>nl</dcterms:language>
      <dcterms:title rdf:language="nl">ECLI:NL:RBDHA:2019:2050 Rechtbank Den Haag , 06-03-2019 / NL19.3139</dcterms:title>
      <dcterms:abstract resourceIdentifier="../../rs:inhoudsindicatie" />
    </rdf:Description>
  </rdf:RDF>
  <inhoudsindicatie id="ECLI:NL:RBDHA:2019:2050:INH" lang="nl" xml:space="preserve" xmlns="http://www.rechtspraak.nl/schema/rechtspraak-1.0" xmlns:xsd="http://www.w3.org/2001/XMLSchema" xmlns:xsi="http://www.w3.org/2001/XMLSchema-instance">
      <para>maatregel is voorzien van een (geavanceerd) elektronisch zegel en niet van een (geavanceerde) elektronische handtekening. De beroepsgrond slaagt.</para>
    </inhoudsindicatie>
  <uitspraak id="ECLI:NL:RBDHA:2019:2050:DOC" lang="nl" xml:space="preserve" xmlns="http://www.rechtspraak.nl/schema/rechtspraak-1.0" xmlns:xsd="http://www.w3.org/2001/XMLSchema" xmlns:xsi="http://www.w3.org/2001/XMLSchema-instance" xmlns:xlink="http://www.w3.org/1999/xlink">
  <uitspraak.info>
    <bridgehead role="bold">RECHTBANK DEN HAAG</bridgehead>
    <para />
    <parablock>
      <para>Zittingsplaats Rotterdam</para>
    </parablock>
    <para />
    <parablock>
      <para>Bestuursrecht</para>
    </parablock>
    <para />
    <parablock>
      <para>zaaknummer: NL19.3139	[v-nummer]</para>
    </parablock>
    <bridgehead role="bold">
      <?linebreak?>uitspraak van de enkelvoudige kamer in de zaak tussen</bridgehead>
    <bridgehead role="bold">
      [eiser]
    </bridgehead>
    <para>(gemachtigde: mr. M. Timmer),</para>
    <para />
    <parablock>
      <para>en</para>
    </parablock>
    <para />
    <bridgehead role="bold">de Staatssecretaris van Justitie en Veiligheid, verweerder</bridgehead>
    <para>(gemachtigde: mr. F. Ticheler).</para>
    <para />
  </uitspraak.info>
  <section role="procesverloop">
    <title>
      <?linebreak?>Procesverloop</title>
    <para />
    <parablock>
      <para>Bij besluit van 24 januari 2019 (het bestreden besluit) heeft verweerder aan eiser de maatregel van bewaring op grond van artikel 59b, eerste lid, aanhef en onder b, van de Vreemdelingenwet 2000 (Vw) opgelegd.</para>
    </parablock>
    <para />
    <parablock>
      <para>Eiser heeft tegen het bestreden besluit beroep ingesteld. Dit beroep strekt van rechtswege ook tot toekenning van schadevergoeding.</para>
    </parablock>
    <para />
    <parablock>
      <para>Het onderzoek ter zitting heeft plaatsgevonden op 21 februari 2019. Eiser is verschenen, bijgestaan door zijn gemachtigde. Als tolk is verschenen M. Koçer. Verweerder heeft zich laten vertegenwoordigen door zijn gemachtigde.</para>
    </parablock>
    <para />
    <parablock>
      <para>Het onderzoek ter zitting is geschorst om verweerder de gelegenheid te geven informatie te verstrekken. Dat heeft hij gedaan op 22 februari 2019. Daarop heeft eiser gereageerd op 25 februari 2019. Vervolgens heeft verweerder nog gereageerd op 27 en 28 februari 2019 en eiser nog op 28 februari 2019 en 4 maart 2019. Partijen hebben toestemming gegeven om de zaak verder buiten zitting af te doen.  </para>
    </parablock>
    <para />
  </section>
  <section role="overwegingen">
    <title>Overwegingen</title>
    <para />
    <parablock>
      <para>1.	Eiser voert aan dat de maatregel van bewaring niet op de voorgeschreven wijze is ondertekend. De maatregel is voorzien van een (geavanceerd) elektronisch zegel en niet van een (geavanceerde) elektronische handtekening. De beroepsgrond slaagt.</para>
    </parablock>
    <para />
    <paragroup>
      <nr>1.1.</nr>
      <para>Op grond van artikel 5.3, eerste lid, van het Vreemdelingenbesluit (Vb), voor zover van belang, wordt de maatregel waarbij de bewaring op grond van artikel 59, 59a of 59b van de Vw wordt opgelegd, gedagtekend en ondertekend.</para>
      <para />
      <parablock>
        <para>Op grond van artikel 2:16, eerste lid, van de Algemene wet bestuursrecht is aan het vereiste van ondertekening voldaan door een elektronische handtekening, indien de methode die daarbij voor ondertekening is gebruikt, voldoende betrouwbaar is, gelet op de aard en inhoud van het elektronische bericht en het doel waarvoor het is gebruikt.</para>
      </parablock>
      <para />
      <parablock>
        <para>Op grond van het tweede lid van genoemd artikel kan, indien de veiligheid en de betrouwbaarheid van het elektronische bericht en het doel waarvoor het wordt gebruikt dit noodzakelijk maken, bij wettelijk voorschrift het gebruik worden voorgeschreven van een bepaald type elektronische handtekening als bedoeld in artikel 3, onderdeel 10, van Verordening (EU) nr. 910/2014 van het Europees Parlement en de Raad van 23 juli 2014  (PbEU 2014, L257; eIDAS-verordening). Daarbij kunnen aanvullende eisen worden gesteld, tenzij het gaat om een geavanceerde elektronische handtekening als bedoeld in artikel 3, onderdeel 11 of een gekwalificeerde elektronische handtekening als bedoeld in artikel 3, onderdeel 12 van die verordening.</para>
      </parablock>
      <para />
      <parablock>
        <para>Op grond van artikel 3 van de eIDAS-verordening, zijn voor de doelstellingen van deze verordening, zijn de volgende definities van toepassing:</para>
      </parablock>
      <para>10.   „ elektronische handtekening”: gegevens in elektronische vorm die gehecht zijn aan of logisch verbonden zijn met andere gegevens in elektronische vorm en die door de ondertekenaar worden gebruikt om te ondertekenen;</para>
      <para>11.   „ geavanceerde elektronische handtekening”: een elektronische handtekening die voldoet aan de eisen in artikel 26;</para>
      <para>12.   „ gekwalificeerde elektronische handtekening”: een geavanceerde elektronische handtekening die is aangemaakt met een gekwalificeerd middel voor het aanmaken van elektronische handtekeningen en die gebaseerd is op een gekwalificeerd certificaat voor elektronische handtekeningen;</para>
      <para>25.   „ elektronisch zegel”: gegevens in elektronische vorm die gehecht zijn aan of logisch verbonden zijn met andere gegevens in elektronische vorm en die worden gebruikt om de oorsprong en integriteit daarvan te waarborgen;</para>
      <para>26.   „ geavanceerd elektronisch zegel”: een elektronisch zegel dat voldoet aan de eisen in artikel 36;</para>
      <para>27.   „ gekwalificeerd elektronisch zegel”: een geavanceerd elektronisch zegel dat aangemaakt is door een gekwalificeerd middel voor het aanmaken van elektronische zegels en dat gebaseerd is op een gekwalificeerd certificaat voor elektronische zegels.</para>
      <para />
      <parablock>
        <para>Op grond van het tweede lid van artikel 25 van de eIDAS-verordening heeft een gekwalificeerde elektronische handtekening hetzelfde rechtsgevolg als een handgeschreven handtekening.</para>
        <para>Op grond van artikel 26 van de eIDAS-verordening voldoet een geavanceerde elektronische handtekening aan de volgende eisen:</para>
      </parablock>
      <para>a. a) zij is op unieke wijze aan de ondertekenaar verbonden;</para>
      <para>b) zij maakt het mogelijk de ondertekenaar te identificeren;</para>
      <para>c) zij komt tot stand met gegevens voor het aanmaken van elektronische handtekeningen die de ondertekenaar, met een hoog vertrouwensniveau, onder zijn uitsluitende controle kan gebruiken, en</para>
      <para>d) zij is op zodanige wijze aan de daarmee ondertekende gegevens verbonden, dat elke wijziging achteraf van de gegevens kan worden opgespoord.</para>
      <para />
    </paragroup>
    <paragroup>
      <nr>1.2.</nr>
      <para>Niet in geschil is dat de maatregel van bewaring (in ieder geval) is voorzien van een (geavanceerd) elektronische zegel omdat sprake is van ondertekening door “de politie”. In geschil is of onder de maatregel van bewaring een elektronische handtekening is gezet.  </para>
      <para />
      <parablock>
        <para>Onderaan de maatregel van bewaring staat:</para>
        <para>
          <emphasis role="italic">“De maatregel is opgelegd:</emphasis>
        </para>
        <para>
          <emphasis role="italic">Plaats 		: Den Haag</emphasis>
        </para>
        <para>
          <emphasis role="italic">Datum 		: 24/01/2019</emphasis>
        </para>
        <para>
          <emphasis role="italic">Tijd 		: 15:30 uur.</emphasis>
        </para>
      </parablock>
      <para />
      <parablock>
        <para>
          <emphasis role="italic">De Staatssecretaris van Justitie en Veiligheid,</emphasis>
        </para>
        <para>
          <emphasis role="italic">namens deze,</emphasis>
        </para>
        <para>
          <emphasis role="italic">de hulpofficier van justitie,</emphasis>
        </para>
      </parablock>
      <para />
      <parablock>
        <para>
          <emphasis role="italic">Dit document is elektronisch ondertekend</emphasis>
        </para>
      </parablock>
      <para />
      <parablock>
        <para>
          <emphasis role="italic">J. van Leerdam</emphasis>
        </para>
        <para>
          <emphasis role="italic">inspecteur van Politie (…)”</emphasis>
        </para>
      </parablock>
      <para />
      <parablock>
        <para>Wanneer met de linkermuisknop wordt geklikt (zoals met partijen is bekeken op zitting) op <emphasis role="italic">“Dit document is elektronisch ondertekend”</emphasis> ziet de rechtbank onderstaande tekst:</para>
        <para>
          <emphasis role="italic">“De handtekening is geldig. Ondertekend door politie.</emphasis>
        </para>
        <para>
          <emphasis role="italic">Informatie over de handtekening.</emphasis>
        </para>
        <para>
          <emphasis role="italic">Ondertekend door: 	politie (…)</emphasis>
        </para>
        <para>
          <emphasis role="italic">Reden: 			Getekend door J, van Leerdam (hulpofficier van justitie) (…)</emphasis>
        </para>
        <para>
          <emphasis role="italic">Datum:			2019-01-24 15:23:52 + 01’00’ (…)</emphasis>
        </para>
        <para>
          <emphasis role="italic">Samenvatting van geldigheidscontrole</emphasis>
        </para>
        <para>
          <emphasis role="italic">De vorm van het document, welke door deze handtekening wordt beschermd, is niet gewijzigd. Het document kan achteraf worden gewijzigd.”</emphasis>
        </para>
      </parablock>
      <para />
      <parablock>
        <para>Wanneer met de rechtermuisknop op <emphasis role="italic">“Dit document is elektronisch ondertekend”</emphasis> wordt geklikt en vervolgens op <emphasis role="italic">“Documenteigenschappen”</emphasis>, ziet de rechtbank iets anders dan verweerder op pagina 2 van in zijn brief van 22 februari 2019 weergeeft, namelijk onder meer dit:</para>
        <para>
          <emphasis role="italic">“(…) Algemene informatie</emphasis>
        </para>
        <para>
          <emphasis role="italic">Bestandsinfo</emphasis>
        </para>
        <para>
          <emphasis role="italic">	Bestandsnaam: 	DSR5575167.pdf</emphasis>
        </para>
        <para>
          <emphasis role="italic">	Locatie: 		C/temp/divo/BOUTERI</emphasis>
        </para>
        <para>
          <emphasis role="italic">	Gemaakt: 		24-1-2019, 15:23:42</emphasis>
        </para>
      </parablock>
      <para />
      <parablock>
        <para>Verweerder spreekt in zijn brief van 22 februari 2019 zowel over ondertekening van het zegel (pagina 2) als over ondertekening van de maatregel van bewaring (pagina 3) en legt vervolgens uit een en ander feitelijk gaat (pagina 3). De rechtbank kan echter niet zelf vaststellen of enkel het zegel is ondertekend of dat ook de maatregel van bewaring is ondertekend. Zoals blijkt uit wat hiervoor in 1.1 is aangehaald, is een elektronisch zegel (waarborgt oorsprong en integriteit van gegevens) iets anders dan een elektronisch handtekening (heeft hetzelfde rechtsgevolg heeft als een handgeschreven handtekening) en is voor de rechtsgeldigheid van de maatregel van bewaring vereist dat die (al dan niet elektronisch) is ondertekend.</para>
        <para>Als al sprake is van een elektronische handtekening, kan de rechtbank niet vaststellen of de handtekening op zodanige wijze aan de daarmee ondertekende gegevens is verbonden, dat elke wijziging achteraf van de gegevens kan worden opgespoord, zoals is vereist op grond van artikel 26, aanhef en onder d, van de eIDAS-verordening. De rechtbank ziet namelijk enkel staan: <emphasis role="italic">“De vorm van het document, welke door deze handtekening wordt beschermd, is niet gewijzigd. De document kan achteraf worden gewijzigd.”</emphasis> Dat de PDF zelf niet is gewijzigd sinds de handtekening is toegepast ziet de rechtbank, anders dan verweerder stelt in zijn brief van 22 februari 2019, niet. </para>
      </parablock>
      <para />
      <parablock>
        <para>Omdat zich hier de vraag voordoet of sprake is van digitaal zegel of (ook) van een digitale handtekening, doet zich hier niet het geval voor als bedoeld in artikel 25, eerste lid, van de eIDAS-verordening, waar is bepaald dat het rechtsgevolg van een elektronische handtekening en de toelaatbaarheid ervan als bewijsmiddel in gerechtelijke procedures niet mogen worden ontkend louter op grond van het feit dat de handtekening elektronisch is of niet aan de eisen voor gekwalificeerde elektronische handtekeningen voldoet.</para>
      </parablock>
      <para />
      <para>2. Het beroep is gegrond. De rechtbank zal de opheffing van de maatregel van bewaring bevelen met ingang van vandaag.</para>
      <para />
      <para>3. Op grond van artikel 106 van de Vw kan de rechtbank indien zij de opheffing van de maatregel van bewaring beveelt aan eiser een schadevergoeding ten laste van de Staat toekennen. De rechtbank acht gronden aanwezig om een schadevergoeding toe te kennen voor 12 dagen onrechtmatige (tenuitvoerlegging van de) bewaring van 1 x € 105,- (verblijf politiecel) en 40 × € 80,- (verblijf detentiecentrum) = € 3.305,-.</para>
      <para />
      <para>4. De rechtbank veroordeelt verweerder in de door eiser gemaakte proceskosten. Deze kosten stelt de rechtbank op grond van het Besluit proceskosten bestuursrecht voor de door een derde beroepsmatig verleende rechtsbijstand vast op € 1.024,- (1 punt voor het indienen van het beroepschrift en 1 punt voor het verschijnen ter zitting met een waarde per punt van € 512,- en een wegingsfactor 1). Omdat aan eiser een toevoeging is verleend, moet verweerder de proceskostenvergoeding betalen aan de rechtsbijstandverlener.</para>
      <para />
      <para />
      <para />
    </paragroup>
  </section>
  <section role="beslissing">
    <title>Beslissing</title>
    <para />
    <parablock>
      <para>De rechtbank:<?linebreak?>- verklaart het beroep tegen de maatregel van bewaring gegrond;</para>
    </parablock>
    <para>- beveelt de opheffing van de maatregel van bewaring met ingang van vandaag;</para>
    <para>- wijst het verzoek om schadevergoeding toe en kent eiser een schadevergoeding toe van </para>
    <para>€ 3.305,- ten laste van de Staat der Nederlanden, te betalen door de griffier van de rechtbank;</para>
    <para>- veroordeelt verweerder in de proceskosten van eiser tot een bedrag van € 1.024,-.</para>
    <para />
    <parablock>
      <para>Deze uitspraak is gedaan door mr. I. Bouter, rechter, in aanwezigheid van C. Groenewegen, griffier.</para>
    </parablock>
    <para />
    <parablock>
      <para>Deze uitspraak is in het openbaar gedaan en bekendgemaakt op:</para>
    </parablock>
    <para />
    <para />
    <parablock>
      <para />
      <para>
        <emphasis role="bold">Rechtsmiddel</emphasis>
      </para>
      <para>Tegen deze uitspraak kan hoger beroep worden ingesteld bij de Afdeling Bestuursrechtspraak van de Raad van State binnen één week na de dag van bekendmaking.</para>
    </parablock>
    <para />
  </section>
</uitspraak>
</open-rechtspraak>