<?xml version="1.0" encoding="utf-8"?>
<open-rechtspraak>
  <rdf:RDF xmlns:rdf="http://www.w3.org/1999/02/22-rdf-syntax-ns#" xmlns:ecli="https://e-justice.europa.eu/ecli" xmlns:tr="http://tuchtrecht.overheid.nl/" xmlns:eu="http://publications.europa.eu/celex/" xmlns:dcterms="http://purl.org/dc/terms/" xmlns:bwb="bwb-dl" xmlns:cvdr="http://decentrale.regelgeving.overheid.nl/cvdr/" xmlns:psi="http://psi.rechtspraak.nl/" xmlns:rdfs="http://www.w3.org/2000/01/rdf-schema#">
    <rdf:Description>
      <dcterms:identifier>ECLI:NL:RBAMS:2019:1861</dcterms:identifier>
      <dcterms:format>text/xml</dcterms:format>
      <dcterms:accessRights>public</dcterms:accessRights>
      <dcterms:modified>2019-04-03T17:50:21</dcterms:modified>
      <dcterms:issued rdfs:label="Publicatiedatum">2019-03-14</dcterms:issued>
      <dcterms:publisher resourceIdentifier="http://rechtspraak.nl/">Raad voor de Rechtspraak</dcterms:publisher>
      <dcterms:language>nl</dcterms:language>
      <dcterms:creator rdfs:label="Instantie" resourceIdentifier="http://standaarden.overheid.nl/owms/terms/Rechtbank_Amsterdam" scheme="overheid.RechterlijkeMacht">Rechtbank Amsterdam</dcterms:creator>
      <dcterms:date rdfs:label="Uitspraakdatum">2019-03-12</dcterms:date>
      <psi:zaaknummer rdfs:label="Zaaknr">AWB - 18 _ 3040</psi:zaaknummer>
      <dcterms:type rdf:language="nl" resourceIdentifier="http://psi.rechtspraak.nl/uitspraak">Uitspraak</dcterms:type>
      <psi:procedure rdf:language="nl" rdfs:label="Procedure" resourceIdentifier="http://psi.rechtspraak.nl/procedure#eersteAanlegEnkelvoudig">Eerste aanleg - enkelvoudig</psi:procedure>
      <dcterms:coverage>NL</dcterms:coverage>
      <dcterms:spatial rdfs:label="Zittingsplaats">Amsterdam</dcterms:spatial>
      <dcterms:subject rdfs:label="Rechtsgebied" resourceIdentifier="http://psi.rechtspraak.nl/rechtsgebied#bestuursrecht">Bestuursrecht</dcterms:subject>
      <dcterms:hasVersion rdfs:label="Vindplaatsen" resourceIdentifier="http://psi.rechtspraak.nl/vindplaats">
        <rdf:list>
          <rdf:li>Rechtspraak.nl</rdf:li>
        </rdf:list>
      </dcterms:hasVersion>
    </rdf:Description>
    <rdf:Description rdf:about="http://deeplink.rechtspraak.nl/uitspraak?id=ECLI:NL:RBAMS:2019:1861">
      <dcterms:identifier>http://deeplink.rechtspraak.nl/uitspraak?id=ECLI:NL:RBAMS:2019:1861</dcterms:identifier>
      <dcterms:format>text/html</dcterms:format>
      <dcterms:accessRights>public</dcterms:accessRights>
      <dcterms:modified>2019-04-03T17:49:53</dcterms:modified>
      <dcterms:issued rdfs:label="Publicatiedatum">2019-04-03</dcterms:issued>
      <dcterms:publisher resourceIdentifier="http://rechtspraak.nl/">Raad voor de Rechtspraak</dcterms:publisher>
      <dcterms:language>nl</dcterms:language>
      <dcterms:title rdf:language="nl">ECLI:NL:RBAMS:2019:1861 Rechtbank Amsterdam , 12-03-2019 / AWB - 18 _ 3040</dcterms:title>
      <dcterms:abstract resourceIdentifier="../../rs:inhoudsindicatie" />
    </rdf:Description>
  </rdf:RDF>
  <inhoudsindicatie id="ECLI:NL:RBAMS:2019:1861:INH" lang="nl" xml:space="preserve" xmlns="http://www.rechtspraak.nl/schema/rechtspraak-1.0" xmlns:xsd="http://www.w3.org/2001/XMLSchema" xmlns:xsi="http://www.w3.org/2001/XMLSchema-instance">
      <para>Bestuurlijke boetes wegens woningonttrekking terecht opgelegd. Geen sprake van permanente bewoning, er was telkens sprake van korte periodes van verblijf van drie à vier weken, door verschillende groepen werknemers. De woningen in [naam] behoren tot de woonruimtevoorraad.</para>
    </inhoudsindicatie>
  <uitspraak id="ECLI:NL:RBAMS:2019:1861:DOC" lang="nl" xml:space="preserve" xmlns="http://www.rechtspraak.nl/schema/rechtspraak-1.0" xmlns:xsd="http://www.w3.org/2001/XMLSchema" xmlns:xsi="http://www.w3.org/2001/XMLSchema-instance" xmlns:xlink="http://www.w3.org/1999/xlink">
  <uitspraak.info>
    <bridgehead role="bold">RECHTBANK AMSTERDAM</bridgehead>
    <para>Bestuursrecht</para>
    <para />
    <parablock>
      <para>zaaknummers: AMS 18/3039 en AMS 18/3040</para>
    </parablock>
    <para />
    <bridgehead role="bold">uitspraak van de enkelvoudige kamer van 12 maart 2019 in de zaken tussen</bridgehead>
    <para />
    <bridgehead role="bold">
      [eiseres] , te [plaatsnaam] , eiseres</bridgehead>
    <para>(gemachtigde: mr. I. de Roos),</para>
    <para />
    <parablock>
      <para>en</para>
    </parablock>
    <para />
    <parablock>
      <para>
        <emphasis role="bold">het college van burgemeester en wethouders van de gemeente Amsterdam, </emphasis>verweerder</para>
      <para>(gemachtigde: mr. R. Lo Fo Sang).</para>
    </parablock>
    <para />
  </uitspraak.info>
  <section role="procesverloop">
    <title>Procesverloop</title>
    <para />
    <parablock>
      <para>Bij besluiten van 25 juli 2017 (de primaire besluiten) heeft verweerder aan eiseres tweemaal een boete van € 20.500 opgelegd en ingevorderd wegens woningonttrekking. De woningen [adres] en [adres] te [plaatsnaam] worden aan de bestemming tot bewoning onttrokken.</para>
    </parablock>
    <para />
    <parablock>
      <para>Bij afzonderlijke besluiten van 19 maart 2018 (de bestreden besluiten) heeft verweerder de bezwaren van eiseres ongegrond verklaard.</para>
    </parablock>
    <para />
    <parablock>
      <para>Eiseres heeft tegen de bestreden besluiten beroep ingesteld. </para>
    </parablock>
    <para />
    <parablock>
      <para>Verweerder heeft een verweerschrift ingediend.</para>
    </parablock>
    <para />
    <parablock>
      <para>Het onderzoek ter zitting heeft plaatsgevonden op 29 januari 2019. Beide partijen hebben zich laten vertegenwoordigen door hun gemachtigde.</para>
    </parablock>
    <para />
  </section>
  <section>
    <title>Overwegingen</title>
    <para />
    <parablock>
      <para>
        [adres]
      </para>
    </parablock>
    <para />
    <para>1. Op donderdag 15 juni 2017 hebben twee toezichthouders van de gemeente in het kader van het project [naam] een huisbezoek verricht op het adres [adres] te [plaatsnaam] . Eiseres is sinds 14 maart 2014 eigenaar van de woning op dit adres. Volgens de basisregistratie personen staat ten tijde van het onderzoek niemand ingeschreven op het adres. Bij het huisbezoek worden twee personen aangetroffen, waaronder [naam] .</para>
    <parablock>
      <para>Een collega van [naam] heeft telefonisch verklaard dat er volgens hem vier personen in de woning verblijven, maar hij weet dit niet helemaal zeker.</para>
      <para>Tevens is er telefonisch contact gezocht met [naam] , enig aandeelhouder van eiseres. [naam] verklaart dat er normaal gesproken vier personen in de woning verblijven, alhoewel er zes bedden in de woning staan. De mensen die in de woning verblijven zijn Slowaakse onderaannemers die voor het [naam] en andere bedrijven werken. De mensen blijven meestal voor 3-4 weken en gaan dan weer terug naar Slowakije voor vakantie. Dan komt er een nieuwe ploeg, die komt werken. De mensen betalen geen huur voor hun verblijf hier. Ook wordt er niets ingehouden. Het verblijf in de woning is “part of the deal”. </para>
      <para>Tevens verklaart [naam] dat hij de woning vanaf het begin na de renovatie zo’n twee jaar geleden, op zodanige wijze gebruikt. De woning [adres] wordt volgens hem op dezelfde wijze gebruikt als de woning [adres] .</para>
      <para>De toezichthouders constateren dat in de woning drie slaapkamers zijn met in totaal acht slaapplaatsen. De bevindingen zijn vastgelegd in het rapport van bevindingen van </para>
      <para>15 juni 2017.</para>
    </parablock>
    <para />
    <parablock>
      <para>
        [adres]
      </para>
    </parablock>
    <para />
    <para>2. Op 20 juni 2017 hebben twee toezichthouders van de gemeente in het kader van het project [naam] een huisbezoek verricht op het adres [adres] te [plaatsnaam] . Eiseres is sinds 17 oktober 2014 eigenaar van de woning op dit adres. Volgens de basisregistratie personen staat ten tijde van het onderzoek niemand ingeschreven op het adres.</para>
    <parablock>
      <para>Bij het huisbezoek wordt [naam] aangetroffen. [naam] verklaart dat hij met twee andere collega’s in de woning verblijft, die nog van het werk in [plaatsnaam] moeten komen. Ze werken op en af voor maximaal vier weken. Het ene team van drie komt en het andere team van drie gaat. De woning heeft zes slaapplaatsen. Ieder heeft zijn eigen bed. Ze werken allen voor [naam] van [naam] en hun verblijf betaalt de baas. Vorig jaar zomer waren ze klaar met de renovatie van de woning, sindsdien verblijft [naam] er maand op maand af.</para>
      <para>De toezichthouders constateren dat in de woning drie slaapkamers zijn met in totaal 6 à 7 slaapplaatsen. De bevindingen zijn vastgelegd in het rapport van bevindingen van </para>
      <para>21 juni 2017.</para>
    </parablock>
    <para />
    <para>3. Bij brieven van 5 juli 2017 heeft verweerder eiseres meegedeeld dat het voornemen bestaat om tweemaal een boete van € 20.500 op te leggen wegens woningonttrekking van bovengenoemde woningen. </para>
    <para />
    <para>4. Bij de primaire besluiten is aan eiseres tweemaal een boete van € 20.500 opgelegd en ingevorderd wegens woningonttrekking. Beide woningen worden aan de bestemming tot bewoning onttrokken. De woningen worden in gebruik gegeven aan minimaal drie huishoudens terwijl de woningen niet permanent door deze huishoudens worden bewoond doordat ze maximaal 3-4 weken in de woning verblijven. Ander gebruik van de woningen dan bewoning is onttrekking als bedoeld in artikel 21, onder a, van de Huisvestingswet 2014.<footnote-ref linkend="_950fe01e-6bc7-4fb0-9456-1735e3c70f38" /></para>
    <para />
    <para>5. Bij de bestreden besluiten zijn de opgelegde boetes gehandhaafd. Een permanente bewoning duurt minimaal zes maanden. Hierdoor staat vast dat een overtreding heeft plaatsgevonden van artikel 21, onder a van de Huisvestingswet. Verweerder is het met eiseres eens dat de werknemers hun hoofdverblijf in de woningen hadden tijdens hun verblijf in Nederland. Hun verblijf in Nederland had echter geen permanent karakter, hetgeen met zich meebrengt dat ze ook niet permanent in de woning verbleven. De woningen binnen de flat [naam] kunnen niet worden aangemerkt als nieuwbouw en/of hebben geen zodanige status gekregen. De woningen zijn nimmer gesloopt of onbewoonbaar verklaard. Zij zijn in het verleden bewoond geweest. Hierdoor zijn ze behouden tot de woningvoorraad en kunnen ze daaraan dus worden onttrokken.</para>
    <para />
    <para>6. In beroep zijn twee gronden aangevoerd. </para>
    <para>
      <emphasis role="italic">- 1) Er is sprake van permanente bewoning nu de bewoners er zes maanden verbleven, zodat van woningonttrekking geen sprake kan zijn.</emphasis>
      <?linebreak?>Eiseres verwijst naar de uitspraak van de voorzieningenrechter van de rechtbank Amsterdam van 28 augustus 2003 (ECLI:NL:RBAMS:2003:AJ210). Hierin is door de gemeente aangegeven dat bij wonen het gebruik van de woning vaak voor langere tijd is, door dezelfde personen, volgens een vast patroon. In onderhavig geval blijven de bewoners steeds voor langere tijd in de woning. De bewoning vindt telkens plaats door dezelfde personen. Het gaat om bewoning per toerbeurt door dezelfde personen die op regelmatige basis in Nederland werken. Er zijn drie vaste arbeidskrachten die in Nederland werken, als zij met verlof naar Slowakije gaan, komen drie andere arbeidskrachten terug. Deze twee groepen met mensen wisselen elkaar continu af. De harde zes maanden grens is een door de gemeente Amsterdam gehanteerde richtlijn voor het onderscheid permanent en tijdelijk bewonen, de gemeente gaat er hierbij aan voorbij dat het al dan niet permanent bewonen ook afhankelijk is van de omstandigheden van het geval. De werknemers verbleven in de woningen als zij in Nederland blijven, ze hadden daar hun hoofdverblijf, wat door verweerder ook wordt erkend.</para>
    <para>De bewijslast voor al dan niet permanente bewoning ligt bij de gemeente. Eiseres heeft facturen overgelegd van de werknemers. Uit deze stukken blijkt dat als je de weken van bewoning van het groepje zelfde personen bij elkaar optelt, die personen langer dan zes maanden verblijf hebben gehouden in de woningen. Dat de groepjes arbeidskrachten elkaar afwisselden en dus met enkele weken onderbreking in de woning verbleven, doet aan de uiteindelijke uitkomst van de optelsom van zes maanden niet af, aldus eiseres.  </para>
    <para />
    <para>
      <emphasis role="italic">- 2) De woningen maken geen deel uit van de woonruimtevoorraad en konden hier dus niet aan worden onttrokken.</emphasis>
      <?linebreak?>De flat [naam] is gesloopt en er was slechts een casco over waarbinnen nieuwe woningen zouden worden gecreëerd. Als zodanig bestonden deze ruimtes niet meer en was er geen sprake meer van woningen die deel uitmaakten van de woonruimtevoorraad. De [naam] woningen zijn binnen het bouwgeraamte [naam] opnieuw gecreëerd en geconstrueerd waarmee deze woningen, waaronder [adres] / [nummer] , kunnen worden gekwalificeerd als nieuwbouw welke geen deel uitmaken van de woonruimtevoorraad. Eiseres verwijst in dit kader naar de uitspraak van de Afdeling bestuursrechtspraak van de Raad van State van 10 juli 2013 (ECLI:NL:RVS:2013:196). Verweerder heeft op geen enkele manier bewezen dat de twee woningen na de bouw deel uit zijn gaan maken van de woonruimtevoorraad. De woningen zijn nooit op andere wijze gebruikt dan dat deze nu worden gebruikt voor het huisvesten van arbeiders die op regelmatige basis aan projecten werken. </para>
    <para />
    <parablock>
      <para>
        <emphasis role="italic">Oordeel rechtbank</emphasis>
      </para>
    </parablock>
    <para />
    <para>7. De rechtbank stelt vast dat deze zaak ziet op twee geschilpunten. Allereerst of er sprake is van permanente bewoning. Daarnaast of de betreffende woningen deel uitmaken van de woonruimtevoorraad.</para>
    <para />
    <parablock>
      <para>
        <emphasis role="underline">Geen permanente bewoning</emphasis>
      </para>
    </parablock>
    <para />
    <para>8. De rechtbank stelt voorop dat onder woningonttrekking wordt verstaan: ‘het aan de woningvoorraad onttrekken van woonruimte voor een ander doel dan permanente bewoning’.<footnote-ref linkend="_2721468f-a58e-4494-b5c0-944514bcad81" /> Er is sprake van bewoning als de bewoner/huurder de intentie heeft de woonruimte permanent (voor langere duur) te bewonen<footnote-ref linkend="_123d2d87-3194-479b-b681-2badcad62b5f" />. Ieder ander gebruik is geen bewoning en voor dergelijk gebruik is dan ook een onttrekkingsvergunning nodig. </para>
    <para />
    <para>9. In de toelichting<footnote-ref linkend="_2ad6e954-dd9a-4093-ad2b-7dbba7b69ef2" /> van de Huisvestingsverordening Amsterdam 2016 (geldig vanaf </para>
    <parablock>
      <para>1 januari 2018) staat: </para>
      <para>“Onder "aan de bestemming onttrekken" wordt verstaan elk ander gebruik dan permanente</para>
      <para>bewoning. Met andere woorden, een woning mag niet worden gebruikt voor een ander doel</para>
      <para>dan voor permanente bewoning. De betekenis van het begrip “bewoning” is gelijk aan de</para>
      <para>betekenis die daaraan in het normale spraakgebruik wordt gehecht. Wie een huis “bewoont”</para>
      <para>en is ingeschreven in de basisregistratie personen heeft daar – permanent – zijn hoofdverblijf. Permanent houdt in een periode van tenminste zes maanden. Sturen op het handhaven van de bestemming tot bewoning, wordt noodzakelijk geacht vanwege de grote druk op de Amsterdamse woningmarkt.”</para>
    </parablock>
    <para />
    <para>10. Niet in geschil is dat de werknemers tijdens afwisselende periodes in de woningen verbleven. Een collega van [naam] heeft verklaard dat er volgens hem vier personen in de woning [adres] verblijven. Dit is vervolgens bevestigd door [naam] , volgens hem blijven de mensen meestal voor 3-4 weken en gaan ze dan weer terug naar Slowakije voor vakantie. Vervolgens komt er een nieuwe ploeg werken. De woning [adres] wordt volgens [naam] op dezelfde wijze gebruikt als [adres] , hetgeen weer wordt bevestigd door de verklaring van de in [adres] aangetroffen werknemer [naam] . Dat de werknemers elkaar afwisselden en niet gedurende aaneengesloten perioden in de woningen verbleven wordt ook bevestigd door de door eiseres nader ingediende facturen.</para>
    <para>De rechtbank stelt vast dat van een lange aaneengesloten periode van bewoning door dezelfde bewoners geen sprake is geweest. Er was telkens sprake van korte periodes van verblijf van drie à vier weken, door verschillende groepen werknemers. Dat de telkens onderbroken/gefragmenteerde periodes bij elkaar opgeteld resulteren in een verblijf van langer dan zes maanden maakt dit niet anders. In het feit dat de woningen in gebruik werden gegeven voor korte periodes van drie à vier weken ligt al besloten dat de woningen werden gebruikt voor een ander doel dan permanente bewoning. Het voor korte periodes in gebruik geven, heeft naar zijn aard geen permanent karakter. Nu sprake was van tijdelijke ingebruikgeving, waren de woningen reeds hierom niet beschikbaar voor permanente bewoning en dus onttrokken aan de bestemming tot bewoning.</para>
    <para />
    <para>11. De conclusie luidt dat verweerder zich terecht op het standpunt heeft gesteld dat de woningen niet permanent werden bewoond. </para>
    <para />
    <parablock>
      <para>
        <emphasis role="underline">Behorend tot de woonruimtevoorraad</emphasis>
      </para>
    </parablock>
    <para />
    <para>12. Volgens vaste rechtspraak van de Afdeling<footnote-ref linkend="_2b998601-b957-4cc7-aaf4-0a4462057174" /> kan onttrekking in de zin van de Huisvestingswet slechts plaatsvinden, indien het desbetreffende gebouw op enig moment is bestemd voor permanente bewoning. Of dat het geval is moet worden beoordeeld aan de hand van objectieve maatstaven, waarbij het feitelijk gebruik niet doorslaggevend is.</para>
    <para />
    <para>13. Met verweerder is de rechtbank van oordeel dat de woningen vanaf de oplevering in 1972 bestemd en geschikt zijn geweest voor permanente bewoning van een huishouden. Niet in geschil is dat beide woningen in het verleden bewoond zijn geweest en dus voor permanente bewoning zijn gebruikt. Met verweerder is de rechtbank van oordeel dat de bestemming van een woning niet verloren gaat enkel door leegstand of verbouwing. Ook het gegeven dat de woningen casco aan eiseres zijn opgeleverd, maakt niet dat de woningen niet langer bestemd waren voor bewoning door een huishouden. Dit betekent dat de woningen tot de woonruimtevoorraad behoren en moeten worden aangemerkt als aangewezen woningen als bedoel in artikel 21 van de Huisvestingswet.</para>
    <para />
    <parablock>
      <para>
        <emphasis role="italic">Conclusie </emphasis>
      </para>
    </parablock>
    <para />
    <para>14. Gelet op het voorgaande en in aanmerking genomen dat niet in geschil is dat eiseres niet beschikt over onttrekkingsvergunningen heeft verweerder terecht geconstateerd dat artikel 21, onder a, van de Huisvestingswet is overtreden. Verweerder was dan ook bevoegd om de boetes op te leggen.</para>
    <para />
    <para>15. De rechtbank is niet gebleken van beroepsgronden die zien op matiging van de boetes. </para>
    <para />
    <para>16. De beroepen zijn ongegrond.</para>
    <para />
    <para>17. Voor een proceskostenveroordeling of een vergoeding van het griffierecht bestaat geen aanleiding.</para>
    <para />
  </section>
  <section role="beslissing">
    <title>Beslissing</title>
    <para />
    <parablock>
      <para>De rechtbank verklaart de beroepen ongegrond.</para>
    </parablock>
    <para />
    <para />
    <parablock>
      <para>Deze uitspraak is gedaan door mr. P. Sloot, rechter, in aanwezigheid van mr. J.R. de Savornin Lohman, griffier<emphasis role="italic">. </emphasis>De beslissing is in het openbaar uitgesproken op 12 maart 2019.</para>
    </parablock>
    <para />
    <parablock>
      <para>griffier</para>
      <para> rechter</para>
    </parablock>
    <para />
    <parablock>
      <para>Afschrift verzonden aan partijen op: <?linebreak?></para>
    </parablock>
  </section>
  <section>
    <title>Rechtsmiddel</title>
    <parablock>
      <para>Tegen deze uitspraak kan binnen zes weken na de dag van verzending daarvan hoger beroep worden ingesteld bij de Afdeling bestuursrechtspraak van de Raad van State.</para>
      <para>Als hoger beroep is ingesteld, kan bij de voorzieningenrechter van de hogerberoepsrechter worden verzocht om het treffen van een voorlopige voorziening of om het opheffen of wijzigen van een bij deze uitspraak getroffen voorlopige voorziening.</para>
    </parablock>
    <para />
  </section>
  <footnote id="_950fe01e-6bc7-4fb0-9456-1735e3c70f38" label="1">
    <para> Ingevolge dit artikel is het verboden om een woonruimte, behorend tot een met het oog op het behoud of de samenstelling van de woonruimtevoorraad door de gemeenteraad in de huisvestingsverordening aangewezen categorie gebouwen en die gelegen is in een in de huisvestingsverordening aangewezen wijk, zonder vergunning van burgemeester en wethouders anders dan ten behoeve van de bewoning of het gebruik als kantoor of praktijkruimte door de eigenaar aan de bestemming tot bewoning te onttrekken of onttrokken te houden.</para>
    <para />
  </footnote>
  <footnote id="_2721468f-a58e-4494-b5c0-944514bcad81" label="2">
    <para>(Tweede Kamer, vergaderjaar 2010 – 2011, 32 271, nr. 7, 14.)</para>
  </footnote>
  <footnote id="_123d2d87-3194-479b-b681-2badcad62b5f" label="3">
    <para> Uitspraak van de Afdeling bestuursrechtspraak van de Raad van State van 10 juli 2013, ECLI:NL:RVS:2013:196, zie r.o. 3.1</para>
  </footnote>
  <footnote id="_2ad6e954-dd9a-4093-ad2b-7dbba7b69ef2" label="4">
    <para> Zie pagina 72</para>
  </footnote>
  <footnote id="_2b998601-b957-4cc7-aaf4-0a4462057174" label="5">
    <para> Zie bijvoorbeeld de uitspraken van 10 juli 2013, ECLI:NL:RVS:2013:196, r.o. 3.2 en 27 juli 2016, ECLI:NL:RVS:2016:2080, r.o. 4.1.</para>
  </footnote>
</uitspraak>
</open-rechtspraak>