<?xml version="1.0" encoding="utf-8"?>
<open-rechtspraak>
  <rdf:RDF xmlns:rdf="http://www.w3.org/1999/02/22-rdf-syntax-ns#" xmlns:ecli="https://e-justice.europa.eu/ecli" xmlns:tr="http://tuchtrecht.overheid.nl/" xmlns:eu="http://publications.europa.eu/celex/" xmlns:dcterms="http://purl.org/dc/terms/" xmlns:bwb="bwb-dl" xmlns:cvdr="http://decentrale.regelgeving.overheid.nl/cvdr/" xmlns:psi="http://psi.rechtspraak.nl/" xmlns:rdfs="http://www.w3.org/2000/01/rdf-schema#">
    <rdf:Description>
      <dcterms:identifier>ECLI:NL:OGEAA:2019:157</dcterms:identifier>
      <dcterms:format>text/xml</dcterms:format>
      <dcterms:accessRights>public</dcterms:accessRights>
      <dcterms:modified>2019-03-29T14:10:45</dcterms:modified>
      <dcterms:issued rdfs:label="Publicatiedatum">2019-03-29</dcterms:issued>
      <dcterms:publisher resourceIdentifier="http://rechtspraak.nl/">Raad voor de Rechtspraak</dcterms:publisher>
      <dcterms:language>nl</dcterms:language>
      <dcterms:creator rdfs:label="Instantie" psi:resourceIdentifier="http://psi.rechtspraak.nl/GEA Aruba" scheme="psi.rechtspraak">Gerecht in Eerste Aanleg van Aruba</dcterms:creator>
      <dcterms:date rdfs:label="Uitspraakdatum">2019-03-19</dcterms:date>
      <psi:zaaknummer rdfs:label="Zaaknr">AUA201803961</psi:zaaknummer>
      <dcterms:type rdf:language="nl" resourceIdentifier="http://psi.rechtspraak.nl/uitspraak">Uitspraak</dcterms:type>
      <psi:procedure rdf:language="nl" rdfs:label="Procedure" resourceIdentifier="http://psi.rechtspraak.nl/procedure#eersteAanlegEnkelvoudig">Eerste aanleg - enkelvoudig</psi:procedure>
      <psi:procedure rdf:language="nl" rdfs:label="Procedure" resourceIdentifier="http://psi.rechtspraak.nl/procedure#beschikking&#xA;">Beschikking
</psi:procedure>
      <dcterms:coverage>NL</dcterms:coverage>
      <dcterms:subject rdfs:label="Rechtsgebied" resourceIdentifier="http://psi.rechtspraak.nl/rechtsgebied#civielRecht">Civiel recht</dcterms:subject>
      <dcterms:hasVersion rdfs:label="Vindplaatsen" resourceIdentifier="http://psi.rechtspraak.nl/vindplaats">
        <rdf:list>
          <rdf:li>Rechtspraak.nl</rdf:li>
        </rdf:list>
      </dcterms:hasVersion>
    </rdf:Description>
    <rdf:Description rdf:about="http://deeplink.rechtspraak.nl/uitspraak?id=ECLI:NL:OGEAA:2019:157">
      <dcterms:identifier>http://deeplink.rechtspraak.nl/uitspraak?id=ECLI:NL:OGEAA:2019:157</dcterms:identifier>
      <dcterms:format>text/html</dcterms:format>
      <dcterms:accessRights>public</dcterms:accessRights>
      <dcterms:modified>2019-03-29T14:10:09</dcterms:modified>
      <dcterms:issued rdfs:label="Publicatiedatum">2019-03-29</dcterms:issued>
      <dcterms:publisher resourceIdentifier="http://rechtspraak.nl/">Raad voor de Rechtspraak</dcterms:publisher>
      <dcterms:language>nl</dcterms:language>
      <dcterms:title rdf:language="nl">ECLI:NL:OGEAA:2019:157 Gerecht in Eerste Aanleg van Aruba , 19-03-2019 / AUA201803961</dcterms:title>
      <dcterms:abstract resourceIdentifier="../../rs:inhoudsindicatie" />
    </rdf:Description>
  </rdf:RDF>
  <inhoudsindicatie id="ECLI:NL:OGEAA:2019:157:INH" lang="nl" xml:space="preserve" xmlns="http://www.rechtspraak.nl/schema/rechtspraak-1.0" xmlns:xsd="http://www.w3.org/2001/XMLSchema" xmlns:xsi="http://www.w3.org/2001/XMLSchema-instance">
      <para>EJ, schorsing gezag moeder.</para>
    </inhoudsindicatie>
  <uitspraak id="ECLI:NL:OGEAA:2019:157:DOC" lang="nl" xml:space="preserve" xmlns="http://www.rechtspraak.nl/schema/rechtspraak-1.0" xmlns:xsd="http://www.w3.org/2001/XMLSchema" xmlns:xsi="http://www.w3.org/2001/XMLSchema-instance" xmlns:xlink="http://www.w3.org/1999/xlink">
  <uitspraak.info>
    <para>Beschikking van 19 maart 2019			</para>
    <para>behorend bij EJ nr. AUA201803961</para>
    <para />
    <parablock>
      <para>
        <emphasis role="bold underline">GERECHT IN EERSTE AANLEG VAN ARUBA</emphasis>
      </para>
    </parablock>
    <para />
    <parablock>
      <para>BESCHIKKING</para>
    </parablock>
    <para />
    <parablock>
      <para>op vordering van</para>
    </parablock>
    <para />
    <parablock>
      <para>
        <emphasis role="bold">HET OPENBAAR MINISTERIE</emphasis>,</para>
      <para>in Aruba,</para>
      <para>vertegenwoordigd door de officier van justitie,</para>
    </parablock>
    <para />
    <parablock>
      <para>om bekrachtiging van de voorlopige toevertrouwing aan de Voogdijraad </para>
      <para>van de minderjarige:</para>
    </parablock>
    <para />
    <parablock>
      <para>
        <emphasis role="bold">[Minderjarige]</emphasis>,</para>
      <para>geboren op [datum] 2005 in Aruba, </para>
    </parablock>
    <para />
    <parablock>
      <para>van wie de moeder is:</para>
    </parablock>
    <para />
    <parablock>
      <para>
        <emphasis role="bold">[Moeder]</emphasis>, de moeder,  </para>
      <para>wonende in Aruba,</para>
    </parablock>
    <para />
    <parablock>
      <para>van wie de vader is:</para>
    </parablock>
    <para />
    <parablock>
      <para>
        <emphasis role="bold">[Vader]</emphasis>, de vader.</para>
    </parablock>
    <para />
  </uitspraak.info>
  <section>
    <title>
      <nr>1</nr>DE PROCEDURE</title>
    <para>De procedure blijkt uit:</para>
    <itemizedlist mark="-">
      <listitem>
        <para>de vordering van het Openbaar Ministerie, ingediend op 10 december 2018,</para>
      </listitem>
      <listitem>
        <para>het verhoor van de minderjarige op 4 februari 2019,</para>
      </listitem>
      <listitem>
        <para>de griffiersaantekeningen van de mondelinge behandeling van 5 februari 2019, waaruit blijkt dat zijn verschenen de moeder in persoon, de vader, bijgestaan door zijn gemachtigde  mr. D. Illes en namens de Voogdijraad de heer [naam X] en mevrouw [naam Y]. </para>
      </listitem>
    </itemizedlist>
    <para>De uitspraak is bepaald op heden.</para>
    <para />
  </section>
  <section>
    <title>
      <nr>2</nr>DE FEITEN</title>
    <paragroup>
      <nr>2.1</nr>
      <para>Tijdens het huwelijk tussen de vader en de moeder is [minderjarige] op [datum] 2005 in Aruba geboren. De vader en moeder zijn gescheiden op [datum] 2011. Sinds 8 april 2013 is de moeder alleen belast met het gezag over de minderjarige.</para>
      <para />
    </paragroup>
  </section>
  <section>
    <title>
      <nr>3</nr>DE VORDERING</title>
    <para>De vordering strekt tot bekrachtiging van de voorlopige toevertrouwing. </para>
    <para />
  </section>
  <section role="overwegingen">
    <title>
      <nr>4</nr>DE BEOORDELING</title>
    <paragroup>
      <nr>4.1</nr>
      <para>Op grond van feiten die tot ontzetting of ontheffing van een ouder kunnen leiden, kan het openbaar ministerie, indien het dit in het belang van de minderjarige noodzakelijk acht, het kind aan het gezag van de ouder(s) onttrekken en alsdan voorlopig aan de voogdijraad toevertrouwen. De toevertrouwing vervalt indien het openbaar ministerie niet binnen veertien dagen van de rechter haar bekrachtiging heeft gevorderd. </para>
      <para />
    </paragroup>
    <paragroup>
      <nr>4.2</nr>
      <para>De bekrachtiging is tijdig gevorderd, zodat de toevertrouwing nog van kracht is. </para>
      <para />
    </paragroup>
    <paragroup>
      <nr>4.3</nr>
      <para>Ingevolge artikel 1:272, lid 3 van het Burgerlijk Wetboek van Aruba (BW) kan de rechter, indien de bekrachtiging tijdig is gevorderd, hetzij de teruggave van het kind aan zijn ouders bevelen, hetzij een van de beschikkingen geven, bedoeld in artikel 1:271 BW. Artikel 1:271 BW bepaalt dat de rechter, indien hij dat in het belang van het kind noodzakelijk acht, een ouder wiens ontzetting of ontheffing verzocht is, hangende het onderzoek geheel of gedeeltelijk in de uitoefening van het gezag over een of meer van zijn kinderen kan schorsen. Ingevolge het vierde lid vertrouwt de rechter het kind voorlopig toe aan de voogdijraad, indien de schorsing beide ouders betreft of een ouder die het gezag alleen uitoefent. </para>
      <para />
    </paragroup>
    <paragroup>
      <nr>4.4</nr>
      <para>Uit voornoemde bepalingen vloeit voort dat de voorlopige maatregel slechts kan worden genomen indien zich een situatie voordoet die het noodzakelijk maakt dat er met spoed wordt ingegrepen in het ouderlijk gezag. Ter beoordeling ligt dan voor de vraag of in dit geval sprake is van feiten die tot ontzetting of ontheffing van de moeder kunnen leiden, en die het noodzakelijk maken dat zij voorlopig geheel of gedeeltelijk in de uitoefening van het gezag over haar kind wordt geschorst. </para>
      <para />
    </paragroup>
    <paragroup>
      <nr>4.5</nr>
      <para>Voor zover hier van belang bepaalt artikel 1:269 BW dat de rechter, indien hij het in het belang van het kind noodzakelijk oordeelt, een ouder van het ouderlijk gezag kan ontzetten, om reden van misbruik van gezag of grove verwaarlozing van de verzorging of opvoeding van een of meer kinderen, dan wel slecht levensgedrag. Ingevolge artikel 1:266 BW kan de rechter, mits het belang van het kind zich daar niet tegen verzet, een ouder van het gezag over een of meer van zijn kinderen ontheffen, om reden dat deze ongeschikt of onmachtig is zijn plicht tot verzorging en opvoeding te vervullen. </para>
      <para />
    </paragroup>
    <paragroup>
      <nr>4.6</nr>
      <para>Uit het rapport van de voogdijraad van 28 januari 2019 en het verhandelde ter zitting is naar voren gekomen dat de minderjarige aanvankelijk met de moeder in een hotelkamer woonde, waar hij vaak alleen werd gelaten. Eind november 2018 woonde hij al enkele maanden bij de vader. Op zondag 25 november 2018 is de moeder naar het adres van de vader gegaan om de minderjarige op te halen. Deze wilde niet met zijn moeder mee, waarbij de politie is gebeld voor een crisisinterventie. De moeder heeft na de voorlopige toevertrouwing van de minderjarige aan de Voogdijraad, geweigerd om mee te werken aan het onderzoek van de Voogdijraad. Blijkens haar gedrag lijkt de moeder last te hebben van stemmingswisselingen en andere psychische problemen die zij in het verleden onder meer afreageerde op de minderjarige. Er zijn vermoedens van misbruik van de minderjarige in het recente verleden. Sinds de minderjarige bij de vader verblijft, zijn zijn prestaties en gedrag op school verbeterd. Het is op dit moment echter zonder dat er nader onderzoek is gedaan nog niet duidelijk  - mede gezien de slechte verhouding tussen de vader en de moeder en de vele conflicten tussen hen -  of het wenselijk is om vader met het gezag te bekleden.</para>
      <para />
    </paragroup>
    <paragroup>
      <nr>4.7</nr>
      <para>Gelet hierop is het gerecht van oordeel dat de door de wet aangegeven gronden voor de voorlopige maatregel aannemelijk zijn geworden en dat het in het belang van de minderjarige is dat de moeder voorlopig, voor de duur van drie maanden, geheel in de uitoefening van het gezag over haar wordt geschorst en dat de minderjarige voorlopig wordt toevertrouwd aan de Voogdijraad. </para>
      <para />
    </paragroup>
  </section>
  <section role="beslissing">
    <title>
      <nr>5</nr>DE BESLISSING</title>
    <para>Het gerecht:</para>
    <para />
    <parablock>
      <para>schorst de moeder uit het gezag welke zij heeft over de minderjarige [minderjarige], geboren op [datum] 2005 in Aruba in Aruba,</para>
    </parablock>
    <para />
    <parablock>
      <para>vertrouwt de minderjarige voorlopig toe aan de Voogdijraad,</para>
    </parablock>
    <para />
    <parablock>
      <para>bepaalt dat deze toevertrouwing van kracht zal blijven voor de duur van drie maanden, </para>
    </parablock>
    <para />
    <parablock>
      <para>verklaart deze beschikking uitvoerbaar bij voorraad.</para>
    </parablock>
    <para />
    <parablock>
      <para>Deze beschikking is gegeven op dinsdag 19 maart  2019 door mr. J.J. Verhoeven, rechter in dit gerecht, in aanwezigheid van de griffier.</para>
    </parablock>
    <para />
    <parablock>
      <para />
    </parablock>
  </section>
</uitspraak>
</open-rechtspraak>