<?xml version="1.0" encoding="utf-8"?>
<open-rechtspraak>
  <rdf:RDF xmlns:rdf="http://www.w3.org/1999/02/22-rdf-syntax-ns#" xmlns:ecli="https://e-justice.europa.eu/ecli" xmlns:tr="http://tuchtrecht.overheid.nl/" xmlns:eu="http://publications.europa.eu/celex/" xmlns:dcterms="http://purl.org/dc/terms/" xmlns:bwb="bwb-dl" xmlns:cvdr="http://decentrale.regelgeving.overheid.nl/cvdr/" xmlns:psi="http://psi.rechtspraak.nl/" xmlns:rdfs="http://www.w3.org/2000/01/rdf-schema#">
    <rdf:Description>
      <dcterms:identifier>ECLI:NL:RBAMS:2019:1637</dcterms:identifier>
      <dcterms:format>text/xml</dcterms:format>
      <dcterms:accessRights>public</dcterms:accessRights>
      <dcterms:modified>2019-03-13T10:21:10</dcterms:modified>
      <dcterms:issued rdfs:label="Publicatiedatum">2019-03-08</dcterms:issued>
      <dcterms:publisher resourceIdentifier="http://rechtspraak.nl/">Raad voor de Rechtspraak</dcterms:publisher>
      <dcterms:language>nl</dcterms:language>
      <dcterms:creator rdfs:label="Instantie" resourceIdentifier="http://standaarden.overheid.nl/owms/terms/Rechtbank_Amsterdam" scheme="overheid.RechterlijkeMacht">Rechtbank Amsterdam</dcterms:creator>
      <dcterms:date rdfs:label="Uitspraakdatum">2019-03-08</dcterms:date>
      <psi:zaaknummer rdfs:label="Zaaknr">NCC 19/003 (C/13/661952)</psi:zaaknummer>
      <dcterms:type rdf:language="nl" resourceIdentifier="http://psi.rechtspraak.nl/uitspraak">Uitspraak</dcterms:type>
      <psi:procedure rdf:language="nl" rdfs:label="Procedure" resourceIdentifier="http://psi.rechtspraak.nl/procedure#NCC">NCC</psi:procedure>
      <dcterms:coverage>NL</dcterms:coverage>
      <dcterms:spatial rdfs:label="Zittingsplaats">Amsterdam</dcterms:spatial>
      <dcterms:subject rdfs:label="Rechtsgebied" resourceIdentifier="http://psi.rechtspraak.nl/rechtsgebied#civielRecht">Civiel recht</dcterms:subject>
      <dcterms:hasVersion rdfs:label="Vindplaatsen" resourceIdentifier="http://psi.rechtspraak.nl/vindplaats">
        <rdf:list>
          <rdf:li>Rechtspraak.nl</rdf:li>
        </rdf:list>
      </dcterms:hasVersion>
    </rdf:Description>
    <rdf:Description rdf:about="http://deeplink.rechtspraak.nl/uitspraak?id=ECLI:NL:RBAMS:2019:1637">
      <dcterms:identifier>http://deeplink.rechtspraak.nl/uitspraak?id=ECLI:NL:RBAMS:2019:1637</dcterms:identifier>
      <dcterms:format>text/html</dcterms:format>
      <dcterms:accessRights>public</dcterms:accessRights>
      <dcterms:modified>2019-03-08T11:19:34</dcterms:modified>
      <dcterms:issued rdfs:label="Publicatiedatum">2019-03-08</dcterms:issued>
      <dcterms:publisher resourceIdentifier="http://rechtspraak.nl/">Raad voor de Rechtspraak</dcterms:publisher>
      <dcterms:language>nl</dcterms:language>
      <dcterms:title rdf:language="nl">ECLI:NL:RBAMS:2019:1637 Rechtbank Amsterdam , 08-03-2019 / NCC 19/003 (C/13/661952)</dcterms:title>
      <dcterms:abstract resourceIdentifier="../../rs:inhoudsindicatie" />
    </rdf:Description>
  </rdf:RDF>
  <inhoudsindicatie id="ECLI:NL:RBAMS:2019:1637:INH" lang="nl" xml:space="preserve" xmlns="http://www.rechtspraak.nl/schema/rechtspraak-1.0" xmlns:xsd="http://www.w3.org/2001/XMLSchema" xmlns:xsi="http://www.w3.org/2001/XMLSchema-instance">
      <parablock>
        <para>Applicant (Elavon, an Ireland-based company) seeks an order under article 3:251(1) Dutch Civil Code permitting the sale of pledged shares in a private transaction (a debt-for-equity swap) instead of a public auction. These shares (in IPS. B.V., the Company) were pledged by IPS Holding (the Company’s sole shareholder) to Crossbow and Rabobank as collateral for loans. IPS Holding and Airopack Technology Group AG (the Swiss Parent of the IPS entities) provided guarantees for the loans. The Company is in default under the loan agreements. Crossbow has accelerated the debt that it holds.</para>
        <para>Under Dutch law this means that the pledgee is entitled to enforce the pledge, and sell the collateral in a public auction. But to sell the shares in a private sale (as in this case), judicial permission is required (article 3:251(1) CC).</para>
        <para>The Netherlands Commercial Court (Court in Summary Proceedings) has jurisdiction under articles 25(1) and 26(1) of the Brussels Regulation (recast) (1215/2012) and article 24 of the Lugano Convention. All other legal requirements for proceedings to be in English before the NCC are met. Dutch law provides the company and property law rules in respect of the shares (lex societatis). </para>
        <para>The material issue is whether the price the buyer (Crossbow) is willing to pay for the Company’s shares is right. Elavon referred to a valuation report, which report and its findings are uncontested. The Court agrees that the contemplated transaction will deliver the highest value for the pledged shares and facilitate the business’s recovery. There are no successful defences. Accordingly, the Court grants permission for the shares to be sold and transferred to Crossbow under the conditions as described in the proposed Share Purchase Agreement.</para>
      </parablock>
      <para />
      <para />
      <parablock>
        <para>Summary in Dutch:</para>
        <para>In deze zaak gaat het om een verzoek om toestemming om een verpande zaak op een afwijkende wijze te verkopen (artikel 3:251 BW). Verzoekster (Elavon, gevestigd in Ierland), wil de aan haar verpande aandelen in een Nederlandse BV, IPS B.V., verkopen aan Crossbow, één van de schuldeisers die het pandrecht als zekerheid hebben. De grootmoedermaatschappij (de in Zwitserland gevestigde vennootschap Airopack Technology Group AG) heeft garanties voor de leningen verstrekt, en Q-Invest (een aandeelhouder daarvan) zijn mede om die reden als belanghebbenden bij deze zaak betrokken. Rabobank is mede-pandhouder en –geldschieter.</para>
        <para>De voorzieningenrechter van de Netherlands Commercial Court constateert dat hij bevoegd is om over dit verzoek te beslissen, en wel op grond van artikelen 25 en 26 van de Brussel Ibis-verordening en artikel 24 van het Verdrag van Lugano. Ook is voldaan aan de overige wettelijke vereisten voor behandeling van een zaak door de NCC. Nederlands recht is van toepassing op de vraag of de gevraagde toestemming moet worden verleend. </para>
        <para>Bij de beoordeling van het verzoek draait het om de vraag of de prijs die Crossbow bereid is voor de aandelen te betalen (via een ‘debt-for-equity swap’), de hoogst mogelijke opbrengst genereert voor de aandelen en ervoor zorgt dat de onderneming voortgezet kan worden. Mede gelet op het overgelegde en onweersproken rapport over de waarde van de aandelen concludeert de voorzieningenrechter dat dat het geval is. De aangevoerde verweren worden afgewezen. De voorzieningenrechter wijst het verzoek dan ook toe.</para>
      </parablock>
    </inhoudsindicatie>
  <uitspraak id="ECLI:NL:RBAMS:2019:1637:DOC" lang="nl" xml:space="preserve" xmlns="http://www.rechtspraak.nl/schema/rechtspraak-1.0" xmlns:xsd="http://www.w3.org/2001/XMLSchema" xmlns:xsi="http://www.w3.org/2001/XMLSchema-instance" xmlns:xlink="http://www.w3.org/1999/xlink">
  <uitspraak.info>
    <para />
    <bridgehead role="bold">AMSTERDAM DISTRICT COURT</bridgehead>
    <para />
    <parablock>
      <para>Netherlands Commercial Court </para>
      <para>NCC District Court – Court in Summary Proceedings</para>
    </parablock>
    <para />
    <parablock>
      <para>Case number: NCC 19/003 (C/13/661952)</para>
    </parablock>
    <para />
    <parablock>
      <para>
        <emphasis role="bold">Judgment</emphasis>
      </para>
    </parablock>
    <para />
    <bridgehead role="bold">8 March 2019</bridgehead>
    <para />
    <parablock>
      <para>
        <emphasis role="underline">Applicant</emphasis>: <emphasis role="bold">ELAVON FINANCIAL SERVICES DAC</emphasis>, Dublin (Ireland),</para>
      <para>represented by S.W. van den Berg and L.P Kortmann, lawyers</para>
    </parablock>
    <para />
    <parablock>
      <para>
        <emphasis role="underline">Interested parties</emphasis>:</para>
    </parablock>
    <para>1. <emphasis role="bold">I.P.S. HOLDING B.V.</emphasis>, Drunen (the Netherlands) </para>
    <para>represented by P.P.G. Jongen (on behalf of M. Wolters), lawyer</para>
    <para>2. <emphasis role="bold">I.P.S. B.V.</emphasis>, Vlijmen (the Netherlands)</para>
    <para>represented by P.P.G. Jongen (on behalf of M. Wolters), lawyer</para>
    <para>3. <emphasis role="bold">CROSSBOW ACQUISITION COMPANY B.V.</emphasis>, Amsterdam (the Netherlands) represented by B.F.H. Rumora-Scheltema and T.H.D. Struycken, lawyers</para>
    <para>4. <emphasis role="bold">COÖPERATIEVE RABOBANK U.A.</emphasis>, Amsterdam (the Netherlands)</para>
    <para>represented by A. Kuitenbrouwer, lawyer</para>
    <para>5. <emphasis role="bold">AIROPACK TECHNOLOGY GROUP AG</emphasis>, Baar (Switzerland) (did not appear)</para>
    <para>6. <emphasis role="bold">Q-INVEST B.V.</emphasis>, Vlijmen (the Netherlands), represented by F. Eikelboom, lawyer</para>
    <para />
    <parablock>
      <para>The applicant and interested parties 1 through 6 are referred to below as Elavon, IPS Holding, the Company, Crossbow, Rabobank, Swiss Parent and Q-Invest, respectively. IPS Holding and the Company are referred to collectively as the IPS entities. Counsel are members of the Netherlands Bar Association (the term “lawyer” above has the meaning as defined in article 3.1.1 NCCR).</para>
    </parablock>
    <para />
    <parablock>
      <para>
        <emphasis role="bold">Contents</emphasis>
      </para>
    </parablock>
    <para />
    <orderedlist numeration="arabic">
      <listitem>
        <para>Summary</para>
      </listitem>
      <listitem>
        <para>Defined terms</para>
      </listitem>
      <listitem>
        <para>Procedural history</para>
      </listitem>
      <listitem>
        <para>Background facts</para>
      </listitem>
      <listitem>
        <para>The application</para>
      </listitem>
      <listitem>
        <para>Discussion</para>
      </listitem>
    </orderedlist>
    <itemizedlist mark="">
      <listitem>
        <para>Jurisdiction, applicable law and related matters</para>
      </listitem>
      <listitem>
        <para>Interested parties</para>
      </listitem>
      <listitem>
        <para>The Swiss Parent/Administrator defence and the expropriation defence</para>
      </listitem>
      <listitem>
        <para>The issue is whether the price is right</para>
      </listitem>
    </itemizedlist>
    <para>7. Conclusion and order</para>
    <para>Signature pages</para>
    <para />
    <para />
  </uitspraak.info>
  <section>
    <title>
      <nr>1</nr>Summary</title>
    <para>The Company is a 100% subsidiary of IPS Holding, which itself is a 100% subsidiary of the Swiss Parent. Funding was provided to this group, with guarantees from various entities including IPS Holding. IPS Holding provided collateral: a pledge in respect of shares and receivables. The Company’s position is distressed. It is in default. Crossbow has accelerated the debt that it holds.</para>
    <para />
    <parablock>
      <para>In the application, Elavon (acting for Crossbow) sought an order under article 3:251(1) CC permitting the sale of pledged shares and receivables to Crossbow in a private transaction that is a debt-for-equity swap.</para>
    </parablock>
    <para />
    <parablock>
      <para>The issue is whether the price is right. Elavon referred to a valuation report. It is uncontested. Elavon’s conclusion is that the contemplated transaction will deliver the highest value for the pledged shares and receivables and facilitate the business’s recovery. I agree. There are no successful defences. Accordingly, I will give the appropriate order.</para>
    </parablock>
    <para />
  </section>
  <section>
    <title>
      <nr>2</nr>Defined terms</title>
    <parablock>
      <para>The following defined terms are used in this judgment:</para>
      <para>Agent:	Elavon acting as agent to Crossbow</para>
      <para>Administrator:	Dr Daniel Hunkeler, appointed by the Zug Cantonal Court for the Swiss Parent</para>
      <para>Apollo:	Apollo Global Management LLC or various funds managed by this company</para>
      <para>A&amp;M:	Alvarez &amp; Marsal Valuation Services LLP</para>
      <para>A&amp;M Report or Report:	Valuation of the Company by A&amp;M, 6 February 2019, exhibit 16 to the application</para>
      <para>CC and CCP:	Civil Code and Code of Civil Procedure (in force in the Netherlands)</para>
      <para>CRP:	Comprehensive Recapitalisation Plan, set out in a Term Sheet</para>
      <para>ELF:	Emergency Liquidity Facility</para>
      <para>Facilities Agreement:	A series of loans provided to the Company by Apollo (Senior Loans, resulting in Senior Debt, later transferred to Crossbow, which is now the Senior Lender) and Rabobank (Super Senior Loans); exhibit 4 to the application</para>
      <para>Greenhill:	Greenhill &amp; Co. International LLP</para>
      <para>Group:	The Swiss Parent’s group of companies; IPS Holding is a 100% Swiss Parent subsidiary, and the Company is a 100% IPS Holding subsidiary</para>
      <para>Lenders:	Apollo/Crossbow and Rabobank (and perhaps others)</para>
      <para>NCC agreement:	An agreement expressly stating proceedings will be in English before the NCC (article 1.3.1(d) NCCR)</para>
      <para>NCCR:	NCC Rules, <emphasis role="italic">Staatscourant</emphasis> 2018, 71572, 20 December 2018</para>
      <para>Pledge:	Security right granted by IPS Holding (in respect of the Shares and the Receivables) and enforced by the Agent/Pledgee; exhibits 6-8 to the application</para>
      <para>Pledgee and Pledgor:	Elavon and IPS Holding, respectively</para>
      <para>Receivables:	Debt owed by the Company to IPS Holding<footnote-ref linkend="_7fe11fd4-2385-42be-b4b0-ce4cd5b91424" /></para>
      <para>Senior Debt:	Owed under the Senior Loans</para>
      <para>Senior Loans:	Loans provided by Apollo to the Group, and transferred to Crossbow (an Apollo vehicle, now the Senior Lender)</para>
      <para>SPA:	Proposed Share Purchase Agreement enforcing the Pledge, the Shares being sold to Crossbow; exhibit 1 to the application</para>
      <para>Shares:	Shares in the Company’s capital</para>
      <para>Super Senior Loans:	Loans provided by Rabobank (Super Senior Lender) to the Group.</para>
    </parablock>
    <para />
  </section>
  <section>
    <title>
      <nr>3</nr>Procedural history</title>
    <para>Following Elavon’s application and Q-Invest’s statement of defence, a hearing was held on Monday, 18 February 2019, at 10:30 AM at the Palace of Justice, IJdok, Amsterdam. Rabobank notified the court in advance by letter that its representatives would not speak at the hearing. Elavon filed a concise statement on certain points as directed. Counsel to Elavon, Crossbow, the IPS entities and Q-Invest spoke at the hearing. A court record was prepared separately of what was said and done at the hearing. Crossbow (Ms Rumora-Scheltema) provided comments. I gave directions on Tuesday morning, 19 February 2019, to the effect that the Swiss Parent and the Administrator be given an opportunity to be heard at a hearing to be held on Tuesday, 26 February 2019, for that purpose and for a general update on any developments in the interim. On Monday, 25 February 2019, the parties notified the court that there was nothing further to discuss. The Swiss Parent and the Administrator notified the court that they would not be at the hearing. They also wrote that they do not contest the pledges and the default and that they urge the court to make a careful enquiry on the determination of the purchase price for the Shares. In these circumstances, I cancelled the hearing and notified the parties that I would give the judgment in the matter on Friday, 8 March 2019.</para>
    <para />
  </section>
  <section>
    <title>
      <nr>4</nr>Background facts</title>
    <paragroup>
      <nr>4.1.</nr>
      <para>The A&amp;M Report includes this undisputed “general description” of the business:</para>
      <para />
      <parablock>
        <para>
          <emphasis role="italic">General description of ATG</emphasis>
        </para>
        <para>
          <emphasis role="italic">Airopack Technology Group AG is a holding company organised in accordance with Swiss law and holds all the companies belonging to the Airopack Group either directly or indirectly. The entire Group is operationally managed by the Group Management. Airopack Group currently is active in one business segment.</emphasis>
          <?linebreak?>
          <emphasis role="italic">The holding company, with statutory seat in Baar, Switzerland, is the only listed company of the Airopack Group. The registered shares of Airopack Technology Group AG are listed on SIX Swiss Exchange (Ticker: AIRN / ISIN: CH 024 260 694 2). The market capitalisation of the Company as of 31 December 2018 amounted to CHF 43.7m (c.€38.8m) and CHF 15.2m (c.€13.3m) as of 1 February 2019 (source: S&amp;P Capital IQ).</emphasis>
        </para>
        <para>
          <emphasis role="italic">Airopack Group provides mechanical and pressure-controlled primary packaging technologies and dispensing systems for the manufacturers and suppliers of cosmetics, body care, pharmaceutical, and food products in Europe and North America. The Airopack technology offers all-plastic pressurised dispensers that use normal compressed air, which results in dispensing a formulation at constant pressure. It also engages the provision of sales and support services.</emphasis>
        </para>
        <para>
          <emphasis role="italic">The Company was formerly known as IPS Innovative Packaging Solutions AG and changed its name to Airopack Technology Group AG in May 2014.</emphasis>
        </para>
        <para>
          <emphasis role="italic">The Company is headquartered in Waalwijk, the Netherlands.</emphasis>
        </para>
        <para>
          <emphasis role="italic">As of 31 December 2018, the assets of the Company were mainly financed by loans from the Apollo Funds (c.€132m) and Rabobank bank loans (c.€15m) through a “Facilities Agreement”, dated 30 November 2018, other bank loans (c.€3m), leasing (c.€28m) and a loan from a third party resulting from the settlement of the IP purchase price (c.€22m).</emphasis>
        </para>
        <para>
          <emphasis role="italic">The main shareholders in the Company are Q-Invest/ [former CEO's family] , Apollo Global Management LLC, and LB (Swiss) Investment AG.</emphasis>
        </para>
      </parablock>
      <para />
      <parablock>
        <para>The Group is structured such that IPS Holding is a 100% subsidiary of the Swiss Parent, and the Company is a 100% subsidiary of IPS Holding. There is no dispute that IPS Holding has no substantial business activities other than holding the Shares.<footnote-ref linkend="_802b2384-8ad7-4af4-8711-8e929686ba9a" /></para>
      </parablock>
      <para />
    </paragroup>
    <paragroup>
      <nr>4.2.</nr>
      <para>The Company/Group has a history of successive rounds of significant investment. Initially, the [former CEO's family] was instrumental in setting up the business and supplying capital.<footnote-ref linkend="_2a3a7de1-ecd2-45ea-ab3e-f4f68eec55d7" /> [former Group CEO] is the Group founder. He served as Group CEO through late 2018. The [former CEO's family] investment vehicle, Q-Invest, currently holds 29.8% of the shares in the Swiss Parent’s capital. Next, Apollo made substantial investments in a series of documents known as the Facilities Agreement, acquiring 22% of the shares in the Swiss Parent’s capital and holding over € 132 million in aggregate principal debt (the Senior Debt).<footnote-ref linkend="_60363b59-7662-451f-b2e1-563de94f0551" /> Finally, Rabobank also supplied funding under a Facilities Agreement, currently holding over € 15 million in debt (under the Super Senior Loans).<footnote-ref linkend="_f1e4b562-99f0-4768-8c6a-5c5186835bd0" /></para>
      <para />
    </paragroup>
    <paragroup>
      <nr>4.3.</nr>
      <para>Such substantial funding obviously required collateral. It was provided in a security package.<footnote-ref linkend="_457b0298-408d-432b-b0e2-7b6eed9caaea" /> As part of this package, IPS Holding granted the Pledge to Apollo and Rabobank in respect of the Shares and the Receivables. IPS Holding, the Swiss Parent and other Group entities provided guarantees for the Senior Loans.</para>
      <para />
    </paragroup>
    <paragroup>
      <nr>4.4.</nr>
      <para>It is common ground that the business has high potential, but is in distress. In recent years, the Group has consistently failed to meet financial targets as defined in business plans.<footnote-ref linkend="_f5a75f20-56db-44f5-90bc-4b52bd065ce7" /> Recovery has been elusive. The Company has struggled to comply with its obligations under the Senior Loans. In late 2018, Greenhill<footnote-ref linkend="_0debe169-0e39-4776-b214-68d9af318a85" /> explored opportunities for a sale process, or alternatively restructuring or refinancing options. This process was unsuccessful as there was ultimately no interest by outside parties in any of these options. The CRP was initiated, seeking substantial new capital, but this too was unsuccessful.<footnote-ref linkend="_8d695fcc-a26e-4f86-8eea-b0cbcdbb3bd2" /></para>
      <para />
    </paragroup>
    <paragroup>
      <nr>4.5.</nr>
      <para>On 31 January 2019, the Company failed to make an interest payment under the Facilities Agreement. In addition, on that date the Company failed to meet an EBITDA target under this agreement.<footnote-ref linkend="_eed42d61-86f2-484c-8a11-67c9b5af9b79" /> On 9 February 2019, Apollo transferred the Senior Loans to Crossbow (an Apollo vehicle, now the Senior Lender).<footnote-ref linkend="_62238dd7-caec-4a38-b387-cf548e93ddb9" /> On that date, Crossbow provided a € 25 million emergency liquidity facility (the ELF), of which the Company drew € 15 million within two days.<footnote-ref linkend="_af2bcdc4-7bdb-4792-9737-323659a48dcf" /> On the same date, Elavon (acting as Agent and as Pledgee) sent a notice to the Swiss Parent accelerating the Senior Debt except for the ELF.<footnote-ref linkend="_f3b20347-7f87-46d8-8bf1-994d559e1594" /> The total debt owed to Apollo/Crossbow and Rabobank was over € 147 million at that time (excluding interest, costs and the ELF).<footnote-ref linkend="_156c7d41-ffea-4b7a-a8ca-c9a110ec6b51" /> It is noteworthy that Rabobank was not authorised to take enforcement action at that time.<footnote-ref linkend="_32a697e7-6157-41f7-8649-fbcf8a98e11b" /></para>
      <para />
    </paragroup>
    <paragroup>
      <nr>4.6.</nr>
      <para>Crossbow instructed Elavon to enforce the pledge. The Swiss Parent instructed A&amp;M, who prepared their Report on the valuation of the Company. Elavon prepared draft transaction documentation for a debt-for-equity swap (the SPA). The proposed transaction has these four main features:<footnote-ref linkend="_dfd2161e-9433-465b-88f4-c70a062fbcf4" /></para>
      <itemizedlist mark="-">
        <listitem>
          <para>a) Crossbow acquires the Shares as well as the Receivables (Elavon acting as seller);</para>
        </listitem>
        <listitem>
          <para>b) Crossbow pays the Pledgee (Elavon) € 1 plus an amount equal to (i) enforcement costs (including what is owed to the Pledgee and the Lenders), to be determined shortly before completion, and (ii) whatever is owed to the Super Senior Lender (Rabobank) under the Super Senior Loans, if and to the extent Rabobank decides not to continue funding the Group after the transaction. These payments reduce the Pledgor’s (IPS Holding’s) liabilities. </para>
        </listitem>
        <listitem>
          <para>c) Crossbow will grant the Pledgor a release such that the Pledgor’s guarantee obligations in respect of the Senior Lender (Crossbow) are not more than € 15 million (Senior Loans) (nothing being owed in respect of the ELF).<footnote-ref linkend="_397441eb-f5d0-44fb-9386-c58ee2f5f318" /></para>
        </listitem>
      </itemizedlist>
      <para>( d) The Pledgor’s guarantee for the Super Senior Loans will remain in place (but is manageable given Crossbow’s commitment under (b)(ii) above).</para>
      <para>The Swiss Parent announced its intention to file an application for a provisional composition moratorium in the Zug Cantonal Court.<footnote-ref linkend="_3acec268-1c7b-461f-8425-a37e6b0fa163" /></para>
      <para />
    </paragroup>
    <paragroup>
      <nr>4.7.</nr>
      <para>Elavon, Crossbow, Rabobank and the IPS entities signed an agreement, expressly stating that the proceedings will be in English before the NCC.  Elavon filed the article 3:251(1) CC application with the NCC/CSP (Court in Summary Proceedings), requesting permission to enforce the pledge and execute the transaction summarised above under 4.6.</para>
      <para />
    </paragroup>
    <paragroup>
      <nr>4.8.</nr>
      <para>The Zug Cantonal Court ordered a provisional composition moratorium (<emphasis role="italic">provisorische Nachlassstundung</emphasis>) in respect of the Swiss Parent on 12 February 2019, appointing Dr Hunkeler as Administrator.<footnote-ref linkend="_5d433ab8-85c4-41ad-99b9-1a82d8372e67" /></para>
      <para />
    </paragroup>
  </section>
  <section>
    <title>
      <nr>5</nr>The application</title>
    <paragroup>
      <nr>5.1.</nr>
      <para>In the application, acting in its capacity as Pledgee, Elavon sought an order under article 3:251(1) CC permitting the sale of the Shares (and Receivables) in a private transaction that is a debt-for-equity swap.</para>
      <para />
    </paragroup>
    <paragroup>
      <nr>5.2.</nr>
      <para>Elavon’s argument is that the Company’s position is distressed. The Company is in default. The Senior Debt has been accelerated. The Pledge is admitted. Elavon submits that the proposed transaction will deliver maximum value for the Shares and help the business in its efforts to recover.</para>
      <para />
    </paragroup>
  </section>
  <section>
    <title>
      <nr>6</nr>Discussion</title>
    <bridgehead role="bold italic">Jurisdiction, applicable law and related matters</bridgehead>
    <para />
    <paragroup>
      <nr>6.1.</nr>
      <para>The first point I am called upon to examine in this case is the jurisdiction of the Amsterdam District Court.</para>
      <para />
    </paragroup>
    <paragroup>
      <nr>6.2.</nr>
      <para>It is clear, in my view, that the Amsterdam District Court has jurisdiction under articles 25(1) and 26(1) of the Brussels Regulation (recast) (1215/2012) and article 24 of the Lugano Convention.<footnote-ref linkend="_4b930326-113c-4837-8b2d-ba3c950598a8" /> There is a choice-of-court clause in the Pledge documentation.<footnote-ref linkend="_0a6dc3cf-44e5-4c34-887e-8212486d2d8f" /> The parties (except for the Swiss Parent and Q-Invest) signed a choice-of-court agreement prior to the application.<footnote-ref linkend="_0108e30e-b619-4137-9a24-d96cfa0e3629" /> All of the parties either entered an appearance or sent a similar notice<footnote-ref linkend="_82777f8c-9695-42f0-8c91-d13d20c9511b" /> acknowledging the proceedings without objection as to jurisdiction. At the hearing, counsel representing Elavon, Crossbow, Rabobank, the IPS entities and Q-Invest expressly confirmed that this court should deal with the matter in any event.<footnote-ref linkend="_9bc8cad4-44fb-4d01-913a-540db9e9947d" /></para>
      <para />
    </paragroup>
    <paragroup>
      <nr>6.3.</nr>
      <para>The next point is articles 1.3.1 and 1.3.2 NCCR. These articles reflect article 30r CCP, which is the statutory framework for proceedings to be in English before the NCC/CSP. I am satisfied all of these requirements are met. </para>
      <itemizedlist mark="-">
        <listitem>
          <para>a) Article 1.3.1(a) NCCR. This is a civil or commercial matter, the pledge is a particular legal relationship within the parties’ autonomy and the matter is not subject to Subdistrict Court jurisdiction or to the exclusive jurisdiction of any other chamber or court.</para>
        </listitem>
        <listitem>
          <para>b) Article 1.3.1(b) NCCR. The application obviously involves a matter of international dimensions. To begin with, Elavon is based in Ireland and the IPS entities are part of a Swiss-based group. That is enough to make this case an international dispute. But that is not all. Apollo/Crossbow and Rabobank have international activities and the Group’s business operates (or plans to operate) in international markets for pressurised dispensers in Europe and North America.<footnote-ref linkend="_079e3510-cacb-4f42-ae7c-cc01c8c1882c" /> Given the above, the documentation is in English. These circumstances, or any combination of these circumstances, might be enough to meet the test in any particular case. The sum total makes it obvious we are dealing with an international dispute in this matter.</para>
        </listitem>
      </itemizedlist>
      <itemizedlist mark="-">
        <listitem>
          <para>c) Article 1.3.1(c) NCCR. The matter of jurisdiction was dealt with above.</para>
        </listitem>
        <listitem>
          <para>d) Article 1.3.1(d) NCCR. Elavon, Crossbow, Rabobank and the IPS entities signed a pre-application agreement. I am satisfied that it is a valid NCC agreement. It expressly states that the proceedings will be in English before the NCC (constituted as a chamber of the Amsterdam District Court). While it is true that the Swiss Parent and Q-Invest did not sign that agreement, in their communications with the court they did not raise any objections as to the language of the proceedings or the chamber of the Amsterdam District Court dealing with the case. In fact, at the hearing counsel for Q-Invest confirmed the case should be dealt with by the NCC in English. In light of the above, the parties should be allowed to conduct the proceedings in English before the NCC, as they obviously wish to do so.<footnote-ref linkend="_0bf28ed0-a47f-4dfe-9aa9-b2cfa01e5f7c" /></para>
        </listitem>
      </itemizedlist>
      <para>( e) Article 1.3.2(a) is not an issue here. The CSP is designated in article 3:251 CC as the appropriate forum for this type of application.</para>
      <para />
    </paragroup>
    <paragroup>
      <nr>6.4.</nr>
      <para>The official copy of each document in the proceedings was submitted in hard copy. In addition, counsel have affirmed their consent to use eNCC on a voluntary basis. No one has objected to this. eNCC has been used in this matter on that basis.</para>
      <para />
    </paragroup>
    <paragroup>
      <nr>6.5.</nr>
      <para>The last point I should address in this section is the matter of applicable law. As set out above, the issue in this case is whether or not to permit Elavon to sell and transfer the Shares in a private transaction involving a debt-for-equity swap. My work in this matter is a summary enquiry. In this context, I will apply Dutch company and property law. The Company’s statutory seat is in the Netherlands and Dutch law therefore provides the company and property law rules in respect of the Shares.<footnote-ref linkend="_d5c0f89c-bb05-45a2-bbac-a633a24c28ac" /> However, under the relevant contractual arrangements, English law governs the Facilities Agreement, and Dutch law governs the Pledge documents.<footnote-ref linkend="_2a484404-2b4a-437a-84fd-baf8ae3c70e4" /> I will apply the law chosen by the parties to govern their respective agreements.<footnote-ref linkend="_4927010c-90fe-45f8-b458-e45da12bfa7a" /></para>
      <para />
      <parablock>
        <para>
          <emphasis role="bold italic">Interested parties</emphasis>
        </para>
      </parablock>
      <para />
    </paragroup>
    <paragroup>
      <nr>6.6.</nr>
      <para>In the application and at the hearing, Elavon and Crossbow suggested that Q-Invest and the Swiss Parent lack a sufficient interest to justify allowing them to participate in these proceedings. The standard I must apply is whether Q-Invest’s and the Swiss Parent’s interests are sufficient to warrant their participation in the proceedings, given the potential impact of the judgment on them and any other way they may be affected by the subject matter that is dealt with in the proceedings.<footnote-ref linkend="_b1653044-eea3-4def-b792-e35da3d570b5" /> Applying this standard, I find Q-Invest and the Swiss Parent should be allowed to participate. IPS Holding has no business activities other than holding the Shares. This means the proposed transaction, selling and transferring the Shares to Crossbow, has a direct impact on the entities at the Swiss Parent shareholder level (where the decisions on matters such as management and funding are ultimately made). Also, virtually all of the business value in the Group is in the Company. As a result, the transaction will, if executed, permanently remove most or all of the business value from the Group and transfer it to a rival Swiss Parent shareholder (Crossbow/Apollo). In addition, the Swiss Parent is a guarantor<footnote-ref linkend="_0f296a13-f4cb-4db9-9851-5a0325fd957a" /> under the Facilities Agreement and it is in a moratorium process in Switzerland. It is important for there to be no undue interference with that process. For these reasons, the Swiss Parent and Q-Invest were given the opportunity to participate. This caused no undue delay. The Swiss Parent did not submit a defence or attend a hearing, but Q-Invest’s remarks in its defence and at the hearing were constructive and helpful to grasp the issues in the case.</para>
      <para />
      <parablock>
        <para>
          <emphasis role="bold italic">The Swiss Parent/Administrator defence and the expropriation defence</emphasis>
        </para>
      </parablock>
      <para />
    </paragroup>
    <paragroup>
      <nr>6.7.</nr>
      <para>Two defences must be dealt with at this stage before I focus on the issue of valuation.</para>
      <para />
    </paragroup>
    <paragroup>
      <nr>6.8.</nr>
      <para>The first defence, presented by Q-Invest and the IPS entities (Mr Eikelboom and Mr Jongen, respectively), is that the Swiss Parent and the Administrator should be consulted on matters such as the current status and business requirements going forward, what should be done with the Shares and how to generate more value. There is no need for me to consider this defence. The Swiss Parent and the Administrator have written to the court acknowledging the Senior Debt, the default and the Pledge, asking the court to review the valuation carefully, and noting that the court has all the information required to make a determination on the valuation. Their views are clear. There is no need for further consultation. No issues arise as to potential interference with the Administrator’s work or the Zug Cantonal Court order for the provisional moratorium. The Swiss Parent and the Administrator have presented no rival or alternative plans as to the future of the business.</para>
      <para />
    </paragroup>
    <paragroup>
      <nr>6.9.</nr>
      <para>The second defence, as raised by Q-Invest,<footnote-ref linkend="_3a7bba4e-bf79-4b7f-9164-f4eb6b7b3f74" /> is that the proposed transaction involves an expropriation that is illegal under protection-of-property rules in Article 1 of Protocol no. 1 to the European Convention on Human Rights. I reject this defence. The proposed enforcement of security rights is based on article 3:251(1) CC. In light of everything said in this judgment, it is manifestly lawful, in the public interest, in accordance with relevant international law principles and reasonably proportionate. Nothing has been said that suggests otherwise.</para>
      <para />
      <parablock>
        <para>
          <emphasis role="bold italic">The issue is whether the price is right</emphasis>
        </para>
      </parablock>
      <para />
    </paragroup>
    <paragroup>
      <nr>6.10.</nr>
      <para>The discussion above brings me to the material issue in this case. It is whether the price is right. Article 3:251(1) CC mandates a review of this issue, as an order is sought permitting the sale of the Shares in a private transaction (as opposed to a public auction). </para>
      <para />
    </paragroup>
    <paragroup>
      <nr>6.11.</nr>
      <para>Elavon’s argument is that the transaction provides maximum value as it will result in over € 117.4 million in reductions in IPS Holding liabilities under the Facilities Agreement<footnote-ref linkend="_bfca63b0-d2d3-4759-95d6-bbf5aaeb1180" /> (or, as I understand it, even more, since IPS Holding will no longer be responsible for the ELF, as Crossbow (Ms Rumora-Scheltema) clarified at the hearing).</para>
      <para />
    </paragroup>
    <paragroup>
      <nr>6.12.</nr>
      <para>The IPS entities (Mr Jongen) raised two points I must address at this stage. First, Mr Jongen asked whether an English law opinion should be sought as to the legal effect of the proposed transaction, since certain aspects such as the proposed release<footnote-ref linkend="_85bdf03a-a404-4380-b192-5808b208448e" /> may be governed by English law. I appreciate the point, but in this case I see no need for such an opinion. The transaction documentation is uncontested. Nothing in the record suggests the documentation could mean anything other than what it says (as elucidated by Elavon in the application: paragraph 4.6 above). Second, Mr Jongen questioned whether the proposed release is appropriate since this is unfavourable compared to a set-off arrangement (which operates automatically and immediately). This point does not give me concern. Mr Jongen referred to the extinguishing of the debt after the acquisition of the Shares. This appears to be an accurate statement of the proposal. But this process is an irrevocable and unconditional undertaking by the Senior Lender.<footnote-ref linkend="_f74f6d47-2e1d-4d65-80b2-e78eca1c5e52" /> Elavon has unequivocally stated how the transaction will work.<footnote-ref linkend="_b8120e44-5f5f-4462-9311-ae8a4272b9c0" /> I have no doubt Elavon will punctiliously follow this course of action. There is nothing in the record to suggest otherwise. Effective legal remedies are available, should they be required.</para>
      <para />
    </paragroup>
    <paragroup>
      <nr>6.13.</nr>
      <para>I now turn to the issue of valuation. The A&amp;M Report is the controlling document. In preparing their report, A&amp;M assumed that information provided by the Swiss Parent was accurate and reliable. Nothing in the record suggests this approach is inappropriate. Ms Rumora-Scheltema (Crossbow) explained that the irregularities she referred to were unrelated to the assumptions in the A&amp;M Report. This is undisputed.</para>
      <para />
    </paragroup>
    <paragroup>
      <nr>6.14.</nr>
      <para>As requested, Elavon submitted a concise and undisputed statement on A&amp;M’s qualifications and enquiry. This is what Elavon wrote:<footnote-ref linkend="_db8fb1fd-15cb-4aa9-a5f7-d59ad04abbc3" /></para>
      <para />
      <parablock>
        <para>
          <emphasis role="italic">Alvarez &amp; Marsal Valuation Services LLP ("A&amp;M") made an independent assessment of the value of I.P.S. B.V. and its subsidiaries as at 1 January 2019. The valuation was commissioned independently by the Swiss Parent, after a recommendation from Apollo.</emphasis>
        </para>
        <para>
          <emphasis role="italic">A&amp;M is one of world's leading valuators and turnaround experts, and is specialized in distressed situations. A&amp;M is part of the Alvarez &amp; Marsal group. According to Bloomberg, Alvarez &amp; Marsal, LLC "offers turnaround advisory, crisis and interim management, process improvement, creditor advisory, corporate finance, and transaction advisory services. Additionally, it provides business consulting, real estate and tax advisory, dispute analysis, and forensics services. It caters to apparel, consumer products, education, energy, finance, retail, healthcare, transportation and manufacturing sectors. Alvarez &amp; Marsal, LLC was founded in 1983 and is based in New York, New York with additional offices in Amsterdam, the Netherlands; Milan, Italy; Paris, France; Toronto, Canada; Shanghai, China; Wanchai, Hong Kong; Singapore; and London, United Kingdom."</emphasis>
        </para>
        <para>
          <emphasis role="italic">The scope of the investigation by A&amp;M, as commissioned by the Swiss Parent, is described on page 1 of the A&amp;M report and entailed performance of an independent analysis to assess the enterprise value of I.P.S. B.V. and its subsidiaries and affiliates.</emphasis>
        </para>
        <para>
          <emphasis role="italic">A&amp;M performed the majority of its work in the period 9 January to 4 February 2019. During this period, it undertook several processes and procedures, as described on page 5 of the A&amp;M report. Those processes and procedures included conducting interviews with management and others, analysis of the historical financial condition and operating results of the group and a peer analysis.</emphasis>
        </para>
      </parablock>
      <para />
    </paragroup>
    <paragroup>
      <nr>6.15.</nr>
      <para>A&amp;M’s conclusions on page 10 of their Report include the following points:</para>
      <para />
      <parablock>
        <para>
          <emphasis role="italic">Valuation conclusions</emphasis>
        </para>
        <para>
          <emphasis role="italic">Going concern value summary</emphasis>
        </para>
        <para>
          <emphasis role="italic">Our conclusions on Enterprise Value of IPS are derived from our valuation analysis, which is described in further detail in the section Valuation analysis, and are as follows:</emphasis>
        </para>
        <para>
          <emphasis role="italic">a. Going concern value:</emphasis>
        </para>
        <para>
          <emphasis role="italic">• Income Approach: €103.1m to €124.9m (Base Case: €113.5m)</emphasis>
        </para>
        <para>
          <emphasis role="italic">• Market Approach: €95.0m to €125.0m</emphasis>
        </para>
        <para>
          <emphasis role="italic">Our concluded Enterprise Value range in a going concern situation, based on the Income Approach and Market Approach, is €100.0m to €125.0m (rounded).</emphasis>
        </para>
        <para>
          <emphasis role="italic">This Enterprise Value range assumes the full utilisation of the tax loss carry forward positions of IPS, effectively valued at €8.8m. Based on information provided by Management, the losses captured in deferred tax assets of Airopack B.V. were considered to be fully recoverable in the future, assuming a fiscal restructuring to recover these losses is successfully completed and that profits are recognised in the respective loss carry forward entities. We understand the carry forward losses are in the region of c.€63m as at the Valuation Date. It is further assumed that such fiscal restructuring is approved by the Dutch tax authorities. In absence of a successful and approved fiscal restructuring, such that the tax losses would not be recoverable by IPS, the concluded Enterprise Value would be lower.</emphasis>
        </para>
        <para>
          <emphasis role="italic">Please note, this value range is implicit on the continued funding of the IPS business. Cash flow forecasts indicate a minimum capital requirement to be in excess of €35m over the two years following the Valuation Date. Without this funding, the Enterprise Value assessment is not valid.</emphasis>
        </para>
        <para>
          <emphasis role="italic">b. No longer going concern, i.e. Liquidation Value:</emphasis>
        </para>
        <para>
          <emphasis role="italic">• Liquidation Value, before liquidation costs (Cost Approach): €nil</emphasis>
        </para>
        <para>
          <emphasis role="italic">Our high-level Liquidation Value estimate, which is slightly negative and therefore not meaningful, is before deduction of liquidation costs (such as severance payments, administrator fees, etc). As such, we conclude that the Liquidation Value would not result in a positive (post-cash) Gross Asset Value.</emphasis>
        </para>
      </parablock>
      <para />
    </paragroup>
    <paragroup>
      <nr>6.16.</nr>
      <para>In response to my request for a statement on Crossbow’s bid and any alternative ideas, bids or proposals, this is what Elavon wrote:<footnote-ref linkend="_a8f0224c-1bc9-4182-8389-63fb0f06d96e" /></para>
      <para />
      <parablock>
        <para>
          <emphasis role="italic">(…) its aim is to achieve a capital structure for the Company wherein the financing obligations will be brought to an acceptable level, with in the long run an outlook for a better return for the shareholders.</emphasis>
        </para>
        <para>
          <emphasis role="italic">The bid, if successful, would thus improve the balance between the debt and equity ratios of the Company from the point of view of the creditors (lenders) but also the shareholder. The intent is to recapitalize the business and allow it to continue trading as a going concern. This is much better than the alternative of a bankruptcy/liquidation and is better for employees, suppliers, customers, etc. Crossbow's intent is to rescue the business and use its operational expertise to undertake the challenge of turning it around.</emphasis>
        </para>
        <para>
          <emphasis role="italic">The Pledgee is not aware of any alternative ideas, bids or proposals that are currently on the table, despite the fact that Swiss Parent, in consultation with the Senior Lender, has made it very clear to the market that investors were needed to turn around the distressed financial situation of the company. Relevant in this context are the following circumstances:</emphasis>
        </para>
        <para>
          <emphasis role="italic">• In November 2017 the Swiss Parent attempted to find refinancing for the Apollo loans, but was unsuccessful.</emphasis>
        </para>
        <para>
          <emphasis role="italic">• In the fall of 2018 the Swiss Parent attempted to find rescue financing or a buyer for the Airopack group, but no binding offers were received.</emphasis>
        </para>
        <para>
          <emphasis role="italic">• It is common that following press releases about distressed companies, fortune hunters emerge who pretend to have an interest to buy but in reality are not serious buyers. And indeed, the Pledgee understands from Apollo that following the Swiss Parent’s press releases, Apollo and the ATG AG chairman were both separately contacted by one party, who appeared to be interested, but was not in a position to act and has not pursued any interests at this stage.</emphasis>
        </para>
      </parablock>
      <para />
    </paragroup>
    <paragroup>
      <nr>6.17.</nr>
      <para>In my analysis of the valuation, I note first that there is, essentially, consensus among the parties with regard to the accuracy and reliability of the A&amp;M Report. No one has criticised A&amp;M’s qualifications, assumptions, enquiry or report in a way that would cast doubt on their conclusions on such matters as the distress<footnote-ref linkend="_5d6a5a21-cd4f-4c6f-af8b-706d8d34c06e" /> the Company is in or the value delivered by the proposed transaction (in a reduction of Senior Debt). </para>
      <para />
    </paragroup>
    <paragroup>
      <nr>6.18.</nr>
      <para>Next, there is no dispute that timing could be a critical factor influencing the valuation. The timing was raised at the hearing. Q-Invest (Mr Eikelboom) objected to the proposed enforcement, at least at this time, given the provisional composition moratorium. He said that a balancing exercise should be done, weighing Q-Invest and other Swiss Parent shareholder interests so as to be fair and equitable in exercising the court’s discretionary authority to rule on the application.<footnote-ref linkend="_066d7191-fdbb-40a6-84b8-bea68599dc75" /> At the hearing, it became clear there may be an incipient shareholder dispute at the Swiss Parent level, pitting Apollo/Crossbow against the [former CEO's family] and Q-Invest. Mr Eikelboom said Apollo/Crossbow may have failed to contribute capital as agreed (in the ELF or the CRP/Term Sheet), resulting in a default or creditor default,<footnote-ref linkend="_b16c1e17-861c-4b2a-bd5a-821b383e61ef" /> or the Swiss Parent may have failed to use available ELF/CRP funding to service the Senior Debt. He suggested the Swiss Parent and the Administrator should decide whether to enforce the ELF/CRP and collect additional funding (particularly since very few if any non-executive directors remain). Crossbow (Ms Rumora-Scheltema), in response, said the ELF was never intended to service existing Senior Debt.<footnote-ref linkend="_7ba249b9-92a5-4a40-8e9d-f0f6eeb6afe1" /> She and Elavon (Mr Kortmann) said the CRP is irrelevant because the Company failed to meet agreed milestones.<footnote-ref linkend="_cef30381-6953-4854-9374-f4d94059c15e" /> That is why, they added, A&amp;M did not assume full funding as contemplated under the CRP when A&amp;M prepared their Report.</para>
      <para />
    </paragroup>
    <paragroup>
      <nr>6.19.</nr>
      <para>As a matter of law, there is no doubt about the basic principle here. It is that Elavon (acting as Agent and Pledgee) is free to initiate the enforcement of the Pledge at a time of its choosing, provided the conditions are met (as they are here) and no exception applies (such as abuse of right). I note that the Swiss Parent, the Administrator and the IPS entities have acknowledged or admitted the Senior Debt, the default and the Pledge. Nothing in the record suggests the Swiss Parent or the Administrator have any interest in pursuing a claim under the ELF or CRP. There is no sufficient factual basis in the record to support Q-Invest’s assertion that the ELF/CRP could or should have been used in any other way or for any alternative purposes (such as servicing existing Senior Debt), or that A&amp;M’s assumptions (no funding under the CRP)<footnote-ref linkend="_e13d7101-61c4-46d3-848e-13af940d7e86" /> are flawed. At the hearing, no detailed analysis of the documentation was presented and nothing substantial was said in response to Crossbow/Elavon’s points on what the ELF was intended to do and why the CRP is irrelevant (milestones not being met). What all of this means is that there are no facts in the record to suggest Elavon’s actions in this case are in any way abusive or otherwise inappropriate. As a result, I reject Q-Invest’s defence regarding enforcement and its timing, the balancing exercise, the ELF/CRP and the shareholder dispute at the Swiss Parent level.</para>
      <para />
    </paragroup>
    <paragroup>
      <nr>6.20.</nr>
      <para>These points in no way diminish the very real impact the proposed enforcement could have on the Swiss Parent shareholders. It is clear that the proposed transaction at least nominally may take value away from them. This transaction will, if executed, permanently remove the Company from the Group, and the Group’s business value is virtually entirely in the Company. In fact, at the hearing, Elavon expressed its commitment to facilitate an “orderly liquidation” following the proposed sale (no significant business activities remaining in the Group at that stage). And a reduction of Senior Debt may of course not be fully equivalent to cash in these circumstances. But having reviewed the parties’ submissions and the documents in the record, I am convinced that in fact no shareholder value exists anyway. The debt owed to Apollo/Crossbow and Rabobank is such that the Swiss Parent shareholders are facing a bankruptcy/liquidation scenario with or without drastic measures such as the proposed transaction. No one has suggested a public auction would be a better option in any respect. In fact, the debt is such that no rival or alternative proposals have been received, despite sustained efforts. Nothing in the record suggests any such proposals may reasonably be anticipated anytime soon. In light of these points, the impact on the Swiss Parent shareholders is not an impediment to the proposed enforcement.</para>
      <para />
    </paragroup>
    <paragroup>
      <nr>6.21.</nr>
      <para>Finally, I must consider the business. Elavon wrote in the application that the proposed transaction would be the best way forward for the business in terms of jobs, recovery and future prospects (the business meaning the activities in the Company). Crossbow and Rabobank agreed.<footnote-ref linkend="_8dd176a9-687b-4c2f-97f6-273d8d2e7309" /> As a matter of law, I note that the interests of the business are subordinate to the interests of the Pledgee and other secured or unsecured creditors. However, within these constraints, I agree it is appropriate to consider what is best for the business. The transaction obviously does not guarantee the recovery that everyone involved would like to make happen. But I am convinced it is the best that can be hoped for in the difficult circumstances the business must operate in at this stage. The reduction of Senior Debt is significant (whether or not it is roughly equivalent to the Enterprise Value calculated by A&amp;M)<footnote-ref linkend="_aced1379-b334-4926-8edb-ed37dbdbff7f" /> and it is part of a business plan reviewed and tested by A&amp;M. It holds out the prospect of future investment, which will be required soon.<footnote-ref linkend="_e6ba926f-6609-40f5-83bd-348e30a835b6" /> No one has identified any alternative way to move forward in the business and to secure such funding in timely fashion, other than the proposed transaction (followed by funding subject to certain conditions). The impact on the business does not warrant any delay or change in the proposed transaction.</para>
      <para />
    </paragroup>
    <paragroup>
      <nr>6.22.</nr>
      <para>For the above reasons, I am persuaded that the proposed transaction will deliver maximum value for the Shares in the circumstances. I have dealt with and rejected the defences that are material to the issue in the application. Accordingly, I will give the appropriate order as set out below. Counsel have agreed that costs will be allocated such that each party is ordered to bear its own costs.</para>
      <para />
      <para />
    </paragroup>
  </section>
  <section>
    <title>
      <nr>7</nr>Conclusion and order</title>
    <para>THE COURT IN SUMMARY PROCEEDINGS</para>
    <para />
    <paragroup>
      <nr>7.1.</nr>
      <para>Permission is granted for the Shares and Receivables to be sold and transferred to Crossbow (the Senior Lender) under the conditions as described in the SPA.</para>
      <para />
    </paragroup>
    <paragroup>
      <nr>7.2.</nr>
      <para>Costs are allocated such that each party is ordered to bear its own costs.</para>
      <para />
    </paragroup>
    <paragroup>
      <nr>7.3.</nr>
      <para>This judgment is enforceable notwithstanding appeal.</para>
      <para />
      <parablock>
        <para>Done by L.S. Frakes, Judge, assisted by W.A. Visser, Clerk of the Court. </para>
        <para>Issued in public on 8 March 2019.</para>
      </parablock>
      <para />
      <parablock>
        <para>
          <emphasis role="bold">APPROVED FOR DISTRIBUTION IN eNCC</emphasis>
        </para>
        <para>
          <emphasis role="bold">THE SIGNED ORIGINAL IS IN THE HARD COPY FILE</emphasis>
        </para>
      </parablock>
      <para />
      <parablock>
        <para>
          <emphasis role="bold">SIGNATURE PAGE 1 OF 2</emphasis>
        </para>
      </parablock>
      <para />
      <para />
      <para />
      <para />
      <para />
      <para />
      <para />
      <para />
      <parablock>
        <para>JUDGE						</para>
      </parablock>
      <para />
      <para />
      <parablock>
        <para>
          <emphasis role="bold">SIGNATURE PAGE 2 OF 2</emphasis>
        </para>
      </parablock>
      <para />
      <para />
      <para />
      <para />
      <para />
      <para />
      <para />
      <para />
      <parablock>
        <para>CLERK OF THE COURT						</para>
      </parablock>
      <para />
    </paragroup>
  </section>
  <footnote id="_7fe11fd4-2385-42be-b4b0-ce4cd5b91424" label="1">
    <para>Rights of recourse and/or subrogation rights (<emphasis role="italic">regresrechten</emphasis> and/or <emphasis role="italic">subrogatierechten</emphasis>) for the Pledgor against the Company, application at 2, footnote 1, and 46</para>
  </footnote>
  <footnote id="_802b2384-8ad7-4af4-8711-8e929686ba9a" label="2">
    <para>Summary statement submitted at the hearing at 1; references in the footnotes in this section 4 are to undisputed statements of fact</para>
  </footnote>
  <footnote id="_2a3a7de1-ecd2-45ea-ab3e-f4f68eec55d7" label="3">
    <para>Statement of defence, Q-Invest, at 5-8; application at 9</para>
  </footnote>
  <footnote id="_60363b59-7662-451f-b2e1-563de94f0551" label="4">
    <para>Application at 10-11 </para>
  </footnote>
  <footnote id="_f1e4b562-99f0-4768-8c6a-5c5186835bd0" label="5">
    <para>Application at 10-11 </para>
  </footnote>
  <footnote id="_457b0298-408d-432b-b0e2-7b6eed9caaea" label="6">
    <para>Application at 14-15</para>
  </footnote>
  <footnote id="_f5a75f20-56db-44f5-90bc-4b52bd065ce7" label="7">
    <para>Application at 16</para>
  </footnote>
  <footnote id="_0debe169-0e39-4776-b214-68d9af318a85" label="8">
    <para>Application at 17</para>
  </footnote>
  <footnote id="_8d695fcc-a26e-4f86-8eea-b0cbcdbb3bd2" label="9">
    <para>Application at 20</para>
  </footnote>
  <footnote id="_eed42d61-86f2-484c-8a11-67c9b5af9b79" label="10">
    <para>Application at 19</para>
  </footnote>
  <footnote id="_62238dd7-caec-4a38-b387-cf548e93ddb9" label="11">
    <para>Application at 10; footnote 5</para>
  </footnote>
  <footnote id="_af2bcdc4-7bdb-4792-9737-323659a48dcf" label="12">
    <para>Application at 12</para>
  </footnote>
  <footnote id="_f3b20347-7f87-46d8-8bf1-994d559e1594" label="13">
    <para>Application at 23</para>
  </footnote>
  <footnote id="_156c7d41-ffea-4b7a-a8ca-c9a110ec6b51" label="14">
    <para>Application at 11 and 45; this does not include an additional € 52.5 million in funding under other arrangements</para>
  </footnote>
  <footnote id="_32a697e7-6157-41f7-8649-fbcf8a98e11b" label="15">
    <para>Rabobank’s notice to the Court, 16 February 2019</para>
  </footnote>
  <footnote id="_dfd2161e-9433-465b-88f4-c70a062fbcf4" label="16">
    <para>Application at 28-29 and 31; there are no restrictions in the Company’s Articles of Association on share transfers</para>
  </footnote>
  <footnote id="_397441eb-f5d0-44fb-9386-c58ee2f5f318" label="17">
    <para>Court record, Crossbow, third bullet point, correcting paragraph 29 of the application; Mr Jongen’s notes for the hearing on behalf of the IPS entities at 10-11</para>
  </footnote>
  <footnote id="_3acec268-1c7b-461f-8425-a37e6b0fa163" label="18">
    <para>Application at 21</para>
  </footnote>
  <footnote id="_5d433ab8-85c4-41ad-99b9-1a82d8372e67" label="19">
    <para> Statement of defence, Q-Invest, at 3</para>
  </footnote>
  <footnote id="_4b930326-113c-4837-8b2d-ba3c950598a8" label="20">
    <para> Official Journal of the European Union, 10.6.2009, L 147/5; these instruments designate a specific court, not just the courts of a member state (ECJ, case C-386/05, at 30); in a domestic context, the result is the same under article 270(1) CCP, given the analysis in this judgment</para>
  </footnote>
  <footnote id="_0a6dc3cf-44e5-4c34-887e-8212486d2d8f" label="21">
    <para> Application at 48</para>
  </footnote>
  <footnote id="_0108e30e-b619-4137-9a24-d96cfa0e3629" label="22">
    <para> Exhibit 17 to the application</para>
  </footnote>
  <footnote id="_82777f8c-9695-42f0-8c91-d13d20c9511b" label="23">
    <para> The Swiss Parent and the Administrator sent such notice</para>
  </footnote>
  <footnote id="_9bc8cad4-44fb-4d01-913a-540db9e9947d" label="24">
    <para> In a domestic context, I note articles 270(1) and 438a CCP; the place of enforcement is Amsterdam as the Dutch civil law notary handling the share transfer is based here, as are Crossbow and Rabobank</para>
  </footnote>
  <footnote id="_079e3510-cacb-4f42-ae7c-cc01c8c1882c" label="25">
    <para>See the A&amp;M Report cited above; The Hague Court of Appeal considered the business activities in the case in a conflicts-of-laws analysis in its judgment dated 28 June 2011, ECLI:NL:GHSGR:2011:BR1381, at 8</para>
  </footnote>
  <footnote id="_0bf28ed0-a47f-4dfe-9aa9-b2cfa01e5f7c" label="26">
    <para>Article 2.2.1 NCCR and the explanatory notes to articles 1.3.2 and 2.2.1 NCCR; the CSP has subject matter jurisdiction <emphasis role="italic">(absolute bevoegdheid)</emphasis> in this case, and it is obvious the parties have agreed to adjudication by the CSP in English</para>
  </footnote>
  <footnote id="_d5c0f89c-bb05-45a2-bbac-a633a24c28ac" label="27">
    <para>Article 10:138(1) and article 10:135(2) CC; <emphasis role="italic">“lex societatis”</emphasis></para>
  </footnote>
  <footnote id="_2a484404-2b4a-437a-84fd-baf8ae3c70e4" label="28">
    <para>Application at 1, 47 and 49</para>
  </footnote>
  <footnote id="_4927010c-90fe-45f8-b458-e45da12bfa7a" label="29">
    <para>Article 3, Rome I Regulation no. 593/2008</para>
  </footnote>
  <footnote id="_b1653044-eea3-4def-b792-e35da3d570b5" label="30">
    <para>Supreme Court, 6 June 2003, ECLI:NL:HR:2003:AF9440, at 3.3.2; I have also considered judgments such as ECLI:NL:RBAMS:2009:BJ8848 (Amsterdam District Court CSP, 23 September 2009, Judge Peeters) and ECLI:NL:RBAMS:2012:BY1439 (Amsterdam District Court CSP, 23 August 2012, Judge Peeters)</para>
  </footnote>
  <footnote id="_0f296a13-f4cb-4db9-9851-5a0325fd957a" label="31">
    <para>Mr Jongen’s notes for the hearing on behalf of the IPS entities at 5</para>
  </footnote>
  <footnote id="_3a7bba4e-bf79-4b7f-9164-f4eb6b7b3f74" label="32">
    <para>Statement of defence, Q-Invest, at 42</para>
  </footnote>
  <footnote id="_bfca63b0-d2d3-4759-95d6-bbf5aaeb1180" label="33">
    <para>Application at 29</para>
  </footnote>
  <footnote id="_85bdf03a-a404-4380-b192-5808b208448e" label="34">
    <para>Paragraph 4.6 above under (c); Mr Jongen’s notes for the hearing on behalf of the IPS entities at 13</para>
  </footnote>
  <footnote id="_f74f6d47-2e1d-4d65-80b2-e78eca1c5e52" label="35">
    <para>Application at 40; undisputed</para>
  </footnote>
  <footnote id="_b8120e44-5f5f-4462-9311-ae8a4272b9c0" label="36">
    <para>Application at 40-41; Mr Jongen’s notes for the hearing on behalf of the IPS entities at 12</para>
  </footnote>
  <footnote id="_db8fb1fd-15cb-4aa9-a5f7-d59ad04abbc3" label="37">
    <para>Summary statement submitted at the hearing</para>
  </footnote>
  <footnote id="_a8f0224c-1bc9-4182-8389-63fb0f06d96e" label="38">
    <para>Summary statement submitted at the hearing</para>
  </footnote>
  <footnote id="_5d6a5a21-cd4f-4c6f-af8b-706d8d34c06e" label="39">
    <para>The Senior Debt, the default and the Pledge are admitted, as recorded above </para>
  </footnote>
  <footnote id="_066d7191-fdbb-40a6-84b8-bea68599dc75" label="40">
    <para>Q-Invest’s (Mr Eikelboom’s) notes for the hearing at 3-12</para>
  </footnote>
  <footnote id="_b16c1e17-861c-4b2a-bd5a-821b383e61ef" label="41">
    <para>
      <emphasis role="italic">Verzuim </emphasis>or <emphasis role="italic">schuldeisersverzuim</emphasis></para>
  </footnote>
  <footnote id="_7ba249b9-92a5-4a40-8e9d-f0f6eeb6afe1" label="42">
    <para>Application at 39; Elavon’s point is that the ELF is for funding trade creditors and operating expenses such as payroll</para>
  </footnote>
  <footnote id="_cef30381-6953-4854-9374-f4d94059c15e" label="43">
    <para>Crossbow’s (Ms Rumora-Scheltema’s) notes for the hearing at 17</para>
  </footnote>
  <footnote id="_e13d7101-61c4-46d3-848e-13af940d7e86" label="44">
    <para>“No rights issue and warrant exercise, as announced in the recapitalization plan in November 2018” (A&amp;M Report, page 14)</para>
  </footnote>
  <footnote id="_8dd176a9-687b-4c2f-97f6-273d8d2e7309" label="45">
    <para>Application at 4; Crossbow’s (Ms Rumora-Scheltema’s) notes for the hearing at 12 and 21; Rabobank’s notice to the Court, 16 February 2019, referring to “a sound business plan and a viable commercial future”</para>
  </footnote>
  <footnote id="_aced1379-b334-4926-8edb-ed37dbdbff7f" label="46">
    <para>A&amp;M Report, 6.15 above</para>
  </footnote>
  <footnote id="_e6ba926f-6609-40f5-83bd-348e30a835b6" label="47">
    <para>A&amp;M Report, 6.15 above; application at 38</para>
  </footnote>
</uitspraak>
</open-rechtspraak>