<?xml version="1.0" encoding="utf-8"?>
<open-rechtspraak>
  <rdf:RDF xmlns:rdf="http://www.w3.org/1999/02/22-rdf-syntax-ns#" xmlns:ecli="https://e-justice.europa.eu/ecli" xmlns:tr="http://tuchtrecht.overheid.nl/" xmlns:eu="http://publications.europa.eu/celex/" xmlns:dcterms="http://purl.org/dc/terms/" xmlns:bwb="bwb-dl" xmlns:cvdr="http://decentrale.regelgeving.overheid.nl/cvdr/" xmlns:psi="http://psi.rechtspraak.nl/" xmlns:rdfs="http://www.w3.org/2000/01/rdf-schema#">
    <rdf:Description>
      <dcterms:identifier>ECLI:NL:RBAMS:2019:1694</dcterms:identifier>
      <dcterms:format>text/xml</dcterms:format>
      <dcterms:accessRights>public</dcterms:accessRights>
      <dcterms:modified>2019-03-14T15:55:41</dcterms:modified>
      <dcterms:issued rdfs:label="Publicatiedatum">2019-03-11</dcterms:issued>
      <dcterms:publisher resourceIdentifier="http://rechtspraak.nl/">Raad voor de Rechtspraak</dcterms:publisher>
      <dcterms:language>nl</dcterms:language>
      <dcterms:creator rdfs:label="Instantie" resourceIdentifier="http://standaarden.overheid.nl/owms/terms/Rechtbank_Amsterdam" scheme="overheid.RechterlijkeMacht">Rechtbank Amsterdam</dcterms:creator>
      <dcterms:date rdfs:label="Uitspraakdatum">2019-03-12</dcterms:date>
      <psi:zaaknummer rdfs:label="Zaaknr">AWB - 19 _ 864</psi:zaaknummer>
      <dcterms:type rdf:language="nl" resourceIdentifier="http://psi.rechtspraak.nl/uitspraak">Uitspraak</dcterms:type>
      <psi:procedure rdf:language="nl" rdfs:label="Procedure" resourceIdentifier="http://psi.rechtspraak.nl/procedure#eersteAanlegEnkelvoudig">Eerste aanleg - enkelvoudig</psi:procedure>
      <psi:procedure rdf:language="nl" rdfs:label="Procedure" resourceIdentifier="http://psi.rechtspraak.nl/procedure#voorlopigeVoorziening">Voorlopige voorziening</psi:procedure>
      <dcterms:coverage>NL</dcterms:coverage>
      <dcterms:spatial rdfs:label="Zittingsplaats">Amsterdam</dcterms:spatial>
      <dcterms:subject rdfs:label="Rechtsgebied" resourceIdentifier="http://psi.rechtspraak.nl/rechtsgebied#bestuursrecht">Bestuursrecht</dcterms:subject>
      <dcterms:hasVersion rdfs:label="Vindplaatsen" resourceIdentifier="http://psi.rechtspraak.nl/vindplaats">
        <rdf:list>
          <rdf:li>Rechtspraak.nl</rdf:li>
        </rdf:list>
      </dcterms:hasVersion>
    </rdf:Description>
    <rdf:Description rdf:about="http://deeplink.rechtspraak.nl/uitspraak?id=ECLI:NL:RBAMS:2019:1694">
      <dcterms:identifier>http://deeplink.rechtspraak.nl/uitspraak?id=ECLI:NL:RBAMS:2019:1694</dcterms:identifier>
      <dcterms:format>text/html</dcterms:format>
      <dcterms:accessRights>public</dcterms:accessRights>
      <dcterms:modified>2019-03-14T15:54:36</dcterms:modified>
      <dcterms:issued rdfs:label="Publicatiedatum">2019-03-14</dcterms:issued>
      <dcterms:publisher resourceIdentifier="http://rechtspraak.nl/">Raad voor de Rechtspraak</dcterms:publisher>
      <dcterms:language>nl</dcterms:language>
      <dcterms:title rdf:language="nl">ECLI:NL:RBAMS:2019:1694 Rechtbank Amsterdam , 12-03-2019 / AWB - 19 _ 864</dcterms:title>
      <dcterms:abstract resourceIdentifier="../../rs:inhoudsindicatie" />
    </rdf:Description>
  </rdf:RDF>
  <inhoudsindicatie id="ECLI:NL:RBAMS:2019:1694:INH" lang="nl" xml:space="preserve" xmlns="http://www.rechtspraak.nl/schema/rechtspraak-1.0" xmlns:xsd="http://www.w3.org/2001/XMLSchema" xmlns:xsi="http://www.w3.org/2001/XMLSchema-instance">
      <para>De gemeente Amsterdam hoeft geen vergunning voor het evenement “Het jaar van het Park en Plein” bekend te maken.</para>
    </inhoudsindicatie>
  <uitspraak id="ECLI:NL:RBAMS:2019:1694:DOC" lang="nl" xml:space="preserve" xmlns="http://www.rechtspraak.nl/schema/rechtspraak-1.0" xmlns:xsd="http://www.w3.org/2001/XMLSchema" xmlns:xsi="http://www.w3.org/2001/XMLSchema-instance" xmlns:xlink="http://www.w3.org/1999/xlink">
  <uitspraak.info>
    <bridgehead role="bold">RECHTBANK AMSTERDAM</bridgehead>
    <para>Bestuursrecht</para>
    <para />
    <parablock>
      <para>zaaknummers: AMS 19/864 en AMS 19/865 </para>
    </parablock>
    <para />
    <parablock>
      <para>
        <emphasis role="bold">uitspraak van de voorzieningenrechter van 12 maart 2019 op het beroep en het verzoek om voorlopige voorziening in de zaak tussen</emphasis>
      </para>
    </parablock>
    <para />
    <bridgehead role="bold">
      [verzoekster] , namens [vereniging] , te [woonplaats] , verzoekster,</bridgehead>
    <para>(gemachtigde: mr. L.W. Tellegen)</para>
    <para />
    <parablock>
      <para>en</para>
    </parablock>
    <para />
    <bridgehead role="bold">de burgemeester van Amsterdam, verweerder, verder te noemen de burgemeester,</bridgehead>
    <para>(gemachtigden: F.W.E. Eekhof en mr. A.J. Wilschut).</para>
    <para />
    <para />
  </uitspraak.info>
  <section role="procesverloop">
    <title>Procesverloop</title>
    <para />
    <parablock>
      <para>Verzoekster heeft op 8 februari 2019 beroep ingesteld tegen het uitblijven van de bekendmaking van een van rechtswege verleende vergunning. Ook heeft zij om een voorlopige voorziening verzocht. </para>
    </parablock>
    <para />
    <parablock>
      <para>Het onderzoek ter zitting heeft plaatsgevonden op 6 maart 2019. Verzoekster is in persoon  verschenen, bijgestaan door haar gemachtigde en [naam] . De burgemeester heeft zich laten vertegenwoordigen door haar gemachtigden.</para>
    </parablock>
    <para />
    <para />
  </section>
  <section role="overwegingen">
    <title>Overwegingen</title>
    <para />
    <paragroup>
      <nr>1.1</nr>
      <para>Verzoekster heeft op 5 november 2018 een vergunning gevraagd voor het evenement “Het jaar van het Park en Plein” in verschillende parken en op verschillende dagen in de periode van 2 februari 2019 tot en met 29 december 2019. </para>
      <para />
    </paragroup>
    <paragroup>
      <nr>1.2</nr>
      <para>Op 18 januari 2019 heeft verzoekster de burgemeester in gebreke gesteld. Verzoekster is van mening dat sprake is van een van rechtswege verleende vergunning die de burgemeester moet publiceren. Verzoekster wijst hierbij op artikel 1.4 van de Algemene Plaatselijke Verordening<footnote-ref linkend="_35cbba4e-7ca3-4669-b5fa-ca3ef0d09135" /> (APV). </para>
      <para />
      <parablock>
        <para>2.	De burgemeester heeft in een brief van 21 januari 2019 kort gezegd over de aanvraag het volgende standpunt ingenomen: verzoekster heeft geen evenementenvergunning nodig om in het park te kunnen lopen, wandelen, spelen, vrij van autoverkeer en muziek en podia. Verder heeft de burgemeester verwezen naar de definitiebepaling artikel 2.1 uit de APV. Het park is vrij te gebruiken zoals verzoekster dat wil, aldus de burgemeester. De burgemeester heeft verder meegedeeld dat de brief geen besluit is in de zin van 1:3 van de Algemene wet bestuursrecht (Awb) en er daarom geen bezwaar tegen open staat. </para>
      </parablock>
      <para />
      <parablock>
        <para>
          <emphasis role="italic">Beoordeling door de voorzieningenrechter.</emphasis>
        </para>
      </parablock>
      <para />
    </paragroup>
    <paragroup>
      <nr>3.1</nr>
      <para>Na afloop van de zitting is de voorzieningenrechter tot de conclusie gekomen dat nader onderzoek niet kan bijdragen aan de beoordeling van de zaak. De voorzieningenrechter doet daarom op grond van artikel 8:86 van de Awb niet alleen uitspraak op het verzoek om voorlopige voorziening, maar ook op het beroep. </para>
      <para />
    </paragroup>
    <paragroup>
      <nr>3.2</nr>
      <para>Verzoekster is - kortgezegd - van mening zij een vergunning voor een evenement heeft aangevraagd, dat deze van rechtswege is verleend en dat de burgemeester die moet publiceren. Zij heeft op grond van artikel 8:55f van de Awb<footnote-ref linkend="_ffb2c23e-2cb5-4ed2-802d-237c92140521" /> daarom ook beroep ingesteld. De uitzondering die in artikel 1.4, vierde lid, van de APV<footnote-ref linkend="_a601681e-4b86-4e23-bc08-1267f06849e6" /> is gemaakt voor het van rechtswege verlenen van evenementenvergunningen gaat volgens verzoekster niet op. Dit is in strijd met de Dienstenrichtlijn, aldus verzoekster. </para>
      <para />
    </paragroup>
    <paragroup>
      <nr>4.1</nr>
      <para>Op grond van artikel 1:3, derde lid, van de Awb wordt onder aanvraag verstaan een verzoek van een belanghebbende, een besluit te nemen.</para>
      <para />
    </paragroup>
    <paragroup>
      <nr>4.2</nr>
      <para>Op grond van artikel 2.1, eerste lid, van de APV wordt in dit hoofdstuk dan wel in de aangegeven artikelen verstaan onder evenement als bedoeld in de artikelen 2.40 tot en met 2.46: het geheel van activiteiten dat plaatsvindt bij een voor publiek toegankelijke gebeurtenis op of aan de weg of het openbaar water met een openbaar dan wel besloten karakter, (…).</para>
      <para />
      <parablock>
        <para>In de toelichting op het artikel 2.1 van de APV staat nog het volgende: “De omschrijving van het begrip evenement is ruim gehouden vanwege de grote variatie in evenementen. Niet alleen buurtfeesten, straatfestivals, kermissen en concerten in de open lucht vallen er onder maar ook bijzondere huldigingen, herdenkingen, sportwedstrijden en grote spektakels met een nationale uitstraling zoals de Uitmarkt en Sail.”</para>
      </parablock>
      <para />
    </paragroup>
    <paragroup>
      <nr>5.1</nr>
      <parablock>
        <para>In de vergunningaanvraag staat onder andere<footnote-ref linkend="_2a298cf2-af85-428c-b463-3357051375fb" />:</para>
        <para>…</para>
        <para>“ [vereniging] is een informele Amsterdamse vereniging die zich tot doel heeft gesteld om bewoners en bezoekers van Amsterdam kennis te laten maken met stadsparken in Amsterdam en de groene, openbare ruimte te laten beleven. </para>
        <para>…</para>
        <para>Aanleiding voor de oprichting is de ergernis over de toenemende bezetting van parken door festivals en evenementen, met name merkbaar tijdens de hete zomer van 2018.</para>
      </parablock>
      <para />
      <parablock>
        <para>
          [vereniging] wil er daarom voor zorgen dat bewoners en bezoekers van Amsterdam maximaal gebruik kunnen maken van parken en pleinen. Hierbij is het uitgangspunt dat de parken optimaal beleefd kunnen worden door vrije en gratis toegang voor iedereen zonder overlast van evenementen en activiteiten.</para>
        <para>…</para>
        <para>Met Het Jaar van het Park en Plein willen wij Amsterdammers en bezoekers hun eigen plein en of park weer laten beleven. Dat willen wij bereiken door het park primair beschikbaar te stellen als plaats om tot rust te komen, te zonnen, te wandelen, te spelen, te bewegen en/of te ontspannen in een omgeving die vrij is van autoverkeer, muziek, afzettingen, uitlaatgassen; kortom, van het park en plek te maken zoals een stadspark oorspronkelijk bedoeld is.</para>
        <para>…</para>
        <para>Het programma Het Jaar van Park en Plein loopt van 1 februari 2019 tot en met 31 december 2019 en heeft betrekking op de volgende locaties: Vondelpark, Museumplein, Sarphatipark, Martin Luther Kingpark, Amstelpark, Beatrixpark, Gijsbrecht van Amstelpark, Nelson Mandelapark, Gaasperplas, Arenapark, Oosterpark, Park Frankendael, Park Somerlust, Diemerpark, Ed Pelsterpark, Flevopark, Noorderpark, Bilderdijkpark, Erasmuspark, Westerpark, Sloterpark, Rembrandtpark, Tuinen van West.”</para>
      </parablock>
      <para />
    </paragroup>
    <paragroup>
      <nr>5.2</nr>
      <para>Op de bladzijde 8 tot en met 15 van de aanvraag heeft verzoekster per park vermeld op welke data de activiteiten plaatsvinden. Verder staat per park vermeld dat het gaat om de activiteit “parkbeleving” en dat het type bezoekers omwonenden en andere geïnteresseerden zijn.</para>
      <para />
    </paragroup>
    <paragroup>
      <nr>6.1</nr>
      <para>Voor het antwoord op de vraag of van rechtswege een evenementenvergunning is verleend, is van belang of, en zo ja wanneer, een aanvraag in de zin van artikel 1:3, derde lid, van de Awb is gedaan om verlening daarvan.</para>
      <para />
    </paragroup>
    <paragroup>
      <nr>6.2</nr>
      <para>Hiervoor is van belang of in dit geval sprake is van een aanvraag om een evenement te organiseren. Zoals al uit de hierboven weergegeven passages in de aanvraag blijkt en uit wat op de zitting naar voren is gebracht<footnote-ref linkend="_c0da4792-065e-4046-8618-6cbd5bd8af1b" />, wil verzoekster eigenlijk geen evenementen meer in de stad. Zij wil dat de parken weer gebruikt worden waar zij voor bedoeld zijn en niet voor (grootschalige) evenementen. De burgemeester stelt zich in de brief van 21 januari 2019 op het standpunt dat voor het gebruik van de parken dat verzoekster voor ogen heeft, geen vergunning nodig is. Er is geen sprake van een evenement waarvoor een vergunning nodig is, aldus de burgemeester. Zoals de gemachtigde van de burgemeester op de zitting nog heeft toegelicht, gaat het bij een evenementenvergunning om een gereguleerde verstoring van de openbare orde. De wijze waarop verzoekster het park wil gebruiken doorbreekt die openbare orde niet, aldus de burgemeester.   </para>
      <para />
    </paragroup>
    <paragroup>
      <nr>6.3</nr>
      <para>Naar het oordeel van de voorzieningenrechter valt de activiteit “parkbeleving”, door verzoekster omschreven<footnote-ref linkend="_7fd59503-550c-42b3-8de0-ecd59382ce70" /> als wandelen, relaxen, bewegen, hond uitlaten, sporten en genieten van de rustige omgeving, waarbij uitdrukkelijk geen versterkte muziek gedraaid wordt, geen podia, tribunes, tenten etc. opgebouwd worden en geen (alcoholische) dranken en/of versnaperingen worden verkocht, niet binnen de definitie van een evenement als bedoeld in de APV. Wat verzoekster wil, wijkt niet af van de gebruikelijke toestand in een park en het gangbare gebruik ervan. Naar het oordeel van de voorzieningenrechter valt de door verzoekster bedoelde activiteit mede gelet op de eerder genoemde toelichting op artikel 2.1 van de APV, niet onder de definitie van artikel 2.1 eerste lid, van de APV. </para>
      <para />
    </paragroup>
    <paragroup>
      <nr>6.4</nr>
      <para>Op de zitting heeft verzoekster nog benadrukt dat er ook activiteiten zijn zoals debatten, conferenties, samenwerking met musea en het betrekken van de jeugd bij het park (vermeld onder 2.2, 2.3 en 2.4 van de aanvraag). Naar het oordeel van de voorzieningenrechter zijn dit echter niet nader gespecificeerde voorgenomen plannen, wensen en intenties. Bovendien staan deze activiteiten niet in de omschrijving die verzoekster per park in de aanvraag heeft gegeven te weten “parkbeleving”. Naar het oordeel van de voorzieningenrechter staan deze voorgenomen activiteiten dan ook los van de met name genoemde parken waarvoor de evenementenvergunning was aangevraagd.     </para>
      <para />
    </paragroup>
    <paragroup>
      <nr>7.1</nr>
      <parablock>
        <para>Gelet op het voorgaande is de voorzieningenrechter van oordeel dat de brief van</para>
        <para>5 november 2018 geen aanvraag in de zin van artikel 1:3, derde lid, van de Awb behelst. Dit betekent dat géén evenementenvergunning van rechtswege is gegeven die niet tijdig bekend is gemaakt. </para>
      </parablock>
      <para />
    </paragroup>
    <paragroup>
      <nr>7.2</nr>
      <para>Wat verzoekster voor het overige nog aanvoert over de Dienstenrichtlijn en de uitzondering in artikel 1.4, vierde lid, van de APV voor evenementenvergunningen, gaat uit van de (onjuiste) veronderstelling dat de brief van 5 november 2018 een aanvraag is in de zin van artikel 1:3, derde lid, van de Awb. Omdat dus geen sprake is van een aanvraag, hoeven de gronden daarover, gelet op wat onder 6.3 tot en met 7.1 is overwogen, niet meer te worden besproken door de voorzieningenrechter.</para>
      <para />
    </paragroup>
    <paragroup>
      <nr>7.3</nr>
      <para>Het beroep is daarom niet-ontvankelijk. Omdat de voorzieningenrechter op het beroep heeft beslist, is er geen aanleiding om een voorlopige voorziening te treffen. Het verzoek daartoe wordt dus afgewezen. </para>
      <para />
      <parablock>
        <para>8.	Voor een proceskostenveroordeling of vergoeding van het griffierecht bestaat geen aanleiding. </para>
      </parablock>
      <para />
      <para />
    </paragroup>
  </section>
  <section role="beslissing">
    <title>Beslissing</title>
    <para />
    <parablock>
      <para>De voorzieningenrechter:</para>
    </parablock>
    <para />
    <para>- verklaart het beroep niet-ontvankelijk;</para>
    <para>- wijst het verzoek om voorlopige voorziening af.</para>
    <para />
    <parablock>
      <para>Deze uitspraak is gedaan door mr. M.J.M. Langeveld, voorzieningenrechter, in aanwezigheid van R.E. Toonen, griffier. De beslissing is in het openbaar uitgesproken op 12 maart 2018.</para>
    </parablock>
    <para />
    <para />
    <para />
    <para />
    <para />
    <para />
    <para />
    <parablock>
      <para>griffier							voorzieningenrechter</para>
    </parablock>
    <para />
    <para />
    <parablock>
      <para>Afschrift verzonden aan partijen op: </para>
    </parablock>
    <para />
    <para />
  </section>
  <section>
    <title>Rechtsmiddel</title>
    <para>Tegen deze uitspraak kan voor zover daarbij is beslist op het beroep binnen zes weken na de dag van verzending daarvan hoger beroep worden ingesteld bij de Afdeling bestuursrechtspraak van de Raad van State. Als hoger beroep is ingesteld, kan bij de voorzieningenrechter van de hogerberoepsrechter worden verzocht om het treffen van een voorlopige voorziening of om het opheffen of wijzigen van een bij deze uitspraak getroffen voorlopige voorziening.</para>
    <para />
  </section>
  <footnote id="_35cbba4e-7ca3-4669-b5fa-ca3ef0d09135" label="1">
    <para>Artikel 1.4 Beslistermijn APV 1. Het bevoegde bestuursorgaan beslist op een aanvraag binnen acht weken na de dag van ontvangst daarvan. 2. Het bevoegde bestuursorgaan kan zijn beslissing voor ten hoogste acht weken verdagen. 3. Paragraaf 4.1.3.3 van de Algemene wet bestuursrecht is van toepassing op de aanvraag om een vergunning of ontheffing als bedoeld in de artikelen 2.49, 2.50, 4.11, 4.12, 4.20 en 5.5 van deze verordening. 4. Paragraaf 4.1.3.3 van de Algemene wet bestuursrecht is niet van toepassing op de aanvraag om de overige in deze verordening bedoelde vergunningen of ontheffingen.</para>
  </footnote>
  <footnote id="_ffb2c23e-2cb5-4ed2-802d-237c92140521" label="2">
    <para>Op grond van artikel 8:55f, eerste lid, van de Awb kan de belanghebbende tegen het niet tijdig bekendmaken van een beschikking van rechtswege beroep bij de bestuursrechter instellen. </para>
  </footnote>
  <footnote id="_a601681e-4b86-4e23-bc08-1267f06849e6" label="3">
    <para>Op grond van artikel 1.4, vierde lid van de APV is paragraaf 4.1.3.3 van de Awb niet van toepassing op de aanvraag om de overige in deze verordening bedoelde vergunningen of ontheffingen. Hieronder valt onder meer artikel 2.40, waarin staat dat het verboden is zonder vergunning van de burgemeester een evenement te houden. </para>
  </footnote>
  <footnote id="_2a298cf2-af85-428c-b463-3357051375fb" label="4">
    <para> Zie aanvraag onder 1.1 p. 4-6.</para>
  </footnote>
  <footnote id="_c0da4792-065e-4046-8618-6cbd5bd8af1b" label="5">
    <para>Zie de pleitnota onder 2 en 3. </para>
  </footnote>
  <footnote id="_7fd59503-550c-42b3-8de0-ecd59382ce70" label="6">
    <para>Zie aanvraag onder 4.1.2, p. 15. </para>
  </footnote>
</uitspraak>
</open-rechtspraak>