<?xml version="1.0" encoding="utf-8"?>
<open-rechtspraak>
  <rdf:RDF xmlns:rdf="http://www.w3.org/1999/02/22-rdf-syntax-ns#" xmlns:ecli="https://e-justice.europa.eu/ecli" xmlns:tr="http://tuchtrecht.overheid.nl/" xmlns:eu="http://publications.europa.eu/celex/" xmlns:dcterms="http://purl.org/dc/terms/" xmlns:bwb="bwb-dl" xmlns:cvdr="http://decentrale.regelgeving.overheid.nl/cvdr/" xmlns:psi="http://psi.rechtspraak.nl/" xmlns:rdfs="http://www.w3.org/2000/01/rdf-schema#">
    <rdf:Description>
      <dcterms:identifier>ECLI:NL:RBDHA:2019:2933</dcterms:identifier>
      <dcterms:format>text/xml</dcterms:format>
      <dcterms:accessRights>public</dcterms:accessRights>
      <dcterms:modified>2019-04-16T20:47:17</dcterms:modified>
      <dcterms:issued rdfs:label="Publicatiedatum">2019-03-26</dcterms:issued>
      <dcterms:publisher resourceIdentifier="http://rechtspraak.nl/">Raad voor de Rechtspraak</dcterms:publisher>
      <dcterms:language>nl</dcterms:language>
      <dcterms:creator rdfs:label="Instantie" resourceIdentifier="http://standaarden.overheid.nl/owms/terms/Rechtbank_Den_Haag" scheme="overheid.RechterlijkeMacht">Rechtbank Den Haag</dcterms:creator>
      <dcterms:date rdfs:label="Uitspraakdatum">2019-03-19</dcterms:date>
      <psi:zaaknummer rdfs:label="Zaaknr">7476534 EJ VERZ 19-80315</psi:zaaknummer>
      <dcterms:type rdf:language="nl" resourceIdentifier="http://psi.rechtspraak.nl/uitspraak">Uitspraak</dcterms:type>
      <psi:procedure rdf:language="nl" rdfs:label="Procedure" resourceIdentifier="http://psi.rechtspraak.nl/procedure#beschikking&#xA;">Beschikking
</psi:procedure>
      <dcterms:coverage>NL</dcterms:coverage>
      <dcterms:spatial rdfs:label="Zittingsplaats">Gouda</dcterms:spatial>
      <dcterms:subject rdfs:label="Rechtsgebied" resourceIdentifier="http://psi.rechtspraak.nl/rechtsgebied#civielRecht_arbeidsrecht">Civiel recht; Arbeidsrecht</dcterms:subject>
      <dcterms:hasVersion rdfs:label="Vindplaatsen" resourceIdentifier="http://psi.rechtspraak.nl/vindplaats">
        <rdf:list>
          <rdf:li>Rechtspraak.nl</rdf:li>
          <rdf:li>AR-Updates.nl 2019-0330</rdf:li>
        </rdf:list>
      </dcterms:hasVersion>
    </rdf:Description>
    <rdf:Description rdf:about="http://deeplink.rechtspraak.nl/uitspraak?id=ECLI:NL:RBDHA:2019:2933">
      <dcterms:identifier>http://deeplink.rechtspraak.nl/uitspraak?id=ECLI:NL:RBDHA:2019:2933</dcterms:identifier>
      <dcterms:format>text/html</dcterms:format>
      <dcterms:accessRights>public</dcterms:accessRights>
      <dcterms:modified>2019-03-26T14:55:19</dcterms:modified>
      <dcterms:issued rdfs:label="Publicatiedatum">2019-03-26</dcterms:issued>
      <dcterms:publisher resourceIdentifier="http://rechtspraak.nl/">Raad voor de Rechtspraak</dcterms:publisher>
      <dcterms:language>nl</dcterms:language>
      <dcterms:title rdf:language="nl">ECLI:NL:RBDHA:2019:2933 Rechtbank Den Haag , 19-03-2019 / 7476534 EJ VERZ 19-80315</dcterms:title>
      <dcterms:abstract resourceIdentifier="../../rs:inhoudsindicatie" />
    </rdf:Description>
  </rdf:RDF>
  <inhoudsindicatie id="ECLI:NL:RBDHA:2019:2933:INH" lang="nl" xml:space="preserve" xmlns="http://www.rechtspraak.nl/schema/rechtspraak-1.0" xmlns:xsd="http://www.w3.org/2001/XMLSchema" xmlns:xsi="http://www.w3.org/2001/XMLSchema-instance">
      <para>Intrekking ter zitting van het gegeven ontslag op staande voet. Ontbinding van de arbeidsovereenkomst op de g-grond.</para>
    </inhoudsindicatie>
  <uitspraak id="ECLI:NL:RBDHA:2019:2933:DOC" lang="nl" xml:space="preserve" xmlns="http://www.rechtspraak.nl/schema/rechtspraak-1.0" xmlns:xsd="http://www.w3.org/2001/XMLSchema" xmlns:xsi="http://www.w3.org/2001/XMLSchema-instance" xmlns:xlink="http://www.w3.org/1999/xlink">
  <uitspraak.info>
    <bridgehead role="bold">RECHTBANK DEN HAAG</bridgehead>
    <para>Zittingsplaats Gouda</para>
    <para />
    <parablock>
      <para>MvN</para>
      <para>Zaaknr.: 7476534 \ EJ VERZ 19-80315</para>
      <para>Datum: 19 maart 2019</para>
    </parablock>
    <para />
    <parablock>
      <para>
        <emphasis role="bold">Beschikking van de kantonrechter in de zaak van:</emphasis>
      </para>
    </parablock>
    <para />
    <parablock>
      <para>
        <emphasis role="bold"> [verweerder]</emphasis>, </para>
      <para>wonende te [woonplaats] ,</para>
      <para>verzoekende partij, verwerende partij in het voorwaardelijk tegenverzoek,</para>
      <para>verder te noemen: de werknemer,</para>
      <para>gemachtigden: mr. O.M. Bos-Steenbergen en mr. R.J. Maassen,</para>
      <para>
        <emphasis role="underline">procederende met een toevoeging: nr. 3KG1558</emphasis>
      </para>
    </parablock>
    <para />
    <parablock>
      <para>tegen</para>
    </parablock>
    <para />
    <parablock>
      <para>
        <emphasis role="bold">de besloten vennootschap Honders Holding B.V.</emphasis>,<emphasis role="bold"> h.o.d.n. Solarking</emphasis>,</para>
      <para>gevestigd te Tiel en kantoorhoudende te Stolwijk, </para>
      <para>verwerende partij in het verzoek, verzoekende partij in het voorwaardelijk tegenverzoek,</para>
      <para>verder te noemen: de werkgever,</para>
      <para>gemachtigde: mr. M.E. Muller.</para>
    </parablock>
    <para />
  </uitspraak.info>
  <section role="procesverloop">
    <title>
      <nr>1</nr>Het procesverloop</title>
    <paragroup>
      <nr>1.1</nr>
      <para>De werknemer heeft de kantonrechter bij verzoekschrift, ter griffie ingekomen op 21 januari 2019, verzocht het gegeven ontslag op staande voet te vernietigen. De werkgever heeft een verweerschrift ingediend, alsmede een voorwaardelijk tegenverzoek tot ontbinding van de arbeidsovereenkomst. </para>
      <para />
    </paragroup>
    <paragroup>
      <nr>1.2</nr>
      <para>Op 28 februari 2019 heeft de mondelinge behandeling van de verzoeken plaats gevonden. Verschenen zijn de werknemer in persoon, bijgestaan door mr. R.J. Maassen en de heer [naam] namens de werkgever, bijgestaan door mr. M.E. Muller. Daarbij zijn door beide partijen pleitaantekeningen overgelegd. Van het verhandelde ter zitting zijn door de griffier aantekeningen gemaakt die zich in het procesdossier bevinden. Voorafgaande aan de mondelinge behandeling zijn door de werknemer nog een tweetal producties overgelegd.</para>
      <para />
    </paragroup>
  </section>
  <section role="overwegingen">
    <title>
      <nr>2</nr>De beoordeling</title>
    <para />
    <paragroup>
      <nr>2.1</nr>
      <para>De werkgever heeft ter zitting het aan de werknemer gegeven ontslag op staande voet ingetrokken en verzocht de arbeidsovereenkomst met de werknemer te ontbinden op grond van artikel 7:671b lid 1 sub a Burgerlijk Wetboek (BW). Aan dit verzoek legt de werkgever ten grondslag dat sprake is van – kort gezegd – een verstoorde arbeidsverhouding en dat herplaatsing van de werknemer niet meer mogelijk is.</para>
      <para />
      <para />
      <para />
      <para />
    </paragroup>
    <paragroup>
      <nr>2.2</nr>
      <para>De werknemer verzet zich tegen inwilliging van het verzoek, maar heeft erkend dat inmiddels sprake is van een zodanig verstoorde arbeidsverhouding dat van de werkgever in redelijkheid niet meer kan worden gevergd de arbeidsovereenkomst te laten voortduren. Ook de werknemer ziet geen mogelijkheden meer voor herplaatsing.</para>
      <para />
    </paragroup>
    <paragroup>
      <nr>2.3</nr>
      <para>Nu de werknemer heeft erkend dat de arbeidsverhouding verstoord is, en partijen het erover eens zijn dat die verstoring onherstelbaar is en herplaatsing van de werknemer niet meer mogelijk moet worden geacht, zal de kantonrechter de arbeidsovereenkomst ontbinden. Gelet op de standpunten van partijen is immers sprake van een redelijke grond voor ontbinding als bedoeld in artikel 7:671b lid 1 sub a BW juncto artikel 7:669 lid 3 sub g BW, en is er geen mogelijkheid tot herplaatsing van de werknemer.</para>
      <para />
    </paragroup>
    <paragroup>
      <nr>2.4</nr>
      <para>Gesteld noch gebleken is dat het verzoek verband houdt met omstandigheden waarop de opzegverboden genoemd in artikel 7:671 b lid 6 BW betrekking hebben.</para>
      <para />
    </paragroup>
    <paragroup>
      <nr>2.5</nr>
      <para>Partijen zijn het erover eens dat sprake is van een opzegtermijn van 1 maand. Partijen zijn het er eveneens over eens dat de arbeidsovereenkomst zal worden ontbonden met ingang van 1 mei 2019. </para>
      <para />
    </paragroup>
    <paragroup>
      <nr>2.6</nr>
      <para>Er is geen grond om werkgever de gelegenheid te bieden het verzoek in te trekken.</para>
      <para />
    </paragroup>
    <paragroup>
      <nr>2.7</nr>
      <para>Gezien de uitkomst van de zaak is de kantonrechter van oordeel dat het redelijk is dat partijen ieder hun eigen proceskosten dragen.</para>
      <para />
    </paragroup>
  </section>
  <section role="beslissing">
    <title>
      <nr>3</nr>De beslissing</title>
    <para>De kantonrechter:</para>
    <para />
    <paragroup>
      <nr>3.1</nr>
      <para>ontbindt de arbeidsovereenkomst tussen partijen met ingang van 1 mei 2019;</para>
      <para />
    </paragroup>
    <paragroup>
      <nr>3.2</nr>
      <para>bepaalt dat iedere partij de eigen proceskosten draagt;</para>
      <para />
    </paragroup>
    <paragroup>
      <nr>3.3</nr>
      <para>verklaart deze beschikking uitvoerbaar bij voorraad.</para>
      <para />
      <parablock>
        <para>Deze beschikking is gegeven door kantonrechter mr. J.C. Gerritse en uitgesproken ter openbare zitting van 19 maart 2019.</para>
      </parablock>
    </paragroup>
  </section>
</uitspraak>
</open-rechtspraak>