<?xml version="1.0" encoding="utf-8"?>
<open-rechtspraak>
  <rdf:RDF xmlns:rdf="http://www.w3.org/1999/02/22-rdf-syntax-ns#" xmlns:ecli="https://e-justice.europa.eu/ecli" xmlns:tr="http://tuchtrecht.overheid.nl/" xmlns:eu="http://publications.europa.eu/celex/" xmlns:dcterms="http://purl.org/dc/terms/" xmlns:bwb="bwb-dl" xmlns:cvdr="http://decentrale.regelgeving.overheid.nl/cvdr/" xmlns:psi="http://psi.rechtspraak.nl/" xmlns:rdfs="http://www.w3.org/2000/01/rdf-schema#">
    <rdf:Description>
      <dcterms:identifier>ECLI:NL:CRVB:2019:867</dcterms:identifier>
      <dcterms:format>text/xml</dcterms:format>
      <dcterms:accessRights>public</dcterms:accessRights>
      <dcterms:modified>2019-03-21T14:11:17</dcterms:modified>
      <dcterms:issued rdfs:label="Publicatiedatum">2019-03-15</dcterms:issued>
      <dcterms:publisher resourceIdentifier="http://rechtspraak.nl/">Raad voor de Rechtspraak</dcterms:publisher>
      <dcterms:language>nl</dcterms:language>
      <dcterms:creator rdfs:label="Instantie" resourceIdentifier="http://standaarden.overheid.nl/owms/terms/Centrale_Raad_van_Beroep" scheme="overheid.RechterlijkeMacht">Centrale Raad van Beroep</dcterms:creator>
      <dcterms:date rdfs:label="Uitspraakdatum">2019-03-05</dcterms:date>
      <psi:zaaknummer rdfs:label="Zaaknr">17/6615 PW</psi:zaaknummer>
      <dcterms:type rdf:language="nl" resourceIdentifier="http://psi.rechtspraak.nl/uitspraak">Uitspraak</dcterms:type>
      <psi:procedure rdf:language="nl" rdfs:label="Procedure" resourceIdentifier="http://psi.rechtspraak.nl/procedure#hogerBeroep">Hoger beroep</psi:procedure>
      <dcterms:coverage>NL</dcterms:coverage>
      <dcterms:subject rdfs:label="Rechtsgebied" resourceIdentifier="http://psi.rechtspraak.nl/rechtsgebied#bestuursrecht_socialezekerheidsrecht">Bestuursrecht; Socialezekerheidsrecht</dcterms:subject>
      <dcterms:relation rdfs:label="Formele relatie" ecli:resourceIdentifier="ECLI:NL:RBROT:2017:6492" psi:type="http://psi.rechtspraak.nl/hogerBeroep" psi:aanleg="http://psi.rechtspraak.nl/eerdereAanleg" psi:gevolg="http://psi.rechtspraak.nl/gevolg#bekrachtiging/bevestiging">Eerste aanleg: ECLI:NL:RBROT:2017:6492, Bekrachtiging/bevestiging</dcterms:relation>
      <dcterms:hasVersion rdfs:label="Vindplaatsen" resourceIdentifier="http://psi.rechtspraak.nl/vindplaats">
        <rdf:list>
          <rdf:li>Rechtspraak.nl</rdf:li>
        </rdf:list>
      </dcterms:hasVersion>
    </rdf:Description>
    <rdf:Description rdf:about="http://deeplink.rechtspraak.nl/uitspraak?id=ECLI:NL:CRVB:2019:867">
      <dcterms:identifier>http://deeplink.rechtspraak.nl/uitspraak?id=ECLI:NL:CRVB:2019:867</dcterms:identifier>
      <dcterms:format>text/html</dcterms:format>
      <dcterms:accessRights>public</dcterms:accessRights>
      <dcterms:modified>2019-03-18T11:59:14</dcterms:modified>
      <dcterms:issued rdfs:label="Publicatiedatum">2019-03-18</dcterms:issued>
      <dcterms:publisher resourceIdentifier="http://rechtspraak.nl/">Raad voor de Rechtspraak</dcterms:publisher>
      <dcterms:language>nl</dcterms:language>
      <dcterms:title rdf:language="nl">ECLI:NL:CRVB:2019:867 Centrale Raad van Beroep , 05-03-2019 / 17/6615 PW</dcterms:title>
      <dcterms:abstract resourceIdentifier="../../rs:inhoudsindicatie" />
    </rdf:Description>
  </rdf:RDF>
  <inhoudsindicatie id="ECLI:NL:CRVB:2019:867:INH" lang="nl" xml:space="preserve" xmlns="http://www.rechtspraak.nl/schema/rechtspraak-1.0" xmlns:xsd="http://www.w3.org/2001/XMLSchema" xmlns:xsi="http://www.w3.org/2001/XMLSchema-instance">
      <para>Niet gemelde financiële transacties ten behoeve van derden. Intrekking over transactiemaanden.</para>
    </inhoudsindicatie>
  <uitspraak id="ECLI:NL:CRVB:2019:867:DOC" lang="nl" xml:space="preserve" xmlns="http://www.rechtspraak.nl/schema/rechtspraak-1.0" xmlns:xsd="http://www.w3.org/2001/XMLSchema" xmlns:xsi="http://www.w3.org/2001/XMLSchema-instance" xmlns:xlink="http://www.w3.org/1999/xlink">
  <uitspraak.info>
    <para />
    <bridgehead role="bold">17 6615 PW </bridgehead>
    <para />
    <parablock>
      <para>Datum uitspraak: 5 maart 2019</para>
    </parablock>
    <para />
    <parablock>
      <para>Centrale Raad van Beroep</para>
      <para>Enkelvoudige kamer</para>
    </parablock>
    <para />
    <para />
    <para />
    <para />
    <para />
    <para />
    <para />
    <para />
    <para />
    <parablock>
      <para>Uitspraak op het hoger beroep tegen de uitspraak van de rechtbank Rotterdam van 24 augustus 2017, 17/895 (aangevallen uitspraak)</para>
    </parablock>
    <para />
    <para />
    <para />
    <para />
    <para />
    <parablock>
      <para>Partijen:</para>
    </parablock>
    <para />
    <parablock>
      <para>
        [Appellant] te [woonplaats] (appellant)</para>
    </parablock>
    <para />
    <parablock>
      <para>het college van burgemeester en wethouders van Rotterdam (college)</para>
    </parablock>
    <para />
    <para />
    <para />
    <para />
    <para />
    <para />
  </uitspraak.info>
  <section role="procesverloop">
    <title>PROCESVERLOOP</title>
    <para />
    <parablock>
      <para>Namens appellant heeft mr. G. Özveren, advocaat, hoger beroep ingesteld.</para>
    </parablock>
    <para />
    <parablock>
      <para>Het college heeft een verweerschrift ingediend.</para>
    </parablock>
    <para />
    <parablock>
      <para>Onder toepassing van artikel 8:57 eerste lid, van de Algemene wet bestuurswet (Awb) is een (nader) onderzoek ter zitting achterwege gelaten, waarna de Raad het onderzoek met toepassing van artikel 8:57, derde lid, van de Awb heeft gesloten.</para>
    </parablock>
    <para />
    <para />
  </section>
  <section role="overwegingen">
    <title>OVERWEGINGEN</title>
    <para />
    <parablock>
      <para>1. De Raad gaat uit van de volgende in dit geding van belang zijnde feiten en omstandigheden.</para>
    </parablock>
    <para />
    <paragroup>
      <nr>1.1.</nr>
      <para>Appellant ontving sinds 13 oktober 2006 bijstand, laatstelijk ingevolge de Participatiewet.</para>
      <para />
    </paragroup>
    <paragroup>
      <nr>1.2.</nr>
      <para>Op 1 december 2015 heeft een buitengewoon opsporingsambtenaar, werkzaam binnen de Dienst Regionale Recherche van de Eenheid Rotterdam, een proces-verbaal “Ontvangst FIU” opgemaakt inzake verdachte transacties (transacties) door appellant. Uit de aan het proces‑verbaal ten grondslag liggende informatie van de Financial Intelligence Unit blijkt dat appellant in de maanden oktober 2006, november 2006, september 2007, maart 2008, april 2008, juli 2008, september 2008, maart 2009, april 2009, mei 2009 en januari 2010 (maanden in geding) zestien transacties heeft verricht, waarbij hij geld heeft overgemaakt naar Marokko en Turkije. De bedragen variëren van € 188,- tot € 11.000,-, in totaal € 34.734,-. Na ontvangst van het proces-verbaal heeft een sociaal rechercheur van de gemeente Rotterdam een onderzoek ingesteld naar de rechtmatigheid van de aan appellant verleende bijstand. In dat kader heeft de sociaal rechercheur op 20 januari 2016 een gesprek gevoerd met appellant. Tijdens dat gesprek heeft appellant een aantal transacties erkend. De bevindingen van het onderzoek zijn neergelegd in een rapport van 9 februari 2016.</para>
      <para />
    </paragroup>
    <paragroup>
      <nr>1.3.</nr>
      <para>Het college heeft in de onderzoeksresultaten aanleiding gezien om bij besluit van 26 februari 2016, na bezwaar gehandhaafd bij besluit van 3 januari 2017 (bestreden besluit), de bijstand van appellant over de maanden in geding te herzien (lees: in te trekken) en de over die maanden gemaakte kosten van bijstand tot een bedrag van € 7.976,61 van appellant terug te vorderen. Aan de besluitvorming ligt ten grondslag dat appellant in strijd met zijn wettelijke inlichtingenverplichting geen melding heeft gemaakt bij het college van mogelijke inkomsten uit transacties. Als gevolg hiervan kan het recht op bijstand over de maanden in geding niet worden vastgesteld.  </para>
      <para />
      <para>2. Bij de aangevallen uitspraak heeft de rechtbank het beroep tegen het bestreden besluit ongegrond verklaard.</para>
      <para />
      <para>3. In hoger beroep heeft appellant zich op de hierna te bespreken gronden tegen de aangevallen uitspraak gekeerd.</para>
      <para />
      <para>4. De Raad komt tot de volgende beoordeling.</para>
    </paragroup>
    <paragroup>
      <nr>4.1.</nr>
      <para>Het besluit tot intrekking van bijstand is een voor de betrokkene belastend besluit, waarbij het aan het bijstandverlenend orgaan is om de nodige kennis over de relevante feiten te vergaren. Dat betekent dat de last om aannemelijk te maken dat aan de voorwaarden voor intrekking is voldaan in beginsel op het bijstandverlenend orgaan rust. </para>
      <para />
    </paragroup>
    <paragroup>
      <nr>4.2.</nr>
      <para>Appellant heeft tijdens het gesprek op 20 januari 2016 betrokkenheid bij een deel van de in 1.2 vermelde transacties erkend. Voor zover appellant betrokkenheid bij de overige transacties heeft ontkend, kan hem die ontkenning niet baten. Niet in geschil is dat bij die transacties gebruik is gemaakt van een paspoort of rijbewijs van appellant. Op grond daarvan is de vooronderstelling gerechtvaardigd dat het appellant is geweest die bij deze transacties betrokken is geweest. Het is dan aan appellant om aannemelijk te maken dat het tegendeel het geval is. De enkele stelling van appellant dat hij de begunstigde personen niet kent en geen transacties heeft verricht, is daartoe niet voldoende.</para>
      <para />
    </paragroup>
    <paragroup>
      <nr>4.3.</nr>
      <para>Uit 4.2 volgt dat appellant in de maanden in geding zestien transacties heeft verricht tot een bedrag van in totaal € 34.734,-. Gelet op het aantal transacties en de grote bedragen die daarmee gemoeid waren, heeft het college terecht aannemelijk geacht dat appellant ten behoeve van derden transacties heeft verricht en daarvoor betalingen heeft ontvangen. Appellant had (de mogelijke inkomsten uit) die transacties moeten melden. Appellant heeft dat in strijd met zijn inlichtingenverplichting niet gedaan. De beroepsgrond van appellant dat hij alleen geld heeft overgemaakt naar de door hem in het gesprek van 20 januari 2016 genoemde personen, waaronder familieleden, en dat hij daarvoor geen vergoeding heeft ontvangen, slaagt niet, reeds omdat appellant zelf heeft verklaard dat er soms een bedrag van € 2,- of € 5,- bij een transactie overbleef en dat hij dat voor zichzelf hield. Nu appellant voorts geen boekhouding of administratie van de transacties heeft bijgehouden, kan niet worden vastgesteld of appellant over de maanden in geding recht had op bijstand. Het college heeft de bijstand over die maanden terecht ingetrokken.</para>
      <para />
    </paragroup>
    <paragroup>
      <nr>4.4.</nr>
      <para>Appellant heeft, evenals in bezwaar en beroep, gesteld dat er een aanzienlijke kans bestaat dat hij door zijn financiële situatie niet langer in zijn onderhoud zal kunnen voorzien. Voor zover appellant daarmee heeft bedoeld aan te voeren dat er dringende redenen bestaan om af te zien van de terugvordering, slaagt die beroepsgrond evenmin. Daarvoor is van belang dat appellant ook in hoger beroep deze stelling niet heeft onderbouwd.</para>
      <para />
    </paragroup>
    <paragroup>
      <nr>4.5.</nr>
      <para>Uit 4.1 tot en met 4.4 volgt dat het hoger beroep niet slaagt, zodat de aangevallen uitspraak moet worden bevestigd. </para>
      <para />
      <parablock>
        <para>5. Voor een veroordeling in de proceskosten bestaat geen aanleiding.</para>
      </parablock>
      <para />
      <para />
      <para />
      <para />
      <para />
      <para />
      <para />
      <para />
      <para />
      <para />
      <para />
    </paragroup>
  </section>
  <section role="beslissing">
    <title>BESLISSING</title>
    <para />
    <parablock>
      <para>De Centrale Raad van Beroep bevestigt de aangevallen uitspraak. </para>
    </parablock>
    <para />
    <para />
    <parablock>
      <para>Deze uitspraak is gedaan door E.C.R. Schut, in tegenwoordigheid van Y. Itkal als griffier. De beslissing is uitgesproken in het openbaar op 5 maart 2019.</para>
    </parablock>
    <para />
    <para />
    <para />
    <parablock>
      <para>						(getekend) E.C.R. Schut</para>
    </parablock>
    <para />
    <para />
    <para />
    <parablock>
      <para>						(getekend) Y. Itkal </para>
    </parablock>
    <para />
    <para />
    <para />
    <para />
    <parablock>
      <para>md</para>
    </parablock>
    <para />
  </section>
</uitspraak>
</open-rechtspraak>