<?xml version="1.0" encoding="utf-8"?>
<open-rechtspraak>
  <rdf:RDF xmlns:rdf="http://www.w3.org/1999/02/22-rdf-syntax-ns#" xmlns:ecli="https://e-justice.europa.eu/ecli" xmlns:tr="http://tuchtrecht.overheid.nl/" xmlns:eu="http://publications.europa.eu/celex/" xmlns:dcterms="http://purl.org/dc/terms/" xmlns:bwb="bwb-dl" xmlns:cvdr="http://decentrale.regelgeving.overheid.nl/cvdr/" xmlns:psi="http://psi.rechtspraak.nl/" xmlns:rdfs="http://www.w3.org/2000/01/rdf-schema#">
    <rdf:Description>
      <dcterms:identifier>ECLI:NL:RBGEL:2019:1007</dcterms:identifier>
      <dcterms:format>text/xml</dcterms:format>
      <dcterms:accessRights>public</dcterms:accessRights>
      <dcterms:modified>2019-03-11T14:30:05</dcterms:modified>
      <dcterms:issued rdfs:label="Publicatiedatum">2019-03-11</dcterms:issued>
      <dcterms:publisher resourceIdentifier="http://rechtspraak.nl/">Raad voor de Rechtspraak</dcterms:publisher>
      <dcterms:language>nl</dcterms:language>
      <dcterms:creator rdfs:label="Instantie" resourceIdentifier="http://standaarden.overheid.nl/owms/terms/Rechtbank_Gelderland" scheme="overheid.RechterlijkeMacht">Rechtbank Gelderland</dcterms:creator>
      <dcterms:date rdfs:label="Uitspraakdatum">2019-03-11</dcterms:date>
      <psi:zaaknummer rdfs:label="Zaaknr">C/05/348735 / KG ZA 19-35</psi:zaaknummer>
      <dcterms:type rdf:language="nl" resourceIdentifier="http://psi.rechtspraak.nl/uitspraak">Uitspraak</dcterms:type>
      <psi:procedure rdf:language="nl" rdfs:label="Procedure" resourceIdentifier="http://psi.rechtspraak.nl/procedure#kortGeding">Kort geding</psi:procedure>
      <dcterms:coverage>NL</dcterms:coverage>
      <dcterms:spatial rdfs:label="Zittingsplaats">Arnhem</dcterms:spatial>
      <dcterms:subject rdfs:label="Rechtsgebied" resourceIdentifier="http://psi.rechtspraak.nl/rechtsgebied#civielRecht">Civiel recht</dcterms:subject>
      <dcterms:hasVersion rdfs:label="Vindplaatsen" resourceIdentifier="http://psi.rechtspraak.nl/vindplaats">
        <rdf:list>
          <rdf:li>Rechtspraak.nl</rdf:li>
        </rdf:list>
      </dcterms:hasVersion>
    </rdf:Description>
    <rdf:Description rdf:about="http://deeplink.rechtspraak.nl/uitspraak?id=ECLI:NL:RBGEL:2019:1007">
      <dcterms:identifier>http://deeplink.rechtspraak.nl/uitspraak?id=ECLI:NL:RBGEL:2019:1007</dcterms:identifier>
      <dcterms:format>text/html</dcterms:format>
      <dcterms:accessRights>public</dcterms:accessRights>
      <dcterms:modified>2019-03-11T11:32:04</dcterms:modified>
      <dcterms:issued rdfs:label="Publicatiedatum">2019-03-11</dcterms:issued>
      <dcterms:publisher resourceIdentifier="http://rechtspraak.nl/">Raad voor de Rechtspraak</dcterms:publisher>
      <dcterms:language>nl</dcterms:language>
      <dcterms:title rdf:language="nl">ECLI:NL:RBGEL:2019:1007 Rechtbank Gelderland , 11-03-2019 / C/05/348735 / KG ZA 19-35</dcterms:title>
      <dcterms:abstract resourceIdentifier="../../rs:inhoudsindicatie" />
    </rdf:Description>
  </rdf:RDF>
  <inhoudsindicatie id="ECLI:NL:RBGEL:2019:1007:INH" lang="nl" xml:space="preserve" xmlns="http://www.rechtspraak.nl/schema/rechtspraak-1.0" xmlns:xsd="http://www.w3.org/2001/XMLSchema" xmlns:xsi="http://www.w3.org/2001/XMLSchema-instance">
      <para>Kort geding. Verstekvonnis. Contactverbod wordt bij verstek toegewezen, in duur beperkt tot twee jaar. Dwangsom en lijfsdwang worden ook toegewezen.</para>
    </inhoudsindicatie>
  <uitspraak id="ECLI:NL:RBGEL:2019:1007:DOC" lang="nl" xml:space="preserve" xmlns="http://www.rechtspraak.nl/schema/rechtspraak-1.0" xmlns:xsd="http://www.w3.org/2001/XMLSchema" xmlns:xsi="http://www.w3.org/2001/XMLSchema-instance" xmlns:xlink="http://www.w3.org/1999/xlink">
  <uitspraak.info>
    <para>
      <inlinemediaobject>
        <imageobject>
          <imagedata align="center" scale="100" fileref="85fb3bef-52e0-407d-9154-dac72df30f3f" depth="2" width="13" format="image/png" />
        </imageobject>
      </inlinemediaobject>
      <inlinemediaobject>
        <imageobject>
          <imagedata align="center" scale="100" fileref="326994c1-2fc9-4408-9334-f60de4fe71ef" depth="2" width="523" format="image/png" />
        </imageobject>
      </inlinemediaobject>vonnis</para>
    <bridgehead role="bold">RECHTBANK GELDERLAND</bridgehead>
    <para />
    <parablock>
      <para>Team kanton en handelsrecht</para>
    </parablock>
    <para />
    <parablock>
      <para>Zittingsplaats Arnhem</para>
    </parablock>
    <para />
    <parablock>
      <para>zaaknummer / rolnummer: C/05/348735 / KG ZA 19-35</para>
    </parablock>
    <para />
    <parablock>
      <para>
        <emphasis role="bold">Vonnis in kort geding van 11 maart 2019</emphasis>
      </para>
    </parablock>
    <para />
    <parablock>
      <para>in de zaak van</para>
    </parablock>
    <para />
    <para>1. de publiekrechtelijke rechtspersoon</para>
    <parablock>
      <para>
        <emphasis role="bold">WAGENINGEN UNIVERSITEIT/WAGENINGEN UNIVERSITY</emphasis>,</para>
      <para>statutair gevestigd en kantoorhoudende te Wageningen,</para>
    </parablock>
    <para>2. de stichting</para>
    <parablock>
      <para>
        <emphasis role="bold">STICHTING WAGENINGEN RESEARCH</emphasis>,</para>
      <para>statutair gevestigd en kantoorhoudende te Wageningen,</para>
      <para>eiseressen,</para>
      <para>advocaat mr. J. Becker te Arnhem,</para>
    </parablock>
    <para />
    <parablock>
      <para>tegen</para>
    </parablock>
    <para />
    <parablock>
      <para>
        <emphasis role="bold">
          [Gedaagde]
        </emphasis>,</para>
      <para>
        [woonplaats] ,</para>
      <para>gedaagde,</para>
      <para>niet verschenen.</para>
    </parablock>
    <para />
    <para />
    <parablock>
      <para>Eiseressen zullen hierna gezamenlijk WUR worden genoemd. Gedaagde zal hierna [Gedaagde] worden genoemd.</para>
    </parablock>
    <para />
  </uitspraak.info>
  <section>
    <title>
      <nr>1</nr>De procedure</title>
    <paragroup>
      <nr>1.1.</nr>
      <para>Het verloop van de procedure blijkt uit:</para>
      <para>- de dagvaarding van 4 februari 2019 met producties 1 tot en met 32</para>
      <para>- de akte overlegging producties en aanvulling/verduidelijking eis en verzoek ter zitting met producties 33 en 34 van de zijde van WUR</para>
      <para>- de mondelinge behandeling op 28 februari 2019. </para>
      <para />
    </paragroup>
    <paragroup>
      <nr>1.2.</nr>
      <para>Ten slotte is vonnis bepaald.</para>
      <para />
    </paragroup>
  </section>
  <section>
    <title>
      <nr>2</nr>De vordering</title>
    <paragroup>
      <nr>2.1.</nr>
      <para>WUR vordert, na aanvulling van eis, dat de voorzieningenrechter bij vonnis in kort geding, voor zover mogelijk uitvoerbaar bij voorraad: </para>
      <para />
      <parablock>
        <para>1)	[Gedaagde] veroordeelt om met onmiddellijke ingang te staken en gestaakt te houden het onrechtmatig handelen jegens WUR zoals omschreven in de dagvaarding, waaronder – maar niet beperkt tot – het versturen van berichten via e-mail en/of sms en/of andere media, waaronder begrepen social media, en/of door anderszins, al dan niet onder eigen naam, contact op te nemen – op welke wijze ook, waaronder begrepen via telefoon en/of in persoon – met WUR, inclusief haar bestuursleden, medewerkers en/of studenten; en</para>
        <para>2)	[Gedaagde] veroordeelt tot betaling van een dwangsom van € 500,00, althans een door de voorzieningenrechter in goede justitie te bepalen dwangsom, voor iedere overtreding van het onder 1) gevorderde bevel, of, naar keuze van WUR, van € 500,00 voor iedere dag of deel daarvan dat [Gedaagde] het onder 1) gevorderde bevel geheel of gedeeltelijk overtreedt; en</para>
        <para>3)	bepaalt dat indien [Gedaagde] het hiervoor onder 1) gevorderde bevel na één week na betekening van dit vonnis blijft overtreden, althans € 5.000,00 aan dwangsommen verbeurt, door WUR op [Gedaagde] lijfsdwang mag worden toegepast en WUR aldus verlof verleent deze lijfsdwang ten uitvoer te kunnen leggen en aldus machtigt om in dat geval [Gedaagde] te gijzelen voor de duur van zeven dagen (168 uur), en vervolgens telkens voor de duur van zeven dagen (168 uur) voor iedere keer of dag(deel) dat [Gedaagde] het onder 1) gevorderde bevel overtreedt, zulks tot een maximum voor alle overtredingen tezamen van in totaal één jaar; en</para>
        <para>4)	WUR machtigt om met behulp van de sterke arm van justitie en politie de tenuitvoerlegging bij lijfsdwang van dit vonnis te bewerkstelligen,</para>
        <para>5)	voorzieningen treft in goede justitie; en</para>
        <para>6)	[Gedaagde] veroordeelt in de kosten van dit geding.</para>
      </parablock>
      <para />
    </paragroup>
  </section>
  <section role="overwegingen">
    <title>
      <nr>3</nr>De beoordeling</title>
    <paragroup>
      <nr>3.1.</nr>
      <para>Bij de dagvaarding zijn de bij de wet voorgeschreven formaliteiten in acht genomen, zodat tegen [Gedaagde] verstek zal worden verleend.</para>
      <para />
    </paragroup>
    <paragroup>
      <nr>3.2.</nr>
      <para>Gelet op de aard van de vorderingen heeft WUR daarbij voldoende spoedeisend belang.</para>
      <para />
    </paragroup>
    <paragroup>
      <nr>3.3.</nr>
      <para>WUR heeft bij akte verzocht om haar vordering onder 1) zo te lezen, dat onder                ‘en/of andere media’ ook het versturen van berichten via social media wordt begrepen. Verder heeft zij haar eis aangevuld met de onder 4) gevorderde machtiging om met behulp van de sterke arm van justitie en politie tenuitvoerlegging van dit vonnis bij lijfsdwang te mogen bewerkstelligen. Daarmee is geen sprake van een zodanige eiswijziging dat deze aan [Gedaagde] had moeten worden betekend. De voorzieningenrechter zal daarom van de aldus aangevulde eis uitgaan.</para>
      <para />
    </paragroup>
    <paragroup>
      <nr>3.4.</nr>
      <para>Het gevorderde komt de voorzieningenrechter niet onrechtmatig of ongegrond voor en zal daarom worden toegewezen, met inachtneming van het hierna volgende. </para>
      <para />
    </paragroup>
    <paragroup>
      <nr>3.5.</nr>
      <para>Ten aanzien van het gevorderde onder 1) geldt dat de vordering door toevoeging van de zinsnede ‘het onrechtmatig handelen jegens WUR zoals omschreven in deze dagvaarding’ te onbepaald is om als gevorderd te kunnen worden toegewezen. Gelet hierop ziet de voorzieningenrechter aanleiding om de vordering van WUR aldus toe te wijzen, dat [Gedaagde] zal worden verboden om, al dan niet onder eigen naam, door middel van, waaronder – maar niet beperkt tot –, het versturen van berichten via e-mail en/of sms en/of andere (social) media en/of door anderszins, op welke wijze ook, waaronder begrepen via telefoon en/of in persoon, contact op te nemen met WUR, inclusief haar bestuursleden, medewerkers en/of studenten, </para>
      <para />
    </paragroup>
    <paragroup>
      <nr>3.6.</nr>
      <para>De voorzieningenrechter ziet, gelet op de eisen van proportionaliteit, geen aanleiding om, zoals door WUR is gevorderd, het contactverbod op te leggen voor onbepaalde tijd. De duur van het contactverbod zal worden beperkt tot een periode van twee jaar. Hiertoe wordt het volgende in aanmerking genomen. WUR heeft op de mondelinge behandeling weliswaar toegelicht dat in haar visie het contactverbod niet in tijd zou moeten worden beperkt gelet op de voortdurende stelselmatige belaging, belediging en bedreiging door [Gedaagde] alsmede het ontbreken van enige belang aan de zijde van [Gedaagde] om (weer) contact met WUR te moeten hebben, maar hierin ziet de voorzieningenrechter onvoldoende aanleiding om hem voor onbepaalde tijd te verbieden contact op te nemen met (bestuursleden, medewerkers en/of studenten van) WUR. WUR heeft in januari 2019 aangifte gedaan bij de politie op grond van stalking, belediging en bedreiging en naar verwachting zal binnen een termijn van twee jaar een eventuele strafrechtelijke procedure zijn afgedaan. Wanneer dit na de genoemde periode van twee jaar noodzakelijk blijkt, staat het WUR vrij om wederom een contactverbod te vorderen.</para>
      <para />
    </paragroup>
    <paragroup>
      <nr>3.7.</nr>
      <para>De door WUR gevorderde dwangsom zal gelet op het hierna overwogene onder 3.8. worden gemaximeerd op een bedrag van € 25.000,00 en zal worden toegewezen met dien verstande, dat er een dwangsom zal worden verbeurd, ófwel per overtreding door [Gedaagde] ófwel per dag dan wel dagdeel dat hij niet aan het contactverbod voldoet (naar keuze van WUR).</para>
      <para />
    </paragroup>
    <paragroup>
      <nr>3.8.</nr>
      <para>Op de mondelinge behandeling heeft WUR bij monde van haar advocaat verklaard dat zij de door haar gevorderde lijfsdwang wil toepassen als voorwaardelijke maatregel, voor het geval [Gedaagde] na één week na betekening van het vonnis het contactverbod blijft overtreden én de dwangsommen zijn volgelopen tot tien overtredingen (€ 5.000,00). </para>
      <para />
    </paragroup>
    <paragroup>
      <nr>3.9.</nr>
      <para>Op grond van artikel 587 Rv zal een vonnis alleen dan uitvoerbaar bij lijfsdwang worden verklaard, indien aannemelijk is dat toepassing van een ander dwangmiddel onvoldoende uitkomst zal bieden en het belang van de schuldeiser toepassing daarvan rechtvaardigt. In het onderhavige geval is gebleken dat de woning van [Gedaagde] inmiddels is ontruimd in verband met een huurschuld, op grond waarvan aannemelijk is dat een dwangsomveroordeling alleen onvoldoende prikkel tot nakoming zal zijn. Onder deze omstandigheden kan worden geoordeeld dat toepassing van het enkel opleggen van een dwangsom, zonder de gevorderde lijfsdwang, onvoldoende uitkomst biedt. De voorzieningenrechter is dan ook van oordeel dat het belang van WUR bij toepassing van lijfsdwang in het onderhavige geval zwaarder weegt dan het belang van [Gedaagde] bij niet-toepassing daarvan. De gevorderde tenuitvoerlegging bij lijfsdwang zal gelet hierop worden toegewezen met dien verstande dat het vonnis uitvoerbaar bij lijfsdwang zal zijn indien [Gedaagde] het contactverbod na één week na betekening van dit vonnis blijft overtreden, én hij € 5.000,00 aan dwangsommen heeft verbeurd door tien keer het contactverbod te overtreden. Hierbij geldt dat [Gedaagde] in dat geval voor de duur van zeven dagen mag worden gegijzeld. Voor iedere overtreding van het contactverbod of voor ieder dag(deel) dat hij het contactverbod daarna overtreedt, geldt dat hij steeds voor de duur van zeven dagen mag worden gegijzeld en dat geen volgende ingijzelingstelling van [Gedaagde] mag plaatsvinden dan in het geval dat hij na de vorige gijzeling opnieuw het contactverbod overtreedt. In totaal mag [Gedaagde] voor alle overtredingen tezamen in totaal één jaar in gijzeling worden gesteld, conform het bepaalde in artikel 589 Rv. </para>
      <para />
    </paragroup>
    <paragroup>
      <nr>3.10.</nr>
      <para>Voorts zal worden bepaald dat [Gedaagde] geen dwangsommen meer zal verbeuren, indien en voor zover lijfsdwang wordt toegepast.</para>
      <para />
    </paragroup>
    <paragroup>
      <nr>3.11.</nr>
      <para>De gevorderde machtiging om, voor zover dit nodig blijkt, het vonnis bij lijfsdwang ten uitvoer te leggen met behulp van de sterke arm van politie en justitie vloeit voort uit het bepaalde in artikel 595 Rv en zal daarom worden toegewezen.</para>
      <para />
    </paragroup>
    <paragroup>
      <nr>3.12.</nr>
      <para>
        [Gedaagde] zal als de grotendeels in het ongelijk gestelde partij in de proceskosten worden veroordeeld. De kosten aan de zijde van WUR worden begroot op:</para>
      <para>- dagvaarding	€ 	102,27</para>
      <para>- griffierecht		639,00</para>
      <para>- salaris advocaat	<emphasis role="underline">	633,00</emphasis></para>
      <para>Totaal	€ 	  1.374,27</para>
      <para />
    </paragroup>
  </section>
  <section role="beslissing">
    <title>
      <nr>4</nr>De beslissing</title>
    <para>De voorzieningenrechter</para>
    <para />
    <paragroup>
      <nr>4.1.</nr>
      <para>verleent verstek tegen de niet verschenen [Gedaagde] ,</para>
      <para />
    </paragroup>
    <paragroup>
      <nr>4.2.</nr>
      <para>verbiedt [Gedaagde] om contact op te nemen met WUR, inclusief haar bestuursleden, medewerkers en/of studenten, al dan niet onder eigen naam, door middel van, waaronder – maar niet beperkt tot –, het versturen van berichten via e-mail en/of sms, en/of andere (social) media en/of anderszins, op welke wijze dan ook, waaronder begrepen via telefoon en/of in persoon, </para>
      <para />
    </paragroup>
    <paragroup>
      <nr>4.3.</nr>
      <para>veroordeelt [Gedaagde] om aan WUR een dwangsom te betalen van € 500,00 (zegge: vijfhonderd euro) voor iedere overtreding van het in 4.2. uitgesproken contactverbod, dan wel voor iedere dag of gedeelte daarvan dat hij niet aan het contactverbod voldoet, tot een maximum van € 25.000,00 (zegge: vijfentwintigduizend euro) is bereikt, </para>
      <para />
    </paragroup>
    <paragroup>
      <nr>4.4.</nr>
      <para>bepaalt dat indien [Gedaagde] het onder 4.2. genoemde contactverbod na één week na betekening van dit vonnis blijft overtreden en hij € 5.000,00 (zegge: vijfduizend euro) aan dwangsommen heeft verbeurd door het verbod tien (10) keer of tien dagen dan wel dagdelen te overtreden, dit vonnis uitvoerbaar zal zijn bij lijfsdwang, met dien verstande dat:</para>
      <para>a.	[Gedaagde] in dat geval voor de duur van niet langer dan zeven (7) dagen in gijzeling wordt gesteld,</para>
      <para>b.	geen volgende ingijzelingstelling van [Gedaagde] mag plaatsvinden dan in het geval hij na de vorige gijzeling opnieuw het hiervoor onder 4.2. vermelde verbod overtreedt,</para>
      <para>c.	[Gedaagde] voor elke keer dat hij daarna het contactverbod vermeld onder 4.2. overtreedt, niet langer dan zeven (7) dagen in gijzeling wordt gesteld,</para>
      <para>d.	voor [Gedaagde] in totaal niet meer dan één (1) jaar ingijzelingstelling is toegestaan,</para>
      <para />
    </paragroup>
    <paragroup>
      <nr>4.5.</nr>
      <para>machtigt WUR om met behulp van de sterke arm van justitie en politie de tenuitvoerlegging bij lijfsdwang van dit vonnis te bewerkstelligen, indien en voor zover aan de in 4.4. van dit vonnis opgenomen voorwaarden is voldaan,</para>
      <para />
    </paragroup>
    <paragroup>
      <nr>4.6.</nr>
      <para>bepaalt dat [Gedaagde] geen dwangsommen als bedoeld in 4.3. meer zal verbeuren, indien en voor zover lijfsdwang wordt toegepast,</para>
      <para />
    </paragroup>
    <paragroup>
      <nr>4.7.</nr>
      <para>veroordeelt [Gedaagde] in de proceskosten, aan de zijde van WUR tot op heden begroot op € 1.374,27, </para>
      <para />
    </paragroup>
    <paragroup>
      <nr>4.8.</nr>
      <para>verklaart dit vonnis tot zover uitvoerbaar bij voorraad,</para>
      <para />
    </paragroup>
    <paragroup>
      <nr>4.9.</nr>
      <para>wijst het meer of anders gevorderde af.</para>
      <para />
      <para />
      <parablock>
        <para>Dit vonnis is gewezen door mr. S.J. Peerdeman en in het openbaar uitgesproken op 11 maart 2019.</para>
      </parablock>
      <para />
      <para />
      <para />
      <para />
    </paragroup>
  </section>
</uitspraak>
</open-rechtspraak>