<?xml version="1.0" encoding="utf-8"?>
<open-rechtspraak>
  <rdf:RDF xmlns:rdf="http://www.w3.org/1999/02/22-rdf-syntax-ns#" xmlns:ecli="https://e-justice.europa.eu/ecli" xmlns:tr="http://tuchtrecht.overheid.nl/" xmlns:eu="http://publications.europa.eu/celex/" xmlns:dcterms="http://purl.org/dc/terms/" xmlns:bwb="bwb-dl" xmlns:cvdr="http://decentrale.regelgeving.overheid.nl/cvdr/" xmlns:psi="http://psi.rechtspraak.nl/" xmlns:rdfs="http://www.w3.org/2000/01/rdf-schema#">
    <rdf:Description>
      <dcterms:identifier>ECLI:NL:GHDHA:2019:994</dcterms:identifier>
      <dcterms:format>text/xml</dcterms:format>
      <dcterms:accessRights>public</dcterms:accessRights>
      <dcterms:modified>2019-05-02T15:26:26</dcterms:modified>
      <dcterms:issued rdfs:label="Publicatiedatum">2019-05-02</dcterms:issued>
      <dcterms:publisher resourceIdentifier="http://rechtspraak.nl/">Raad voor de Rechtspraak</dcterms:publisher>
      <dcterms:language>nl</dcterms:language>
      <dcterms:creator rdfs:label="Instantie" resourceIdentifier="http://standaarden.overheid.nl/owms/terms/Gerechtshof_Den_Haag" scheme="overheid.RechterlijkeMacht">Gerechtshof Den Haag</dcterms:creator>
      <dcterms:date rdfs:label="Uitspraakdatum">2019-03-26</dcterms:date>
      <psi:zaaknummer rdfs:label="Zaaknr">406-19</psi:zaaknummer>
      <dcterms:type rdf:language="nl" resourceIdentifier="http://psi.rechtspraak.nl/uitspraak">Uitspraak</dcterms:type>
      <psi:procedure rdf:language="nl" rdfs:label="Procedure" resourceIdentifier="http://psi.rechtspraak.nl/procedure#wraking">Wraking</psi:procedure>
      <dcterms:coverage>NL</dcterms:coverage>
      <dcterms:spatial rdfs:label="Zittingsplaats">'s-Gravenhage</dcterms:spatial>
      <dcterms:subject rdfs:label="Rechtsgebied" resourceIdentifier="http://psi.rechtspraak.nl/rechtsgebied#civielRecht">Civiel recht</dcterms:subject>
      <dcterms:hasVersion rdfs:label="Vindplaatsen" resourceIdentifier="http://psi.rechtspraak.nl/vindplaats">
        <rdf:list>
          <rdf:li>Rechtspraak.nl</rdf:li>
        </rdf:list>
      </dcterms:hasVersion>
    </rdf:Description>
    <rdf:Description rdf:about="http://deeplink.rechtspraak.nl/uitspraak?id=ECLI:NL:GHDHA:2019:994">
      <dcterms:identifier>http://deeplink.rechtspraak.nl/uitspraak?id=ECLI:NL:GHDHA:2019:994</dcterms:identifier>
      <dcterms:format>text/html</dcterms:format>
      <dcterms:accessRights>public</dcterms:accessRights>
      <dcterms:modified>2019-05-02T15:25:15</dcterms:modified>
      <dcterms:issued rdfs:label="Publicatiedatum">2019-05-02</dcterms:issued>
      <dcterms:publisher resourceIdentifier="http://rechtspraak.nl/">Raad voor de Rechtspraak</dcterms:publisher>
      <dcterms:language>nl</dcterms:language>
      <dcterms:title rdf:language="nl">ECLI:NL:GHDHA:2019:994 Gerechtshof Den Haag , 26-03-2019 / 406-19</dcterms:title>
      <dcterms:abstract resourceIdentifier="../../rs:inhoudsindicatie" />
    </rdf:Description>
  </rdf:RDF>
  <inhoudsindicatie id="ECLI:NL:GHDHA:2019:994:INH" lang="nl" xml:space="preserve" xmlns="http://www.rechtspraak.nl/schema/rechtspraak-1.0" xmlns:xsd="http://www.w3.org/2001/XMLSchema" xmlns:xsi="http://www.w3.org/2001/XMLSchema-instance">
      <para>Het hof verklaart verzoeker niet-ontvankelijk in het verzoek tot wraking.</para>
    </inhoudsindicatie>
  <uitspraak id="ECLI:NL:GHDHA:2019:994:DOC" lang="nl" xml:space="preserve" xmlns="http://www.rechtspraak.nl/schema/rechtspraak-1.0" xmlns:xsd="http://www.w3.org/2001/XMLSchema" xmlns:xsi="http://www.w3.org/2001/XMLSchema-instance" xmlns:xlink="http://www.w3.org/1999/xlink">
  <para>beslissing </para>
  <para>
    <emphasis role="bold">GERECHTSHOF DEN HAAG </emphasis>
  </para>
  <para>Zaaknummer 	 	 	: 000406-19 </para>
  <para>Zaaknummer hoofdzaak 	 	 	: 200.230.938/01 </para>
  <parablock>
    <para>
      <emphasis role="bold">Beslissing van de meervoudige kamer voor de behandeling van wrakings- en verschoningsverzoeken d.d. 26 maart 2019 </emphasis>
    </para>
  </parablock>
  <parablock>
    <para>inzake het schriftelijk verzoek tot wraking, als bedoeld in artikel 36 Wetboek van Burgerlijke Rechtsvordering, in de hoofdzaak met genoemd rolnummer/rekestnummer van: </para>
  </parablock>
  <parablock>
    <para>[naam verzoeker]</para>
    <para>wonende te [woonplaats], verzoeker. </para>
  </parablock>
  <section>
    <title>Het geding </title>
    <para />
    <para>1. In de civiele procedure onder genoemd zaaknummer tussen verzoeker en Stichting [1] heeft op 3 oktober 2018 een terechtzitting van de familiekamer plaatsgevonden. Namens verzoeker was daar zijn advocaat aanwezig.  Na afloop van de zitting is 21 november 2018 als uitspraakdatum vastgesteld.  </para>
    <para />
    <para>2. Bij brief van 4 oktober 2018 heeft verzoeker, zonder tussenkomst van een advocaat, een verzoek tot verschoning dan wel wraking gedaan van twee van de raadsheren die op  3 oktober zijn zaak behandelden (hierna: het eerste wrakingsverzoek).  </para>
    <para />
    <para>3. De wrakingskamer die het eerste verzoek behandelde heeft verzoeker een- en andermaal in de gelegenheid gesteld om  zijn verzoek alsnog ondertekend door een advocaat in te dienen. Verzoeker heeft die gelegenheid niet benut. Daarop is hij bij beslissing van 20 december 2018 niet-ontvankelijk verklaard in zijn eerste verzoek tot wraking.  </para>
    <para />
    <para>4. Bij brief van 28 december 2018 heeft verzoeker, opnieuw zonder tussenkomst van een advocaat, een verzoek gedaan tot wraking van de leden van de wrakingskamer die de beslissing op het eerste wrakingsverzoek hadden gegeven, hierna: het tweede wrakingsverzoek. </para>
    <para />
    <para>5. Bij beslissing van 19 februari 2019 is verzoeker niet-ontvankelijk verklaard in het tweede wrakingsverzoek, omdat hij opnieuw niet had voldaan aan de verplichting zijn verzoek door een advocaat te laten ondertekenen. Omdat verzoeker gelet op de gang van zaken bij zijn eerste wrakingsverzoek kon worden geacht van die verplichting op de hoogte te zijn, heeft de wrakingskamer toen geen aanleiding gezien om verzoeker opnieuw de gelegenheid te bieden alsnog daaraan te voldoen.  </para>
    <para />
    <para>6. Bij brief van 24 februari 2019 heeft verzoeker, opnieuw zonder tussenkomst van een advocaat, een verzoek tot wraking ingediend, hierna: het derde wrakingsverzoek. Het derde wrakingsverzoek is gericht tegen de leden van de wrakingskamer die de beslissing op het tweede wrakingsverzoek hebben gegeven, te weten mrs. H.J. van Kooten,  </para>
    <parablock>
      <para> M.A.F. Tan-de Sonnaville en H.C. Wiersinga. In zijn brief heeft verzoeker onder verwijzing  </para>
      <para>naar jurisprudentie gesteld dat hem de gelegenheid had moeten worden geboden om zijn wrakingsverzoek door een advocaat te laten ondertekenen. In dit verband heeft verzoeker opgemerkt - zakelijk weergegeven - dat zijn advocaat zich heeft onttrokken en dat hij een nieuwe advocaat moet zoeken om aan die verplichting te kunnen voldoen. Voorts behelst de brief een klacht over de afdoening van het tweede wrakingsverzoek, en een verzoek tot verwijzing van de bodemprocedure (200.230.938) naar een ander gerechtshof.  </para>
    </parablock>
    <para />
    <para>7. Om na te melden redenen heeft de wrakingskamer afgezien van een mondelinge behandeling van het derde wrakingsverzoek. </para>
    <para />
  </section>
  <section role="overwegingen">
    <title>Beoordeling van de ontvankelijkheid </title>
    <para />
    <para>8. Zoals reeds in eerdere wrakingsbeslissingen in deze zaak is overwogen, is de zaak waarin het derde wrakingsverzoek is gedaan een familierechtelijke zaak waarvoor verplichte procesvertegenwoordiging geldt. In procedures waarin procesvertegenwoordiging verplicht is, is ondertekening van een schriftelijk verzoek door een advocaat vereist (zie § 4.2 en voetnoot 7 Wrakingsprotocol). Dit brengt met zich dat verzoeker alleen met bijstand van een advocaat een schriftelijk wrakingsverzoek kan indienen. De verzoeker die zonder bijstand van een verplichte advocaat een verzoek indient, wordt hierop gewezen, waarbij de gelegenheid wordt geboden dat verzuim te herstellen. </para>
    <para />
    <para>9. De wrakingskamer stelt vast dat het derde wrakingsverzoek niet is ondertekend door een advocaat. Dit brengt mee dat niet is voldaan aan de verplichting tot </para>
    <para>procesvertegenwoordiging als hierboven onder 8 is omschreven. Uit hetgeen verzoeker in zijn brief d.d. 24 februari 2019 heeft verwoord als hiervoor onder 6 weergegeven, leidt de wrakingskamer af dat verzoeker van die verplichting op de hoogte is. Uit deze brief kan immers worden opgemaakt dat verzoeker weet dat hij een  advocaat moet zoeken om aan de verplichting tot procesvertegenwoordiging te kunnen voldoen.  </para>
    <para />
    <para>10. De wrakingskamer ziet ook nu geen aanleiding verzoeker in de gelegenheid te stellen zijn verzuim te herstellen en het derde wrakingsverzoek alsnog door een advocaat te laten ondertekenen.  </para>
    <para />
    <para>11. Daarbij heeft de wrakingskamer, naast hetgeen hiervoor is overwogen, in aanmerking genomen dat het derde wrakingsverzoek zich richt tegen de raadsheren die een eindbeslissing hebben genomen op het tweede wrakingsverzoek. Omdat die beslissing een eindbeslissing is, kunnen de leden van die wrakingskamer niet meer worden aangemerkt als “rechters die de zaak behandelen” als bedoeld in artikel 36 van het Wetboek van Burgerlijke Rechtsvordering tegen wie- op grond van genoemd artikel - een verzoek tot wraking kan worden gedaan. Dat brengt met zich dat verzoeker op die grond in het derde wrakingsverzoek niet-ontvankelijk zou worden verklaard, ook wanneer dat wrakingsverzoek door een advocaat zou zijn ondertekend.   </para>
    <para>Het voorgaande leidt tot de conclusie dat verzoeker niet-ontvankelijk zal worden verklaard in zij verzoek tot wraking. Nu dit aanstonds duidelijk is, is afgezien van een mondelinge behandeling van het verzoek. </para>
    <para />
    <para>12. Behandeling van de klacht van verzoeker over de gang van zaken rond de afdoening van het tweede wrakingsverzoek behoort niet tot de taken van de wrakingskamer. Die klacht zal dan ook onbesproken blijven. Voor klachten omtrent bejegening kan verzoeker zich richten tot Zaaknummer: het bestuur van het hof, op de wijze als omschreven in de Klachtenregeling van het hof. Inhoudelijke klachten over rechterlijke beslissingen kunnen, in het geval daartegen een rechtsmiddel openstaat, slechts worden voorgelegd aan een hogere rechter.</para>
    <para />
    <para>13. Een beslissing over de vraag of de hoofdzaak voor behandeling zou moeten worden verwezen naar een ander hof, komt niet toe aan de wrakingskamer, maar aan de kamer die de hoofdzaak behandelt. Op dat verzoek neemt de wrakingskamer daarom geen beslissing. </para>
    <para />
  </section>
  <section role="beslissing">
    <title>Beslissing </title>
    <para />
    <parablock>
      <para>Het hof: </para>
    </parablock>
    <para />
    <para>- verklaart verzoeker niet-ontvankelijk in het verzoek tot wraking; </para>
    <para />
    <para>- bepaalt dat een afschrift van deze beslissing wordt toegezonden aan verzoeker en  H.J. van Kooten, M.A.F. Tan-de Sonnaville en H.C. Wiersinga, alsmede aan Stichting [1]. </para>
    <para />
    <para />
    <parablock>
      <para>Deze beslissing is gegeven door mrs. W.J. van Boven, A.J.P. van Essen en P. Glazener,  en is uitgesproken ter openbare terechtzitting van 26 maart 2019 in aanwezigheid van de griffier mr. G. Schmidt-Fries. </para>
    </parablock>
    <para />
  </section>
</uitspraak>
</open-rechtspraak>