<?xml version="1.0" encoding="utf-8"?>
<open-rechtspraak>
  <rdf:RDF xmlns:rdf="http://www.w3.org/1999/02/22-rdf-syntax-ns#" xmlns:ecli="https://e-justice.europa.eu/ecli" xmlns:tr="http://tuchtrecht.overheid.nl/" xmlns:eu="http://publications.europa.eu/celex/" xmlns:dcterms="http://purl.org/dc/terms/" xmlns:bwb="bwb-dl" xmlns:cvdr="http://decentrale.regelgeving.overheid.nl/cvdr/" xmlns:psi="http://psi.rechtspraak.nl/" xmlns:rdfs="http://www.w3.org/2000/01/rdf-schema#">
    <rdf:Description>
      <dcterms:identifier>ECLI:NL:CRVB:2019:753</dcterms:identifier>
      <dcterms:format>text/xml</dcterms:format>
      <dcterms:accessRights>public</dcterms:accessRights>
      <dcterms:modified>2019-03-08T16:11:24</dcterms:modified>
      <dcterms:issued rdfs:label="Publicatiedatum">2019-03-07</dcterms:issued>
      <dcterms:publisher resourceIdentifier="http://rechtspraak.nl/">Raad voor de Rechtspraak</dcterms:publisher>
      <dcterms:language>nl</dcterms:language>
      <dcterms:creator rdfs:label="Instantie" resourceIdentifier="http://standaarden.overheid.nl/owms/terms/Centrale_Raad_van_Beroep" scheme="overheid.RechterlijkeMacht">Centrale Raad van Beroep</dcterms:creator>
      <dcterms:date rdfs:label="Uitspraakdatum">2019-03-06</dcterms:date>
      <psi:zaaknummer rdfs:label="Zaaknr">18-3358 WMO15</psi:zaaknummer>
      <dcterms:type rdf:language="nl" resourceIdentifier="http://psi.rechtspraak.nl/uitspraak">Uitspraak</dcterms:type>
      <psi:procedure rdf:language="nl" rdfs:label="Procedure" resourceIdentifier="http://psi.rechtspraak.nl/procedure#hogerBeroep">Hoger beroep</psi:procedure>
      <dcterms:coverage>NL</dcterms:coverage>
      <dcterms:subject rdfs:label="Rechtsgebied" resourceIdentifier="http://psi.rechtspraak.nl/rechtsgebied#bestuursrecht_socialezekerheidsrecht">Bestuursrecht; Socialezekerheidsrecht</dcterms:subject>
      <dcterms:hasVersion rdfs:label="Vindplaatsen" resourceIdentifier="http://psi.rechtspraak.nl/vindplaats">
        <rdf:list>
          <rdf:li>Rechtspraak.nl</rdf:li>
        </rdf:list>
      </dcterms:hasVersion>
    </rdf:Description>
    <rdf:Description rdf:about="http://deeplink.rechtspraak.nl/uitspraak?id=ECLI:NL:CRVB:2019:753">
      <dcterms:identifier>http://deeplink.rechtspraak.nl/uitspraak?id=ECLI:NL:CRVB:2019:753</dcterms:identifier>
      <dcterms:format>text/html</dcterms:format>
      <dcterms:accessRights>public</dcterms:accessRights>
      <dcterms:modified>2019-03-08T10:17:55</dcterms:modified>
      <dcterms:issued rdfs:label="Publicatiedatum">2019-03-08</dcterms:issued>
      <dcterms:publisher resourceIdentifier="http://rechtspraak.nl/">Raad voor de Rechtspraak</dcterms:publisher>
      <dcterms:language>nl</dcterms:language>
      <dcterms:title rdf:language="nl">ECLI:NL:CRVB:2019:753 Centrale Raad van Beroep , 06-03-2019 / 18-3358 WMO15</dcterms:title>
      <dcterms:abstract resourceIdentifier="../../rs:inhoudsindicatie" />
    </rdf:Description>
  </rdf:RDF>
  <inhoudsindicatie id="ECLI:NL:CRVB:2019:753:INH" lang="nl" xml:space="preserve" xmlns="http://www.rechtspraak.nl/schema/rechtspraak-1.0" xmlns:xsd="http://www.w3.org/2001/XMLSchema" xmlns:xsi="http://www.w3.org/2001/XMLSchema-instance">
      <para>De brief van 22 juni 2018 is geen nader besluit als bedoeld in artikel 6:19 Awb. Onderzoek door college dient op bepaalde wijze plaats te vinden, verwijzing naar vaste rechtspraak. Uitgaan van (de normtijden van) het CIZ-protocol. De Raad ziet geen aanleiding daar in deze zaak anders over te oordelen. College is gebleven binnen de kaders van het CIZ-protocol en de rechtspraak van de Raad. De beroepsgrond dat de omvang van de verstrekte maatwerkvoorziening huishoudelijke ondersteuning te laag is, slaagt niet.</para>
    </inhoudsindicatie>
  <uitspraak id="ECLI:NL:CRVB:2019:753:DOC" lang="nl" xml:space="preserve" xmlns="http://www.rechtspraak.nl/schema/rechtspraak-1.0" xmlns:xsd="http://www.w3.org/2001/XMLSchema" xmlns:xsi="http://www.w3.org/2001/XMLSchema-instance" xmlns:xlink="http://www.w3.org/1999/xlink">
  <section>
    <title>
      <nr>18</nr>3358 WMO15, 18/5113 WMO15 </title>
    <para />
    <parablock>
      <para>Datum uitspraak: 6 maart 2019</para>
    </parablock>
    <para />
    <para />
    <parablock>
      <para>Centrale Raad van Beroep</para>
      <para>Enkelvoudige kamer</para>
    </parablock>
    <para />
    <para />
    <para />
    <para />
    <para />
    <para />
    <para />
    <para />
    <para />
    <parablock>
      <para>Uitspraak op het hoger beroep tegen de uitspraak van de rechtbank Noord-Holland van 3 mei 2018, 17/5293 (aangevallen uitspraak)</para>
    </parablock>
    <para />
    <para />
    <para />
    <para />
    <para />
    <parablock>
      <para>Partijen:</para>
    </parablock>
    <para />
    <parablock>
      <para>
        [appellante] te [woonplaats] (appellante)</para>
    </parablock>
    <para />
    <parablock>
      <para>het college van burgemeester en wethouders van Haarlem (college)</para>
    </parablock>
    <para />
    <para />
    <parablock>
      <para>PROCESVERLOOP</para>
    </parablock>
    <para />
    <parablock>
      <para>Namens appellante heeft mr. H.S. Eisenberger, advocaat, hoger beroep ingesteld.</para>
    </parablock>
    <para />
    <parablock>
      <para>Het college heeft een verweerschrift ingediend.</para>
    </parablock>
    <para />
    <parablock>
      <para>Partijen hebben nadere stukken ingediend.</para>
    </parablock>
    <para />
    <parablock>
      <para>Het onderzoek ter zitting heeft tezamen met de zaken 18/1434 WMO15, 18/3792 WMO15, 18/1444 WMO15, 18/3781 WMO15, 18/4289 WMO15, 18/4293 WMO15, 18/5110 WMO15, 18/1451 WMO15, 18/3784 WMO15 en 18/1436 WMO15 plaatsgevonden op 23 januari 2019, waar appellante is vertegenwoordigd door mr. Eisenberger en P.W.M. de Pagter en het college zich heeft laten vertegenwoordigen door mr. H. van Buren, E.S. de Jong, M.C. Legemate en J.T.M. Boot.</para>
    </parablock>
    <para />
    <para />
  </section>
  <section role="overwegingen">
    <title>OVERWEGINGEN</title>
    <para />
    <parablock>
      <para>1. De Raad gaat uit van de volgende feiten en omstandigheden.</para>
    </parablock>
    <para />
    <paragroup>
      <nr>1.1.</nr>
      <para>Appellante, geboren in 1933, heeft diverse aandoeningen.</para>
      <para />
    </paragroup>
    <paragroup>
      <nr>1.2.</nr>
      <para>Appellante heeft op 25 april 2017 een aanvraag gedaan om een maatwerkvoorziening op grond van de Wet maatschappelijke ondersteuning 2015 (Wmo 2015). Bij besluit van </para>
      <para>3 mei 2017 heeft het college, onder verwijzing naar een onderzoeksverslag en een ondersteuningsplan, aan appellante met ingang van 16 mei 2017 voor onbepaalde tijd een maatwerkvoorziening huishoudelijke ondersteuning naar een omvang van 3 uur en </para>
      <para>30 minuten per week (210 minuten) verstrekt in de vorm van zorg in natura. De maatwerkvoorziening voorziet in volledige overname van het zware huishoudelijke werk, het lichte huishoudelijke werk en de wasverzorging. </para>
      <para />
    </paragroup>
    <paragroup>
      <nr>1.3.</nr>
      <para>Bij besluit van 19 oktober 2017 (bestreden besluit) heeft het college, voor zover hier van belang, het tegen het besluit van 3 mei 2017 gemaakte bezwaar ongegrond verklaard.</para>
      <para />
      <parablock>
        <para>2. Bij de aangevallen uitspraak heeft de rechtbank het beroep van appellante tegen het bestreden besluit ongegrond verklaard. Daartoe heeft de rechtbank, voor zover van belang en kort samengevat, overwogen dat het verrichte onderzoek voldoet aan de eisen die de </para>
        <para>Wmo 2015 daaraan stelt en dat het college bij de vaststelling van de benodigde tijd voor huishoudelijke ondersteuning heeft kunnen aansluiten bij de normtijden van het CIZ‑protocol. Het college heeft kunnen volstaan met de verstrekte maatwerkvoorziening.</para>
      </parablock>
      <para />
    </paragroup>
    <paragroup>
      <nr>3.1.</nr>
      <para>Appellante heeft in hoger beroep, kort samengevat, aangevoerd dat het onderzoek dat het college op grond van artikel 2.3.2, vierde lid, van de Wmo 2015 moet uitvoeren incompleet is en dat de verstrekte maatwerkvoorziening niet voldoende is. </para>
      <para />
    </paragroup>
    <paragroup>
      <nr>3.2.</nr>
      <parablock>
        <para>Het college heeft in verweer de aangevallen uitspraak onderschreven. Volgens het college is het verrichte onderzoek volledig geweest, heeft het college kunnen volstaan met de verstrekte maatwerkvoorziening en is bij de vaststelling van de benodigde tijd voor de huishoudelijke ondersteuning terecht aangesloten bij de normtijden van het CIZ‑protocol.</para>
        <para>Wel heeft het college geconstateerd dat bij het bestreden besluit per abuis hiervan is afgeweken. Het college heeft appellante hiervan bij brief van 22 juni 2018 op de hoogte gebracht en meegedeeld dat bij een juiste toepassing van de normtijden van het CIZ‑protocol tot 210 minuten aan huishoudelijke ondersteuning per week wordt gekomen. Aangezien aan appellante reeds 210 minuten huishoudelijke ondersteuning was verstrekt, leidt dit niet tot wijziging van de omvang van de maatwerkvoorziening huishoudelijke ondersteuning.</para>
      </parablock>
      <para />
      <parablock>
        <para>4. De Raad komt tot de volgende beoordeling.</para>
      </parablock>
      <para />
    </paragroup>
    <paragroup>
      <nr>4.1.</nr>
      <para>De Raad stelt voorop dat de onder 3.2 genoemde brief van 22 juni 2018 geen nader besluit is als bedoeld in artikel 6:19 van de Algemene wet bestuursrecht (Awb). Deze brief brengt geen wijziging in de rechtsgevolgen van het bestreden besluit. Ook wordt hiermee aan het bestreden besluit geen andere bevoegdheidsgrondslag of een andere toepassingsvoorwaarde ten grondslag gelegd. Met deze brief wordt enkel de motivering van het bestreden besluit gewijzigd. Hoewel uit de brief van 22 juni 2018 blijkt dat het bestreden besluit een (summier) motiveringsgebrek heeft, ziet de Raad aanleiding dit gebrek met toepassing van artikel 6:22 van de Awb te passeren. Aannemelijk is dat belanghebbenden daardoor niet zijn benadeeld. Duidelijk is dat ook als het gebrek zich niet zou hebben voorgedaan een besluit met gelijke uitkomst zou zijn genomen.</para>
      <para />
    </paragroup>
    <paragroup>
      <nr>4.2.</nr>
      <para>In een met deze zaak vergelijkbare zaak, die heeft geleid tot de uitspraak van </para>
      <para>11 juli 2018, ECLI:NL:CRVB:2018:2182, is, onder verwijzing naar de uitspraak van </para>
      <para>21 maart 2018, ECLI:NL:CRVB:2018:819, beschreven op welke wijze het onderzoek door het college dient plaats te vinden. Uit het in 1.2 genoemde onderzoeksverslag, het ondersteuningsplan en het daarop gevolgde besluit van 3 mei 2017 blijkt dat het onderzoek van het college hieraan voldoet. De beroepsgrond dat het aan het bestreden besluit ten grondslag gelegde onderzoek incompleet is, slaagt dan ook niet. Verder is niet gebleken dat bij het onderzoek onvoldoende rekening is gehouden met de persoon en de persoonlijke omstandigheden van appellante of dat door de casemanager onvoldoende is doorgevraagd. Uit het onderzoeksverslag blijkt dat met appellante is gesproken over haar sociale contacten en dat er op dat punt geen problemen zijn. Onder deze omstandigheden kan niet worden geoordeeld dat het college niet tot de conclusie heeft kunnen komen dat geen ondersteuning gericht op sociale participatie geboden hoefde te worden. Indien appellante alsnog ondersteuning gericht op sociale participatie wenst, kan zij zich tot het college wenden en zullen in een gesprek de mogelijkheden daarvoor worden bekeken. Uit het onderzoeksverslag komt verder naar voren dat de situatie van appellante op het punt van het verplaatsen is besproken. Uit de verstrekte informatie heeft het college niet hoeven concluderen dat zij op dat gebied (meer) ondersteuning nodig had. </para>
      <para />
    </paragroup>
    <paragroup>
      <nr>4.3.</nr>
      <parablock>
        <para>In de hiervoor genoemde uitspraak van 11 juli 2018 is, onder verwijzing naar de uitspraak van 18 mei 2016, ECLI:NL:CRVB:2016:1403, overwogen dat het college bij de vaststelling van de benodigde tijd voor huishoudelijke ondersteuning heeft kunnen uitgaan van </para>
        <para>(de normtijden van) het CIZ‑protocol. De Raad ziet geen aanleiding daar in deze zaak anders over te oordelen.</para>
      </parablock>
      <para />
    </paragroup>
    <paragroup>
      <nr>4.4.</nr>
      <para>De beroepsgrond van appellante dat de omvang van de verstrekte maatwerkvoorziening huishoudelijke ondersteuning te laag is, omdat ten onrechte geen tijd is berekend voor het bereiden van de warme maaltijden en het ondersteunen bij het doen van de boodschappen, slaagt niet. Uit het onderzoeksverslag blijkt dat appellante heeft verklaard dat zij samen met haar dochter één keer per week de boodschappen doet. Verder blijkt hieruit dat appellante de broodmaaltijd zelf verzorgt en dat zij voor de warme maaltijd verschillende keren per week gebruik maakt van de mogelijkheden van de ‘open tafel’ in [gemeente] . Zij heeft verschillende adressen waar zij naartoe gaat en heeft een aantal kant en klare maaltijden in de vriezer voor de dagen dat zij niet uit eten gaat. Niet valt in te zien dat van deze mededelingen niet kan worden uitgegaan. Dat het boodschappen doen en de maaltijdverzorging voor appellante op deze wijze niet voldoende geborgd is, heeft zij niet aannemelijk gemaakt.  </para>
      <para />
    </paragroup>
    <paragroup>
      <nr>4.5.</nr>
      <para>Uit wat is overwogen in 4.1 tot en met 4.4 volgt dat het hoger beroep niet slaagt, zodat de aangevallen uitspraak voor bevestiging in aanmerking komt. </para>
      <para />
      <parablock>
        <para>5. Voor een veroordeling in de proceskosten bestaat geen aanleiding. </para>
      </parablock>
      <para />
      <para />
    </paragroup>
  </section>
  <section role="beslissing">
    <title>BESLISSING</title>
    <para />
    <parablock>
      <para>De Centrale Raad van Beroep bevestigt de aangevallen uitspraak.</para>
    </parablock>
    <para />
    <para />
    <parablock>
      <para>Deze uitspraak is gedaan door L.M. Tobé, in tegenwoordigheid van J.M.M. van Dalen als griffier. De beslissing is uitgesproken in het openbaar op 6 maart 2019.</para>
    </parablock>
    <para />
    <para />
    <parablock>
      <para>						(getekend) L.M. Tobé</para>
    </parablock>
    <para />
    <para />
    <para />
    <parablock>
      <para>						(getekend) J.M.M. van Dalen</para>
    </parablock>
    <para />
    <para />
    <para />
    <para />
    <parablock>
      <para>md</para>
    </parablock>
    <para />
  </section>
</uitspraak>
</open-rechtspraak>