<?xml version="1.0" encoding="utf-8"?>
<open-rechtspraak>
  <rdf:RDF xmlns:rdf="http://www.w3.org/1999/02/22-rdf-syntax-ns#" xmlns:ecli="https://e-justice.europa.eu/ecli" xmlns:tr="http://tuchtrecht.overheid.nl/" xmlns:eu="http://publications.europa.eu/celex/" xmlns:dcterms="http://purl.org/dc/terms/" xmlns:bwb="bwb-dl" xmlns:cvdr="http://decentrale.regelgeving.overheid.nl/cvdr/" xmlns:psi="http://psi.rechtspraak.nl/" xmlns:rdfs="http://www.w3.org/2000/01/rdf-schema#">
    <rdf:Description>
      <dcterms:identifier>ECLI:NL:OGAACMB:2019:23</dcterms:identifier>
      <dcterms:format>text/xml</dcterms:format>
      <dcterms:accessRights>public</dcterms:accessRights>
      <dcterms:modified>2019-04-15T15:55:31</dcterms:modified>
      <dcterms:issued rdfs:label="Publicatiedatum">2019-04-15</dcterms:issued>
      <dcterms:publisher resourceIdentifier="http://rechtspraak.nl/">Raad voor de Rechtspraak</dcterms:publisher>
      <dcterms:language>nl</dcterms:language>
      <dcterms:creator rdfs:label="Instantie" resourceIdentifier="http://standaarden.overheid.nl/owms/terms/Gerecht_in_Ambtenarenzaken_van_Aruba_Curacao_Sint_Maarten_en_van_Bonaire_Sint_Eustatius_en_Saba" scheme="overheid.RechterlijkeMacht">Gerecht in Ambtenarenzaken van Aruba, Curaçao, Sint Maarten en van Bonaire, Sint Eustatius en Saba</dcterms:creator>
      <dcterms:date rdfs:label="Uitspraakdatum">2019-03-25</dcterms:date>
      <psi:zaaknummer rdfs:label="Zaaknr">AUA201801685</psi:zaaknummer>
      <dcterms:type rdf:language="nl" resourceIdentifier="http://psi.rechtspraak.nl/uitspraak">Uitspraak</dcterms:type>
      <psi:procedure rdf:language="nl" rdfs:label="Procedure" resourceIdentifier="http://psi.rechtspraak.nl/procedure#eersteAanlegEnkelvoudig">Eerste aanleg - enkelvoudig</psi:procedure>
      <dcterms:coverage>NL</dcterms:coverage>
      <dcterms:subject rdfs:label="Rechtsgebied" resourceIdentifier="http://psi.rechtspraak.nl/rechtsgebied#bestuursrecht_ambtenarenrecht">Bestuursrecht; Ambtenarenrecht</dcterms:subject>
      <dcterms:hasVersion rdfs:label="Vindplaatsen" resourceIdentifier="http://psi.rechtspraak.nl/vindplaats">
        <rdf:list>
          <rdf:li>Rechtspraak.nl</rdf:li>
        </rdf:list>
      </dcterms:hasVersion>
    </rdf:Description>
    <rdf:Description rdf:about="http://deeplink.rechtspraak.nl/uitspraak?id=ECLI:NL:OGAACMB:2019:23">
      <dcterms:identifier>http://deeplink.rechtspraak.nl/uitspraak?id=ECLI:NL:OGAACMB:2019:23</dcterms:identifier>
      <dcterms:format>text/html</dcterms:format>
      <dcterms:accessRights>public</dcterms:accessRights>
      <dcterms:modified>2019-04-15T15:55:19</dcterms:modified>
      <dcterms:issued rdfs:label="Publicatiedatum">2019-04-15</dcterms:issued>
      <dcterms:publisher resourceIdentifier="http://rechtspraak.nl/">Raad voor de Rechtspraak</dcterms:publisher>
      <dcterms:language>nl</dcterms:language>
      <dcterms:title rdf:language="nl">ECLI:NL:OGAACMB:2019:23 Gerecht in Ambtenarenzaken van Aruba, Curaçao, Sint Maarten en van Bonaire, Sint Eustatius en Saba , 25-03-2019 / AUA201801685</dcterms:title>
      <dcterms:abstract resourceIdentifier="../../rs:inhoudsindicatie" />
    </rdf:Description>
  </rdf:RDF>
  <inhoudsindicatie id="ECLI:NL:OGAACMB:2019:23:INH" lang="nl" xml:space="preserve" xmlns="http://www.rechtspraak.nl/schema/rechtspraak-1.0" xmlns:xsd="http://www.w3.org/2001/XMLSchema" xmlns:xsi="http://www.w3.org/2001/XMLSchema-instance">
      <para>Het gerecht overweegt dat in de eerste plaats vaststaat dat klager niet voldoet aan het opleidingsvereiste voor deze functie. In de tweede plaats heeft klager niet aangetoond dat hij, zoals hij stelt, de functie van invorderingsmedewerker 3 feitelijk volledig vervult.</para>
    </inhoudsindicatie>
  <uitspraak id="ECLI:NL:OGAACMB:2019:23:DOC" lang="nl" xml:space="preserve" xmlns="http://www.rechtspraak.nl/schema/rechtspraak-1.0" xmlns:xsd="http://www.w3.org/2001/XMLSchema" xmlns:xsi="http://www.w3.org/2001/XMLSchema-instance" xmlns:xlink="http://www.w3.org/1999/xlink">
  <uitspraak.info>
    <para>Uitspraak van 25 maart 2019</para>
    <para>Gaza nr. AUA201801685</para>
    <para />
    <bridgehead role="bold">HET GERECHT IN AMBTENARENZAKEN VAN ARUBA</bridgehead>
    <para />
    <parablock>
      <para>UITSPRAAK</para>
    </parablock>
    <para />
    <parablock>
      <para>op het bezwaar van:</para>
    </parablock>
    <para />
    <bridgehead role="bold">[klager],</bridgehead>
    <parablock>
      <para>wonend te Aruba,</para>
      <para>KLAGER,</para>
      <para>gemachtigde: de advocaat mr. P.M.E. Mohamed,</para>
    </parablock>
    <para />
    <parablock>
      <para>tegen:</para>
    </parablock>
    <para />
    <bridgehead role="bold">DE GOUVERNEUR VAN ARUBA,</bridgehead>
    <parablock>
      <para>zetelende te Aruba,</para>
      <para>VERWEERDER,</para>
      <para>gemachtigden: mrs. Y.F.M. Kaarsbaan en M.M. Meaux (DRH).</para>
    </parablock>
    <para />
    <para />
  </uitspraak.info>
  <section role="procesverloop">
    <title>PROCESVERLOOP</title>
    <para>Bij schrijven van 21 maart 2018 heeft verweerder afwijzend beslist op klagers verzoeken van 25 augustus 2016, 31 maart 2017 en 30 mei 2017 om te worden bevorderd naar de rang van referendaris (schaal 12). </para>
    <para />
    <parablock>
      <para>Tegen deze beschikking heeft klager op 14 juni 2018 bij het gerecht bezwaar gemaakt.</para>
    </parablock>
    <para />
    <parablock>
      <para>Verweerder heeft op 16 oktober 2018 een contramemorie ingediend.</para>
    </parablock>
    <para />
    <parablock>
      <para>Het gerecht heeft de zaak ter zitting behandeld op 4 februari 2019. Klager is niet in persoon verschenen maar heeft zich wel laten vertegenwoordigen door zijn gemachtigde. Verweerder heeft zich laten vertegenwoordigen door de gemachtigden voornoemd en de directeur van de Departamento di Impuesto (DIMP), L.E. Gomez-Pieters. </para>
    </parablock>
    <para />
    <parablock>
      <para>Uitspraak is bepaald op heden.</para>
    </parablock>
    <para />
    <para />
    <para />
  </section>
  <section role="overwegingen">
    <title>OVERWEGINGEN</title>
    <bridgehead role="italic">De ontvankelijkheid</bridgehead>
    <paragroup>
      <nr>1.1</nr>
      <parablock>
        <para>Ingevolge artikel 41, eerste lid, van de Landsverordening ambtenarenrechtspraak (hierna: La), dient het bezwaarschrift te worden ingediend binnen dertig dagen te rekenen vanaf de dag waarop de aangevallen beschikking is uitgesproken. </para>
        <para>Het derde lid van dit artikel bepaalt dat, indien het bezwaar na de daarvoor bepaalde termijn is ingediend, de indiener niet op grond daarvan niet-ontvankelijk wordt verklaard, indien hij ten genoegen van de rechter aantoont het bezwaar te hebben ingebracht binnen dertig dagen na de dag waarop hij van de aangevallen beschikking kennis heeft kunnen dragen. </para>
      </parablock>
      <para />
    </paragroup>
    <paragroup>
      <nr>1.2</nr>
      <para>Klager heeft zijn bezwaarschrift na het verstrijken van de in artikel 41, eerste lid, van de La gestelde termijn ingediend. Uit de gedingstukken blijkt dat hij de beschikking op 15 mei 2018 heeft ontvangen. Dit betekent dat het bezwaar wel is ingediend binnen de in artikel 41, derde lid, van de La gestelde termijn. Klager is ontvankelijk in zijn bezwaar.</para>
      <para />
      <parablock>
        <para>
          <emphasis role="italic">De feiten</emphasis>
        </para>
      </parablock>
    </paragroup>
    <paragroup>
      <nr>2.1</nr>
      <para>Klager is als ambtenaar werkzaam bij DIMP.</para>
    </paragroup>
    <paragroup>
      <nr>2.2</nr>
      <para>Bij landsbesluit van 27 maart 2007 heeft verweerder besloten klager per 1 maart 2006 te bevorderen naar de rang van hoofdkommies 1ste klasse (schaal 11) bij Servicio di Impuesto van de Direccion di Impuesto y Aduana.</para>
    </paragroup>
    <paragroup>
      <nr>2.3</nr>
      <para>Klager heeft verzocht om hem te bevorderen naar de rang van referendaris (schaal 12).</para>
    </paragroup>
    <paragroup>
      <nr>2.4</nr>
      <para>Bij schrijven van 21 maart 2018 heeft verweerder afwijzend beslist op dit verzoek. </para>
      <para />
      <parablock>
        <para>
          <emphasis role="italic">Het wettelijk kader</emphasis>
        </para>
      </parablock>
    </paragroup>
    <paragroup>
      <nr>3.1</nr>
      <para>Ingevolge artikel 13, eerst lid van de Landsverordening materieel ambtenarenrecht (hierna: LMA) geschieden aanstelling en bevordering, voor zover daaromtrent regelen zijn vastgesteld, overeenkomstig deze regelen. </para>
      <para />
    </paragroup>
    <paragroup>
      <nr>3.2</nr>
      <parablock>
        <para>Ingevolge artikel 4, tweede lid van de Bezoldigingsregeling Aruba 1986 (hierna: BRA), dient de ambtenaar om in aanmerking te kunnen komen voor een bevordering aan de voor de desbetreffende betrekking bedoelde eisen te voldoen en voorts voor de vervulling van die betrekking geschikt en bekwaam te worden geacht.</para>
        <para>Voor een bevordering tot de rang van referendaris (schaal 12) geldt onder meer de voorwaarde dat de betrokken ambtenaar een functie dient te vervullen die de waardering op dit niveau rechtvaardigt.</para>
      </parablock>
      <para />
      <parablock>
        <para>
          <emphasis role="italic">De standpunten van partijen</emphasis>
        </para>
      </parablock>
    </paragroup>
    <paragroup>
      <nr>4.1</nr>
      <para>Aan de bestreden beschikking heeft verweerder ten grondslag gelegd dat klager de functie van invorderingsmedewerker 2 bekleedt welke maximaal gewaardeerd is op het niveau van schaal 11. Voorts voldoet klager niet aan het opleidingsvereiste voor de functie van invorderingsmedewerker 3 en voert klager niet alle werkzaamheden uit. Met name treedt klager niet op als gemachtigde in rechtszaken.</para>
      <para />
    </paragroup>
    <paragroup>
      <nr>4.2</nr>
      <para>Klager stelt zich op het standpunt dat hij feitelijk sinds het jaar 2004 de functie van invorderingsmedewerker 3 uitvoert. Hij heeft altijd naar behoren gefunctioneerd. Hij heeft meerdere malen verzocht om de interne opleiding voor Controleur Invordering der Belastingen te kunnen volgen. Hij is niet in die gelegenheid gesteld. </para>
      <para />
      <parablock>
        <para>
          <emphasis role="italic">De beoordeling</emphasis>
        </para>
      </parablock>
    </paragroup>
    <paragroup>
      <nr>5.1</nr>
      <para>Het gerecht overweegt dat in de eerste plaats vaststaat dat klager niet voldoet aan het opleidingsvereiste voor deze functie.</para>
      <para />
    </paragroup>
    <paragroup>
      <nr>5.2</nr>
      <para>In de tweede plaats heeft klager niet aangetoond dat hij, zoals hij stelt, de functie van invorderingsmedewerker 3 feitelijk volledig vervult. Ter zitting heeft  klager erkend dat hij niet als gemachtigde in rechtszaken optreedt. Voorts heeft klager niet het standpunt van verweerder weersproken dat dit een essentieel onderdeel is van de werkzaamheden van de invorderingsmedewerker 3.</para>
      <para />
    </paragroup>
    <paragroup>
      <nr>5.3</nr>
      <para>Gelet op het bepaalde in artikel 4 van het BRA (zie 3.2) komt klager niet in aanmerking voor een bevordering naar de rang van referendaris (schaal 12). Hetgeen voor het overige door klager is aangevoerd behoeft geen bespreking. Verweerder heeft de gevraagde bevordering terecht geweigerd.</para>
      <para />
      <parablock>
        <para>6. Het bezwaar dient ongegrond te worden verklaard.  Voor een kostenveroordeling bestaat geen aanleiding.</para>
      </parablock>
      <para />
    </paragroup>
  </section>
  <section>
    <title>BESLISSING</title>
    <para>De rechter in dit gerecht:</para>
    <para />
    <parablock>
      <para>verklaart het bezwaar ongegrond.</para>
    </parablock>
    <para />
    <parablock>
      <para>Deze uitspraak is gegeven door mr. M. Soffers, rechter in ambtenarenzaken te Aruba, en uitgesproken ter openbare terechtzitting van 25 maart 2019 in tegenwoordigheid van de griffier.</para>
    </parablock>
    <para />
    <para />
    <para />
    <para />
    <para />
    <para />
    <parablock>
      <para>Tegen deze uitspraak kunnen beide partijen hoger beroep instellen bij de Raad van beroep in ambtenarenzaken. Daarbij dient de volgende termijn in acht te worden genomen:</para>
    </parablock>
    <itemizedlist mark="-">
      <listitem>
        <para>Als de indiener van het hoger beroep of zijn gemachtigde bij de uitspraak aanwezig is geweest: Binnen dertig dagen na de dag van de uitspraak;</para>
      </listitem>
      <listitem>
        <para>In de andere gevallen: Binnen dertig dagen na de dag van de toezending of de terhandstelling van een afschrift van de uitspraak.</para>
      </listitem>
    </itemizedlist>
    <para />
    <parablock>
      <para>Het hogerberoepschrift moet worden ingediend bij:</para>
      <para>De griffie van de Raad van Beroep in ambtenarenzaken</para>
      <para>J.G. Emanstraat 51</para>
      <para>Oranjestad</para>
      <para>Aruba</para>
    </parablock>
    <para />
    <parablock>
      <para>U wordt verzocht bij het indienen van het hogerberoepschrift het volgende in acht te nemen: </para>
    </parablock>
    <para>1. Leg bij het hogerberoepschrift een afschrift over van deze uitspraak; </para>
    <para>2. Onderteken het hogerberoepschrift en vermeld het volgende: </para>
    <para>a. de naam en het adres van de indiener of de gemachtigde,</para>
    <para>b. de datum van ondertekening,</para>
    <para>c. waartegen u in hoger beroep komt, </para>
    <para>d. waarom u het niet eens bent met deze uitspraak (de gronden van het hoger beroep).</para>
    <para />
    <para />
    <parablock>
      <para />
    </parablock>
    <para />
    <para />
    <para />
    <para />
  </section>
</uitspraak>
</open-rechtspraak>