<?xml version="1.0" encoding="utf-8"?>
<open-rechtspraak>
  <rdf:RDF xmlns:rdf="http://www.w3.org/1999/02/22-rdf-syntax-ns#" xmlns:ecli="https://e-justice.europa.eu/ecli" xmlns:tr="http://tuchtrecht.overheid.nl/" xmlns:eu="http://publications.europa.eu/celex/" xmlns:dcterms="http://purl.org/dc/terms/" xmlns:bwb="bwb-dl" xmlns:cvdr="http://decentrale.regelgeving.overheid.nl/cvdr/" xmlns:psi="http://psi.rechtspraak.nl/" xmlns:rdfs="http://www.w3.org/2000/01/rdf-schema#">
    <rdf:Description>
      <dcterms:identifier>ECLI:NL:HR:2019:439</dcterms:identifier>
      <dcterms:format>text/xml</dcterms:format>
      <dcterms:accessRights>public</dcterms:accessRights>
      <dcterms:modified>2019-05-01T10:55:08</dcterms:modified>
      <dcterms:issued rdfs:label="Publicatiedatum">2019-03-27</dcterms:issued>
      <dcterms:publisher resourceIdentifier="http://rechtspraak.nl/">Raad voor de Rechtspraak</dcterms:publisher>
      <dcterms:language>nl</dcterms:language>
      <dcterms:creator rdfs:label="Instantie" resourceIdentifier="http://standaarden.overheid.nl/owms/terms/Hoge_Raad_der_Nederlanden" scheme="overheid.RechterlijkeMacht">Hoge Raad</dcterms:creator>
      <dcterms:date rdfs:label="Uitspraakdatum">2019-03-29</dcterms:date>
      <psi:zaaknummer rdfs:label="Zaaknr">18/01173</psi:zaaknummer>
      <dcterms:type rdf:language="nl" resourceIdentifier="http://psi.rechtspraak.nl/uitspraak">Uitspraak</dcterms:type>
      <psi:procedure rdf:language="nl" rdfs:label="Procedure" resourceIdentifier="http://psi.rechtspraak.nl/procedure#cassatie">Cassatie</psi:procedure>
      <dcterms:coverage>NL</dcterms:coverage>
      <dcterms:subject rdfs:label="Rechtsgebied" resourceIdentifier="http://psi.rechtspraak.nl/rechtsgebied#bestuursrecht_belastingrecht">Bestuursrecht; Belastingrecht</dcterms:subject>
      <dcterms:hasVersion rdfs:label="Vindplaatsen" resourceIdentifier="http://psi.rechtspraak.nl/vindplaats">
        <rdf:list>
          <rdf:li>Rechtspraak.nl</rdf:li>
          <rdf:li>Viditax (FutD), 29-03-2019</rdf:li>
          <rdf:li>V-N Vandaag 2019/749</rdf:li>
          <rdf:li>FutD 2019-0893</rdf:li>
          <rdf:li>NTFR 2019/825 met annotatie van Mr. P.T. van  Arnhem</rdf:li>
          <rdf:li>V-N 2019/17.16 met annotatie van Redactie</rdf:li>
          <rdf:li>NLF 2019/0835 met annotatie van Tom Noë</rdf:li>
          <rdf:li>BNB 2019/85</rdf:li>
        </rdf:list>
      </dcterms:hasVersion>
    </rdf:Description>
    <rdf:Description rdf:about="http://deeplink.rechtspraak.nl/uitspraak?id=ECLI:NL:HR:2019:439">
      <dcterms:identifier>http://deeplink.rechtspraak.nl/uitspraak?id=ECLI:NL:HR:2019:439</dcterms:identifier>
      <dcterms:format>text/html</dcterms:format>
      <dcterms:accessRights>public</dcterms:accessRights>
      <dcterms:modified>2019-03-28T12:41:21</dcterms:modified>
      <dcterms:issued rdfs:label="Publicatiedatum">2019-03-29</dcterms:issued>
      <dcterms:publisher resourceIdentifier="http://rechtspraak.nl/">Raad voor de Rechtspraak</dcterms:publisher>
      <dcterms:language>nl</dcterms:language>
      <dcterms:title rdf:language="nl">ECLI:NL:HR:2019:439 Hoge Raad , 29-03-2019 / 18/01173</dcterms:title>
      <dcterms:abstract resourceIdentifier="../../rs:inhoudsindicatie" />
    </rdf:Description>
  </rdf:RDF>
  <inhoudsindicatie id="ECLI:NL:HR:2019:439:INH" lang="nl" xml:space="preserve" xmlns="http://www.rechtspraak.nl/schema/rechtspraak-1.0" xmlns:xsd="http://www.w3.org/2001/XMLSchema" xmlns:xsi="http://www.w3.org/2001/XMLSchema-instance">
      <para>Procesrecht; artt. 8:41, lid 5, en 8:55 Awb; Rechtbank stort griffierecht terug; beroep niet-ontvankelijk verklaard wegens niet-betaling griffierecht; verzet daartegen ten onrechte ongegrond verklaard.</para>
    </inhoudsindicatie>
  <uitspraak id="ECLI:NL:HR:2019:439:DOC" lang="nl" xml:space="preserve" xmlns="http://www.rechtspraak.nl/schema/rechtspraak-1.0" xmlns:xsd="http://www.w3.org/2001/XMLSchema" xmlns:xsi="http://www.w3.org/2001/XMLSchema-instance" xmlns:xlink="http://www.w3.org/1999/xlink">
  <uitspraak.info>
    <para>29 maart 2019</para>
    <para>Nr. 18/01173</para>
    <para />
    <para>Arrest</para>
    <parablock>
      <para>gewezen op het beroep in cassatie van <emphasis role="underline">[X] B.V.</emphasis> te <emphasis role="underline">[Z]</emphasis> (hierna: belanghebbende) tegen de uitspraak van de <emphasis role="underline">Rechtbank Den Haag</emphasis> van 1 maart 2018, nr. SGR 17/5180 V, op het verzet van belanghebbende tegen een uitspraak van de Rechtbank betreffende een ten aanzien van belanghebbende gegeven beschikking op een verzoek om teruggaaf van omzetbelasting. De uitspraak van de Rechtbank is aan dit arrest gehecht.</para>
    </parablock>
  </uitspraak.info>
  <section>
    <title>
      <nr>1</nr>Geding in cassatie</title>
    <parablock>
      <para>Belanghebbende heeft tegen de uitspraak van de Rechtbank beroep in cassatie ingesteld. Het beroepschrift in cassatie is aan dit arrest gehecht en maakt daarvan deel uit.</para>
      <para>De Staatssecretaris van Financiën heeft een verweerschrift ingediend.</para>
      <para>Belanghebbende heeft een conclusie van repliek ingediend.</para>
    </parablock>
  </section>
  <section role="overwegingen">
    <title>
      <nr>2</nr>Beoordeling van de klachten</title>
    <paragroup>
      <nr>2.1.1.</nr>
      <para>Ter zake van het bij de Rechtbank door belanghebbende ingediende beroepschrift is door de griffier van de Rechtbank aan belanghebbende een nota griffierecht verzonden. </para>
    </paragroup>
    <paragroup>
      <nr>2.1.2.</nr>
      <para>Op 4 september 2017, binnen de daarvoor gestelde termijn, heeft belanghebbende het verschuldigde griffierecht voldaan. De Rechtbank heeft dit bedrag op 11 september 2017 teruggestort vanwege een door belanghebbende bij brief van 31 juli 2017 gedaan beroep op betalingsonmacht.</para>
    </paragroup>
    <paragroup>
      <nr>2.1.3.</nr>
      <para>Bij brief van 19 oktober 2017 heeft de Rechtbank het beroep op betalingsonmacht afgewezen. Bij uitspraak van 7 februari 2018 heeft zij het beroep van belanghebbende niet-ontvankelijk verklaard wegens niet-betaling van het griffierecht.</para>
    </paragroup>
    <paragroup>
      <nr>2.1.4.</nr>
      <para>Belanghebbende heeft op 16 februari 2018 tegen deze uitspraak verzet gedaan. De Rechtbank heeft bij de bestreden uitspraak geoordeeld dat het beroep terecht, wegens niet-betaling van het griffierecht, niet-ontvankelijk is verklaard en heeft het verzet ongegrond verklaard.</para>
    </paragroup>
    <paragroup>
      <nr>2.2.</nr>
      <parablock>
        <para>De klachten, die zich tegen dit oordeel keren, slagen. In dit geval staat vast dat betaling van het griffierecht ter zake van het bij de Rechtbank ingestelde beroep tijdig is geschied. Daarmee heeft belanghebbende voldaan aan het vereiste van artikel 8:41, lid 5, Awb. De omstandigheid dat de Rechtbank het bedrag van het griffierecht aan belanghebbende heeft teruggestort, maakt dat niet anders.</para>
        <para>Opmerking verdient dat de terugbetaling aan belanghebbende ten onrechte heeft plaatsgevonden, zodat belanghebbende dit bedrag opnieuw aan de Rechtbank dient te betalen. De ontvankelijkheid van het beroep is daarvan echter niet afhankelijk.</para>
      </parablock>
    </paragroup>
    <paragroup>
      <nr>2.3.</nr>
      <para>Gelet op hetgeen hiervoor is overwogen, kan de bestreden uitspraak niet in stand blijven. De overige klachten behoeven geen behandeling. De Hoge Raad kan het verzet afdoen. Het verzet dient gegrond te worden verklaard.</para>
    </paragroup>
  </section>
  <section>
    <title>
      <nr>3</nr>Proceskosten</title>
    <para>De Hoge Raad ziet geen aanleiding voor een veroordeling in de proceskosten.</para>
  </section>
  <section role="beslissing">
    <title>
      <nr>4</nr>Beslissing</title>
    <parablock>
      <para>De Hoge Raad:</para>
      <para>	verklaart het beroep in cassatie gegrond,</para>
      <para>	vernietigt de uitspraak van de Rechtbank,</para>
      <para>	verklaart het verzet tegen de uitspraak van de Rechtbank van 7 februari 2018 gegrond,</para>
      <para>	verstaat dat die uitspraak vervalt en dat de Rechtbank het onderzoek zal voortzetten in de stand waarin het zich bevond, en</para>
      <para>gelast dat de Staatssecretaris van Financiën aan belanghebbende vergoedt het door deze ter zake van de behandeling van het beroep in cassatie betaalde griffierecht ten bedrage van € 501.</para>
    </parablock>
    <para />
    <para />
    <parablock>
      <para>Dit arrest is gewezen door de vice-president R.J. Koopman als voorzitter, en de raadsheren E.N. Punt, P.M.F. van Loon, M.E. van Hilten en E.F. Faase, in tegenwoordigheid van de waarnemend griffier E. Cichowski, en in het openbaar uitgesproken op 29 maart 2019.</para>
    </parablock>
  </section>
</uitspraak>
</open-rechtspraak>