<?xml version="1.0" encoding="utf-8"?>
<open-rechtspraak>
  <rdf:RDF xmlns:rdf="http://www.w3.org/1999/02/22-rdf-syntax-ns#" xmlns:ecli="https://e-justice.europa.eu/ecli" xmlns:tr="http://tuchtrecht.overheid.nl/" xmlns:eu="http://publications.europa.eu/celex/" xmlns:dcterms="http://purl.org/dc/terms/" xmlns:bwb="bwb-dl" xmlns:cvdr="http://decentrale.regelgeving.overheid.nl/cvdr/" xmlns:psi="http://psi.rechtspraak.nl/" xmlns:rdfs="http://www.w3.org/2000/01/rdf-schema#">
    <rdf:Description>
      <dcterms:identifier>ECLI:NL:OGEAC:2019:42</dcterms:identifier>
      <dcterms:format>text/xml</dcterms:format>
      <dcterms:accessRights>public</dcterms:accessRights>
      <dcterms:modified>2019-03-15T16:34:41</dcterms:modified>
      <dcterms:issued rdfs:label="Publicatiedatum">2019-03-15</dcterms:issued>
      <dcterms:publisher resourceIdentifier="http://rechtspraak.nl/">Raad voor de Rechtspraak</dcterms:publisher>
      <dcterms:language>nl</dcterms:language>
      <dcterms:creator rdfs:label="Instantie" psi:resourceIdentifier="http://psi.rechtspraak.nl/GEAC" scheme="psi.rechtspraak">Gerecht in eerste aanleg van Curaçao</dcterms:creator>
      <dcterms:date rdfs:label="Uitspraakdatum">2019-03-06</dcterms:date>
      <psi:zaaknummer rdfs:label="Zaaknr">CUR201600182 t/m CUR201600185</psi:zaaknummer>
      <dcterms:type rdf:language="nl" resourceIdentifier="http://psi.rechtspraak.nl/uitspraak">Uitspraak</dcterms:type>
      <psi:procedure rdf:language="nl" rdfs:label="Procedure" resourceIdentifier="http://psi.rechtspraak.nl/procedure#eersteAanlegEnkelvoudig">Eerste aanleg - enkelvoudig</psi:procedure>
      <dcterms:coverage>NL</dcterms:coverage>
      <dcterms:subject rdfs:label="Rechtsgebied" resourceIdentifier="http://psi.rechtspraak.nl/rechtsgebied#bestuursrecht_belastingrecht">Bestuursrecht; Belastingrecht</dcterms:subject>
      <dcterms:hasVersion rdfs:label="Vindplaatsen" resourceIdentifier="http://psi.rechtspraak.nl/vindplaats">
        <rdf:list>
          <rdf:li>Rechtspraak.nl</rdf:li>
        </rdf:list>
      </dcterms:hasVersion>
    </rdf:Description>
    <rdf:Description rdf:about="http://deeplink.rechtspraak.nl/uitspraak?id=ECLI:NL:OGEAC:2019:42">
      <dcterms:identifier>http://deeplink.rechtspraak.nl/uitspraak?id=ECLI:NL:OGEAC:2019:42</dcterms:identifier>
      <dcterms:format>text/html</dcterms:format>
      <dcterms:accessRights>public</dcterms:accessRights>
      <dcterms:modified>2019-03-15T16:34:22</dcterms:modified>
      <dcterms:issued rdfs:label="Publicatiedatum">2019-03-15</dcterms:issued>
      <dcterms:publisher resourceIdentifier="http://rechtspraak.nl/">Raad voor de Rechtspraak</dcterms:publisher>
      <dcterms:language>nl</dcterms:language>
      <dcterms:title rdf:language="nl">ECLI:NL:OGEAC:2019:42 Gerecht in eerste aanleg van Curaçao , 06-03-2019 / CUR201600182 t/m CUR201600185</dcterms:title>
      <dcterms:abstract resourceIdentifier="../../rs:inhoudsindicatie" />
    </rdf:Description>
  </rdf:RDF>
  <inhoudsindicatie id="ECLI:NL:OGEAC:2019:42:INH" lang="nl" xml:space="preserve" xmlns="http://www.rechtspraak.nl/schema/rechtspraak-1.0" xmlns:xsd="http://www.w3.org/2001/XMLSchema" xmlns:xsi="http://www.w3.org/2001/XMLSchema-instance">
      <para>Schending hoorplicht leidt tot vernietiging uitspraak op bezwaar met in stand lating rechtsgevolgen. Schending administratieplicht leidt tot omkering van bewijslast. Daaraan heeft belanghebbende niet voldaan. Na sluiting onderzoek heeft belanghebbende verzocht om boetevermindering vanwege overschrijding redelijke termijn. Dit verzoek is afgewezen, omdat belanghebbende vóór sluiting van onderzoek daar om had moeten verzoeken.</para>
    </inhoudsindicatie>
  <uitspraak id="ECLI:NL:OGEAC:2019:42:DOC" lang="nl" xml:space="preserve" xmlns="http://www.rechtspraak.nl/schema/rechtspraak-1.0" xmlns:xsd="http://www.w3.org/2001/XMLSchema" xmlns:xsi="http://www.w3.org/2001/XMLSchema-instance" xmlns:xlink="http://www.w3.org/1999/xlink">
  <uitspraak.info>
    <para>Uitspraak van 6 maart 2019</para>
    <para>BBZ nrs. CUR201600182 t/m CUR201600185</para>
    <para />
    <parablock>
      <para>
        <emphasis role="bold underline">GERECHT IN EERSTE AANLEG VAN CURAÇAO</emphasis>
      </para>
    </parablock>
    <para />
    <parablock>
      <para>UITSPRAAK</para>
    </parablock>
    <para />
    <parablock>
      <para>op het beroep in de zin van de </para>
      <para>Landsverordening op het beroep in belastingzaken van:</para>
    </parablock>
    <para />
    <para />
    <parablock>
      <para>
        <emphasis role="bold underline">[ X ] N.V.</emphasis>, gevestigd te Curaçao,</para>
      <para>belanghebbende,</para>
    </parablock>
    <para />
    <parablock>
      <para>gericht tegen:</para>
    </parablock>
    <para />
    <parablock>
      <para>
        <emphasis role="bold underline">DE INSPECTEUR DER BELASTINGEN</emphasis>, zetelend in Curaçao, </para>
      <para>de Inspecteur.</para>
    </parablock>
    <para />
    <para />
  </uitspraak.info>
  <section role="procesverloop">
    <title>
      <nr>1</nr>PROCESVERLOOP</title>
    <paragroup>
      <nr>1.1</nr>
      <para>Aan belanghebbende is op 23 december 2014 een naheffingsaanslag omzetbelasting over december 2009 opgelegd van NAf 4.880. Daarbij is een vergrijpboete opgelegd van NAf 610 (12,5%). </para>
      <para />
    </paragroup>
    <paragroup>
      <nr>1.2</nr>
      <para>Aan belanghebbende is op 30 juni 2015 een naheffingsaanslag omzetbelasting over december 2010 opgelegd van NAf 8.959. Daarbij is een vergrijpboete  opgelegd van NAf 2.239 (25%). </para>
      <para />
    </paragroup>
    <paragroup>
      <nr>1.3</nr>
      <para>Aan belanghebbende is op 30 juni 2015 een naheffingsaanslag omzetbelasting over december 2011 opgelegd van NAf 3.404. Daarbij is een vergrijpboete opgelegd van NAf 851 (25%). </para>
      <para />
    </paragroup>
    <paragroup>
      <nr>1.4</nr>
      <para>Aan belanghebbende is op 30 juni 2015 een naheffingsaanslag omzetbelasting over december 2012 opgelegd van NAf 10.141. Daarbij is een vergrijpboete opgelegd van NAf 2.535 (25%). </para>
      <para />
    </paragroup>
    <paragroup>
      <nr>1.5</nr>
      <para>Belanghebbende heeft op respectievelijk 20 februari 2015 (2009) en 28 augustus 2015 (2010 t/m 2012) bezwaar gemaakt tegen de naheffingsaanslagen en de vergrijpboetes. </para>
      <para />
    </paragroup>
    <paragroup>
      <nr>1.6</nr>
      <para>De Inspecteur heeft bij uitspraken op bezwaar van 18 maart 2016 de naheffingsaanslagen en de vergrijpboetes gehandhaafd.</para>
      <para />
    </paragroup>
    <paragroup>
      <nr>1.7</nr>
      <para>Belanghebbende heeft op 12 mei 2016 beroepen ingesteld tegen de uitspraken op bezwaar.</para>
      <para />
    </paragroup>
    <paragroup>
      <nr>1.8</nr>
      <para>Belanghebbende heeft op 5 september 2016 de beroepen gemotiveerd.</para>
      <para />
    </paragroup>
    <paragroup>
      <nr>1.9</nr>
      <para>De Inspecteur heeft op 20 juni 2017 verweerschriften ingediend.</para>
      <para />
    </paragroup>
    <paragroup>
      <nr>1.10</nr>
      <para>De zitting heeft op 27 juni 2017 plaatsgevonden ten overstaan van rechter mr. De Werd. De zaken met de nummers CUR201600179 t/m CUR201600185, CUR201600191 t/m CUR201600197 en CUR201600232 t/m CUR201600236 zijn gezamenlijk behandeld. Namens belanghebbende is verschenen haar directeur en enig aandeelhouder [ A ], bijgestaan door [ B ] van [ Q ]. Namens de Inspecteur zijn verschenen [ C ], [ D ] en [ E ]. Belanghebbende heeft een pleitnota voorgedragen en ingebracht.</para>
      <para />
    </paragroup>
    <paragroup>
      <nr>1.11</nr>
      <para>Belanghebbende heeft op 4 september 2017 nadere stukken ingediend. </para>
      <para />
    </paragroup>
    <paragroup>
      <nr>1.12</nr>
      <parablock>
        <para>Een nadere zitting heeft op 13 september 2017 plaatsgevonden ten overstaan van rechter mr. De Werd. De zaken met de nummers CUR201600179 t/m CUR201600185, CUR201600191 t/m CUR201600197 en CUR201600232 t/m CUR201600236 zijn gezamenlijk behandeld. Namens belanghebbende is verschenen </para>
        <para>[ A ], bijgestaan door [ B ], voornoemd. Namens de Inspecteur is verschenen [ C ]. Belanghebbende heeft een pleitnota voorgedragen en ingebracht.</para>
      </parablock>
      <para />
    </paragroup>
    <paragroup>
      <nr>1.13</nr>
      <para>De Inspecteur heeft op 6 november 2017 nadere stukken, waaronder een niet-geaccepteerd schikkingsaanbod, ingebracht. </para>
      <para />
    </paragroup>
    <paragroup>
      <nr>1.14</nr>
      <para>Belanghebbende heeft op 21 november 2017 de beroepen inzake de loonbelasting 2009 t/m 2012, premieheffing AOV/AWW 2009 t/m 2012 en premieheffing AVBZ 2009 t/m 2012 ingetrokken. Deze intrekking betreft de zaaknummers CUR201600191 t/m CUR201600197 en CUR201600232 t/m CUR201600236. Bij de intrekking heeft belanghebbende verzocht om een vergoeding van de proceskosten en het griffierecht. Het Gerecht heeft bij uitspraak van 12 december 2017, ECLI:NL:OGEAC:2017:184, de Inspecteur veroordeeld tot vergoeding van de proceskosten van NAf 2.625 en de griffierechten van NAf 300. </para>
      <para />
    </paragroup>
    <paragroup>
      <nr>1.15</nr>
      <para>Een nadere zitting heeft op 30 november 2017 plaatsgevonden ten overstaan van rechter mr. De Werd. De zaken met de nummers CUR201600179 t/m CUR201600185 zijn gezamenlijk behandeld. Belanghebbende is verschenen, bijgestaan door [ A ], voornoemd. Namens de Inspecteur zijn verschenen [ C ], [ D ] en [ E ]. Het Gerecht heeft het onderzoek gesloten.</para>
      <para />
    </paragroup>
    <paragroup>
      <nr>1.16</nr>
      <para>Door defungeren van rechter mr. De Werd per 1 augustus 2018, kan de uitspraak in deze zaak niet door hem worden gewezen. Partijen hebben ermee ingestemd dat rechter mr. Van Suilen uitspraak wijst in deze zaak, zonder dat een nadere mondelinge behandeling ten overstaan van mr. Van Suilen heeft plaatsgevonden. </para>
      <para />
    </paragroup>
  </section>
  <section>
    <title>
      <nr>2</nr>FEITEN</title>
    <paragroup>
      <nr>2.1</nr>
      <parablock>
        <para>Belanghebbende is opgericht in 2006. Zij exploiteert een schildersbedrijf. De heer </para>
        <para>[ A ] is directeur en enig aandeelhouder van belanghebbende (hierna: de digra). </para>
      </parablock>
      <para />
    </paragroup>
    <paragroup>
      <nr>2.2</nr>
      <para>In opdracht van de Inspecteur heeft in 2014 bij belanghebbende een boekenonderzoek plaatsgevonden naar de winstbelasting, omzetbelasting en loonbelasting voor de jaren 2009 tot en met 2012. De bevindingen van dit onderzoek zijn neergelegd in een rapport van 16 april 2015. Daarin is onder meer het volgende opgemerkt:</para>
    </paragroup>
    <paragroup>
      <nr>3.4</nr>
      <parablock>
        <para>
          <emphasis role="bold">Administratieplicht</emphasis>
        </para>
        <para>Op basis van artikel 43, lid 2 ALL zijn administratieplichtigen onder andere gehouden van hun vermogenstoestand en van alles betreffende hun bedrijf, naar de eisen van dat bedrijf, op zodanige wijze een administratie te voeren dat ten alle tijde hun rechten en verplichtingen evenals de voor de heffing van de belasting overigens van belang zijnde gegevens, hieruit duidelijk blijken.</para>
        <para>Gezien de aard en omvang van belastingplichtige wordt tenminste verwacht dat belastingplichtige een projectadministratie voert waaruit de volgende vastleggingen blijken:</para>
        <para>- voorcalculaties die als basis dienen voor de op te maken offertes;</para>
        <para>- registratie van de inkopen van materialen voor een specifiek project;</para>
        <para>- registratie van alle gebruikte materialen per individueel project;</para>
        <para>- registratie van manuren per individueel project;</para>
        <para>- voortgangsverslagen;</para>
        <para>- registraties van meer- en minderwerk;</para>
        <para>- nacalculaties;</para>
        <para>- gedetailleerde verschillenanalyses (nacalculaties).</para>
        <para>Tijdens het onderzoek is gebleken dat belastingplichtige niet voldaan heeft aan de hiervoor omschreven verplichtingen. Belastingplichtige beschikt namelijk niet over een projectadministratie van de uitgevoerde projecten. Van de voorgaande vastleggingen heeft belastingplichtige enkel de urenregistratie bijgehouden.</para>
        <para>Van belastingplichtige wordt verwacht dat zij een zodanig administratie voert dat te allen tijde haar rechten en verplichtingen evenals de voor de heffing van de belasting overigens van belang zijnde gegevens, hieruit duidelijk blijken. Het ontbreken van een projectadministratie heeft tot gevolg dat de gevoerde administratie door belastingplichtige, niet aan de eisen van een adequate administratie voldoet.</para>
        <para>Naast het ontbreken van een projectadministratie zijn de volgende omissies betreffende de administratie van belastingplichtige geconstateerd:</para>
        <para>- Hoewel sprake is van een contante geldstroom voert belastingplichtige geen kasadministratie. Hierdoor is een kascontrole niet mogelijk.</para>
        <para>- Er wordt geen rekening gehouden met een restwaarde bij de afschrijving van de kantoorinventarissen en machines.</para>
        <para>- Belastingplichtige heeft activa vervreemd zonder rekening te houden met eventuele boekwinst en OB.</para>
        <para>- Belastingplichtige heeft een deel van haar ontvangsten niet geregistreerd waarbij het saldo van de debiteuren te hoog is opgenomen.</para>
        <para>- Er zijn een aantal ontvangsten op de zakelijke bankrekening geconstateerd die niet als omzet zijn aangegeven.</para>
        <para>- Er is geen aansluiting tussen de omzet volgens de jaarrekening en de omzet volgens de aangifte OB.</para>
        <para>Gezien de voorgaande gebreken kom ik tot de conclusie dat de door belastingplichtige gevoerde administratie niet voldoende is om haar onderneming te beheersen en/of verantwoording of te leggen. Belastingplichtige heeft hierdoor niet voldaan aan de administratieplicht.</para>
      </parablock>
    </paragroup>
    <paragroup>
      <nr>3.11</nr>
      <parablock>
        <para>
          <emphasis role="bold">Oordeel administratie</emphasis>
        </para>
        <para>Naast de in het onderdeel 3.4 "Administratieplicht" genoemde bevindingen heb ik het volgende geconstateerd.</para>
        <para>- In de controlejaren ontstaat een laag/negatief netto prive van de digra, (…). </para>
        <para>- Op de spaarrekening van de digra zijn een aantal stortingen geconstateerd waarvan de herkomst niet bekend is. Gezien de inkomsten van de digra is het niet aannemelijk dat deze stortingen van het genoten salaris afkomstig zijn.</para>
        <para>
          <emphasis role="bold">4.1.1.1 Verkoop van vervoermiddelen</emphasis>
        </para>
        <para>Zoals hiervoor vermeld, heeft belastingplichtige in het jaar 2010 een vervoermiddel verkocht. Van deze transactie is niets geboekt. Dit vervoermiddel staat nog steeds op de balans ultimo 2012.</para>
        <para>Belastingplichtige gaf aan dat het vervoermiddel in november 2010 voor een bedrag van 2.500 is verkocht. Echter heeft belastingplichtige dit bedrag niet aannemelijk kunnen maken, er zijn namelijk geen bewijsstukken overgelegd.</para>
        <para>Belastingplichtige heeft het vervoermiddel, [ automerk ] — model 2000, in het jaar 2007 voor een bedrag van 15.000 aangeschaft. Het is niet aannemelijk dat belastingplichtige na 3 jaar hetzelfde vervoermiddel voor een waarde van 2.500 verkoopt. Volgens de autodealer, '[ autodealer ]', had deze auto een marktwaarde van 7.500 in het jaar 2010. Op grond hiervan stel ik u voor om de verkoopwaarde op 7.500, • inclusief OB, vast te stellen.</para>
        <para>De boekwinst heb ik bepaald aan de hand van de voorgenoemde verkoopwaarde en de boekwaarde volgens de administratie. In het overzicht hierna wordt dit nader gespecificeerd:</para>
      </parablock>
      <para />
      <para />
      <informaltable>
        <tgroup cols="3">
          <colspec colname="colA" />
          <colspec colname="colB" />
          <colspec colname="colC" />
          <tbody>
            <row>
              <entry>
                <para>
                  <emphasis role="bold">Omschrijving</emphasis>
                </para>
              </entry>
              <entry namest="colB" nameend="colC">
                <para>
                  <emphasis role="bold">2010</emphasis>
                </para>
              </entry>
            </row>
            <row>
              <entry>
                <para />
              </entry>
              <entry namest="colB" nameend="colC">
                <para />
              </entry>
            </row>
            <row>
              <entry>
                <para>Verkoopwaarde inclusief OB</para>
              </entry>
              <entry>
                <para>7.500</para>
              </entry>
              <entry>
                <para />
              </entry>
            </row>
            <row>
              <entry>
                <para>OB</para>
              </entry>
              <entry>
                <para>357</para>
              </entry>
              <entry>
                <para />
              </entry>
            </row>
            <row>
              <entry>
                <para>Verkoopwaarde exclusief OB</para>
              </entry>
              <entry>
                <para />
              </entry>
              <entry>
                <para>7.143</para>
              </entry>
            </row>
            <row>
              <entry>
                <para>Aanschafwaarde</para>
              </entry>
              <entry>
                <para>15.000</para>
              </entry>
              <entry>
                <para />
              </entry>
            </row>
            <row>
              <entry>
                <para>Cumulatieve afschrijving (aug '07 t/m nov '10)</para>
              </entry>
              <entry>
                <para>9.000</para>
              </entry>
              <entry>
                <para />
              </entry>
            </row>
            <row>
              <entry>
                <para>Boekwaarde bij verkoop</para>
              </entry>
              <entry>
                <para />
              </entry>
              <entry>
                <para>6.000</para>
              </entry>
            </row>
            <row>
              <entry>
                <para>
                  <emphasis role="bold">Boekwinst bij verkoop</emphasis>
                </para>
              </entry>
              <entry>
                <para />
              </entry>
              <entry>
                <para>
                  <emphasis role="bold">1.143</emphasis>
                </para>
              </entry>
            </row>
          </tbody>
        </tgroup>
      </informaltable>
      <para />
      <para />
      <parablock>
        <para>De voorgenoemde handelswijze van belastingplichtige heeft ook gevolgen voor de OB. (…)</para>
      </parablock>
      <para />
      <paragroup>
        <nr>4.2.2</nr>
        <parablock>
          <para>
            <emphasis role="bold">Opbrengstverantwoording</emphasis>
          </para>
          <para>Belastingplichtige heeft in de jaren 2009 tot en met 2012 de volgende opbrengsten aangegeven:</para>
        </parablock>
        <informaltable>
          <tgroup cols="5">
            <colspec colname="colA" />
            <colspec colname="colB" />
            <colspec colname="colC" />
            <colspec colname="colD" />
            <colspec colname="colE" />
            <tbody>
              <row>
                <entry>
                  <para>
                    <emphasis role="bold">Omschrijving</emphasis>
                  </para>
                </entry>
                <entry>
                  <para>
                    <emphasis role="bold">        2009</emphasis>
                  </para>
                </entry>
                <entry>
                  <para>
                    <emphasis role="bold">        2010</emphasis>
                  </para>
                </entry>
                <entry>
                  <para>
                    <emphasis role="bold">        2011</emphasis>
                  </para>
                </entry>
                <entry>
                  <para>
                    <emphasis role="bold">        2012</emphasis>
                  </para>
                </entry>
              </row>
              <row>
                <entry>
                  <para />
                </entry>
                <entry>
                  <para />
                </entry>
                <entry>
                  <para />
                </entry>
                <entry>
                  <para />
                </entry>
                <entry>
                  <para />
                </entry>
              </row>
              <row>
                <entry>
                  <para>Opbrengst</para>
                </entry>
                <entry>
                  <para>    463.041</para>
                </entry>
                <entry>
                  <para>   575.238</para>
                </entry>
                <entry>
                  <para>    368.509</para>
                </entry>
                <entry>
                  <para>    499.084</para>
                </entry>
              </row>
            </tbody>
          </tgroup>
        </informaltable>
        <para />
        <parablock>
          <para>Tijdens het onderzoek heb ik geconstateerd dat belastingplichtige een aantal bedragen per bank heeft ontvangen welke niet als opbrengsten zijn aangegeven. Deze ontvangsten zijn afkomstig van particuliere opdrachtgevers van belastingplichtige.</para>
          <para>Verder heb ik een aantal stortingen op de spaarrekening van de digra geconstateerd, waarvan de herkomst niet bekend is. De digra is 100% werkzaam bij belastingplichtige. Het loon uit dienstbetrekking is de enige inkomstenbron van de digra. Door de structurele gebreken in de administratie van belastingplichtige concludeer ik dat deze stortingen, opbrengsten van belastingplichtige zijn, die op de prive rekening van de digra zijn gestort.</para>
          <para>Op grond van het voorgaande concludeer ik dat de ontvangsten van particuliere opdrachtgevers niet volledig aangegeven zijn. Op basis van een verklaring van de digra, vertegenwoordigen de particuliere kanten circa 10 tot 20% van de totale omzet. Uit een analyse van de niet aangegeven opbrengsten <emphasis role="italic">(exclusief OB) </emphasis>van belastingplichtige (bankstortingen van zakelijke en prive rekening) concludeer ik dat circa 15% van de totale omzet, bestaande uit particulier opdrachtgevers, niet is aangegeven.</para>
          <para>Als gevolg van het voorgaande concludeer ik dat belastingplichtige 15% van haar totale opbrengsten niet heeft aangegeven. De aangegeven opbrengsten zijn dienovereenkomstig 85% van de werkelijke opbrengsten. Ik stel u daarom voor om de niet aangegeven opbrengsten te corrigeren. Dit leidt tot de volgende berekening:</para>
        </parablock>
        <informaltable>
          <tgroup cols="5">
            <colspec colname="colA" />
            <colspec colname="colB" />
            <colspec colname="colC" />
            <colspec colname="colD" />
            <colspec colname="colE" />
            <tbody>
              <row>
                <entry>
                  <para>
                    <emphasis role="bold"> Omschrijving</emphasis>
                  </para>
                </entry>
                <entry>
                  <para>
                    <emphasis role="bold">       2009</emphasis>
                  </para>
                </entry>
                <entry>
                  <para>
                    <emphasis role="bold">        2010</emphasis>
                  </para>
                </entry>
                <entry>
                  <para>
                    <emphasis role="bold">        2011</emphasis>
                  </para>
                </entry>
                <entry>
                  <para>
                    <emphasis role="bold">        2012</emphasis>
                  </para>
                </entry>
              </row>
              <row>
                <entry>
                  <para />
                </entry>
                <entry>
                  <para />
                </entry>
                <entry>
                  <para />
                </entry>
                <entry>
                  <para />
                </entry>
                <entry>
                  <para />
                </entry>
              </row>
              <row>
                <entry>
                  <para> Aangegeven opbrengsten (a: 85%)</para>
                </entry>
                <entry>
                  <para>   463.041</para>
                </entry>
                <entry>
                  <para>   575.238</para>
                </entry>
                <entry>
                  <para>   368.509</para>
                </entry>
                <entry>
                  <para>   499.084</para>
                </entry>
              </row>
              <row>
                <entry>
                  <para> Berekende opbrengsten (b: 100%)</para>
                </entry>
                <entry>
                  <para>   544.754</para>
                </entry>
                <entry>
                  <para>   676.750</para>
                </entry>
                <entry>
                  <para>   433.540</para>
                </entry>
                <entry>
                  <para>   587.157</para>
                </entry>
              </row>
              <row>
                <entry>
                  <para>
                    <emphasis role="bold"> Niet aangegeven opbrengsten (b-a)</emphasis>
                  </para>
                </entry>
                <entry>
                  <para>
                    <emphasis role="bold">81.713</emphasis>
                  </para>
                </entry>
                <entry>
                  <para>
                    <emphasis role="bold">    101.512</emphasis>
                  </para>
                </entry>
                <entry>
                  <para>
                    <emphasis role="bold">     65.031</emphasis>
                  </para>
                </entry>
                <entry>
                  <para>
                    <emphasis role="bold">     88.073</emphasis>
                  </para>
                </entry>
              </row>
            </tbody>
          </tgroup>
        </informaltable>
        <para />
        <para />
        <para />
        <para />
        <parablock>
          <para>Het voorgaande leidt tot het volgende correctievoorstel:</para>
        </parablock>
        <informaltable>
          <tgroup cols="5">
            <colspec colname="colA" />
            <colspec colname="colB" />
            <colspec colname="colC" />
            <colspec colname="colD" />
            <colspec colname="colE" />
            <tbody>
              <row>
                <entry>
                  <para>
                    <emphasis role="bold">Correctie</emphasis>
                  </para>
                </entry>
                <entry>
                  <para>
                    <emphasis role="bold">        2009</emphasis>
                  </para>
                </entry>
                <entry>
                  <para>
                    <emphasis role="bold">        2010</emphasis>
                  </para>
                </entry>
                <entry>
                  <para>
                    <emphasis role="bold">         2011</emphasis>
                  </para>
                </entry>
                <entry>
                  <para>
                    <emphasis role="bold">        2012</emphasis>
                  </para>
                </entry>
              </row>
              <row>
                <entry>
                  <para />
                </entry>
                <entry>
                  <para />
                </entry>
                <entry>
                  <para />
                </entry>
                <entry>
                  <para />
                </entry>
                <entry>
                  <para />
                </entry>
              </row>
              <row>
                <entry>
                  <para> Meer opbrengst (Particuliere klanten)</para>
                </entry>
                <entry>
                  <para>     81.713</para>
                </entry>
                <entry>
                  <para>   101.512</para>
                </entry>
                <entry>
                  <para>      65.031</para>
                </entry>
                <entry>
                  <para>     88.073</para>
                </entry>
              </row>
            </tbody>
          </tgroup>
        </informaltable>
        <para />
        <parablock>
          <para>De voorgenoemde handelswijze van belastingplichtige heeft ook gevolgen voor de OB. (…)</para>
        </parablock>
        <para />
        <para />
      </paragroup>
    </paragroup>
    <paragroup>
      <nr>6.2</nr>
      <parablock>
        <para>
          <emphasis role="bold">Aansluitingsverschil tussen de omzet volgens de jaarrekening en de omzet waarover OB is aangegeven</emphasis>
        </para>
        <para>lk heb vastgesteld dat met betrekking tot de jaren 2009 tot en met 2012 geen aansluiting is tussen de omzet volgens de jaarrekening en de omzet waarover OB is aangegeven. Deze berekening luidt als volgt:</para>
      </parablock>
      <para />
      <informaltable>
        <tgroup cols="5">
          <colspec colname="colA" />
          <colspec colname="colB" />
          <colspec colname="colC" />
          <colspec colname="colD" />
          <colspec colname="colE" />
          <tbody>
            <row>
              <entry>
                <para>
                  <emphasis role="bold"> Omschrijving</emphasis>
                </para>
              </entry>
              <entry>
                <para>
                  <emphasis role="bold">        2009</emphasis>
                </para>
              </entry>
              <entry>
                <para>
                  <emphasis role="bold">         2010</emphasis>
                </para>
              </entry>
              <entry>
                <para>
                  <emphasis role="bold">         2011</emphasis>
                </para>
              </entry>
              <entry>
                <para>
                  <emphasis role="bold">        2012</emphasis>
                </para>
              </entry>
            </row>
            <row>
              <entry>
                <para />
              </entry>
              <entry>
                <para />
              </entry>
              <entry>
                <para />
              </entry>
              <entry>
                <para />
              </entry>
              <entry>
                <para />
              </entry>
            </row>
            <row>
              <entry>
                <para> Omzet volgens jaarrekening</para>
              </entry>
              <entry>
                <para>    463.041</para>
              </entry>
              <entry>
                <para>    575.238</para>
              </entry>
              <entry>
                <para>    368.509</para>
              </entry>
              <entry>
                <para>   499.084</para>
              </entry>
            </row>
            <row>
              <entry>
                <para>Omzet volgens aangifte OB</para>
              </entry>
              <entry>
                <para>    446.325</para>
              </entry>
              <entry>
                <para>    501.158</para>
              </entry>
              <entry>
                <para>    365.281</para>
              </entry>
              <entry>
                <para>   413.274</para>
              </entry>
            </row>
            <row>
              <entry>
                <para>
                  <emphasis role="bold">Verschil</emphasis>
                </para>
              </entry>
              <entry>
                <para>
                  <emphasis role="bold">      16.716</emphasis>
                </para>
              </entry>
              <entry>
                <para>
                  <emphasis role="bold">      74.080</emphasis>
                </para>
              </entry>
              <entry>
                <para>
                  <emphasis role="bold">       3.228</emphasis>
                </para>
              </entry>
              <entry>
                <para>
                  <emphasis role="bold">     85.810</emphasis>
                </para>
              </entry>
            </row>
          </tbody>
        </tgroup>
      </informaltable>
      <para />
      <parablock>
        <para>Belastingplichtige heeft de berekende verschillen niet verklaard. Ik adviseer u om de verschuldigde OB over de verschillen na to heffen. De naheffing bedraagt (5/105) van de verschillen in de jaren 2009 tot en met 2011 en (6/106) in het jaar 2012.</para>
        <para>Het voorgaande leidt tot het volgende correctievoorstel:</para>
      </parablock>
      <para />
      <informaltable>
        <tgroup cols="5">
          <colspec colname="colA" />
          <colspec colname="colB" />
          <colspec colname="colC" />
          <colspec colname="colD" />
          <colspec colname="colE" />
          <tbody>
            <row>
              <entry>
                <para>
                  <emphasis role="bold"> Correctie</emphasis>
                </para>
              </entry>
              <entry>
                <para>
                  <emphasis role="bold">       2009</emphasis>
                </para>
              </entry>
              <entry>
                <para>
                  <emphasis role="bold">       2010</emphasis>
                </para>
              </entry>
              <entry>
                <para>
                  <emphasis role="bold">        2011</emphasis>
                </para>
              </entry>
              <entry>
                <para>
                  <emphasis role="bold">       2012</emphasis>
                </para>
              </entry>
            </row>
            <row>
              <entry>
                <para />
              </entry>
              <entry>
                <para />
              </entry>
              <entry>
                <para />
              </entry>
              <entry>
                <para />
              </entry>
              <entry>
                <para />
              </entry>
            </row>
            <row>
              <entry>
                <para> Na te heffen OB</para>
              </entry>
              <entry>
                <para>         795</para>
              </entry>
              <entry>
                <para>      3.527</para>
              </entry>
              <entry>
                <para>         153</para>
              </entry>
              <entry>
                <para>      4.857</para>
              </entry>
            </row>
          </tbody>
        </tgroup>
      </informaltable>
      <para />
      <para />
    </paragroup>
    <paragroup>
      <nr>2.3</nr>
      <para>Naar aanleiding van het boekenonderzoek zijn de onderhavige naheffingsaanslagen omzetbelasting over de jaren 2009 tot en met 2012 opgelegd. Bij het vaststellen van deze naheffingsaanslagen heeft de Inspecteur de volgende correcties aangebracht:</para>
      <para />
      <informaltable>
        <tgroup cols="11">
          <colspec colname="colA" />
          <colspec colname="colB" />
          <colspec colname="colC" />
          <colspec colname="colD" />
          <colspec colname="colE" />
          <colspec colname="colF" />
          <colspec colname="colG" />
          <colspec colname="colH" />
          <colspec colname="colI" />
          <colspec colname="colJ" />
          <colspec colname="colK" />
          <tbody>
            <row>
              <entry namest="colA" nameend="colE">
                <para>
                  <emphasis role="bold">Correcties (NAf)</emphasis>
                </para>
              </entry>
              <entry namest="colF" nameend="colG">
                <para>
                  <emphasis role="bold">       2009</emphasis>
                </para>
              </entry>
              <entry namest="colH" nameend="colI">
                <para>
                  <emphasis role="bold">          2010</emphasis>
                </para>
              </entry>
              <entry>
                <para>
                  <emphasis role="bold">         2011</emphasis>
                </para>
              </entry>
              <entry>
                <para>
                  <emphasis role="bold">         2012</emphasis>
                </para>
              </entry>
            </row>
            <row>
              <entry namest="colA" nameend="colE">
                <para />
              </entry>
              <entry namest="colF" nameend="colG">
                <para />
              </entry>
              <entry namest="colH" nameend="colI">
                <para />
              </entry>
              <entry>
                <para />
              </entry>
              <entry>
                <para />
              </entry>
            </row>
            <row>
              <entry namest="colA" nameend="colE">
                <para>1 Meer opbrengst particulieren klanten</para>
              </entry>
              <entry namest="colF" nameend="colG">
                <para>81.713</para>
              </entry>
              <entry namest="colH" nameend="colI">
                <para>101.512</para>
              </entry>
              <entry>
                <para>65.031</para>
              </entry>
              <entry>
                <para>88.073</para>
              </entry>
            </row>
            <row>
              <entry namest="colA" nameend="colE">
                <para>2 Verkoop vervoermiddel (naheffing 5/105)</para>
              </entry>
              <entry namest="colF" nameend="colG">
                <para />
              </entry>
              <entry namest="colH" nameend="colI">
                <para>7.500</para>
              </entry>
              <entry>
                <para />
              </entry>
              <entry>
                <para />
              </entry>
            </row>
            <row>
              <entry namest="colA" nameend="colE">
                <para>3 Aansluitingsverschil jaarrekening en aangiften OB</para>
                <para>(naheffing 5/105)</para>
              </entry>
              <entry namest="colF" nameend="colG">
                <para>16.716</para>
              </entry>
              <entry namest="colH" nameend="colI">
                <para>74.080</para>
              </entry>
              <entry>
                <para>3.228</para>
              </entry>
              <entry>
                <para>85.810</para>
              </entry>
            </row>
            <row>
              <entry namest="colA" nameend="colE">
                <para />
              </entry>
              <entry namest="colF" nameend="colG">
                <para />
              </entry>
              <entry namest="colH" nameend="colI">
                <para />
              </entry>
              <entry>
                <para />
              </entry>
              <entry>
                <para />
              </entry>
            </row>
            <row>
              <entry namest="colA" nameend="colE">
                <para>Totaal omzetcorrecties</para>
              </entry>
              <entry namest="colF" nameend="colG">
                <para>98.429</para>
              </entry>
              <entry namest="colH" nameend="colI">
                <para>183.092</para>
              </entry>
              <entry>
                <para>68.259</para>
              </entry>
              <entry>
                <para>173.883</para>
              </entry>
            </row>
            <row>
              <entry namest="colA" nameend="colE">
                <para />
              </entry>
              <entry namest="colF" nameend="colG">
                <para />
              </entry>
              <entry namest="colH" nameend="colI">
                <para />
              </entry>
              <entry>
                <para />
              </entry>
              <entry>
                <para />
              </entry>
            </row>
            <row>
              <entry namest="colA" nameend="colE">
                <para>Naheffing omzetbelasting (5%; in 2012 is tarief 6%) </para>
              </entry>
              <entry namest="colF" nameend="colG">
                <para>4.880</para>
              </entry>
              <entry namest="colH" nameend="colI">
                <para>8.959</para>
              </entry>
              <entry>
                <para>3.404</para>
              </entry>
              <entry>
                <para>10.141</para>
              </entry>
            </row>
            <row>
              <entry namest="colA" nameend="colE">
                <para />
              </entry>
              <entry namest="colF" nameend="colG">
                <para />
              </entry>
              <entry namest="colH" nameend="colI">
                <para />
              </entry>
              <entry>
                <para />
              </entry>
              <entry>
                <para />
              </entry>
            </row>
            <row>
              <entry namest="colA" nameend="colE">
                <para>Vergrijpboete (25%; in 2009 is boete 12,5%)</para>
              </entry>
              <entry namest="colF" nameend="colG">
                <para>610</para>
              </entry>
              <entry namest="colH" nameend="colI">
                <para>2.239</para>
              </entry>
              <entry>
                <para>851</para>
              </entry>
              <entry>
                <para>2.535</para>
              </entry>
            </row>
            <row>
              <entry>
                <para />
              </entry>
              <entry>
                <para />
              </entry>
              <entry>
                <para />
              </entry>
              <entry>
                <para />
              </entry>
              <entry namest="colE" nameend="colF">
                <para />
              </entry>
              <entry namest="colG" nameend="colH">
                <para />
              </entry>
              <entry>
                <para />
              </entry>
            </row>
          </tbody>
        </tgroup>
      </informaltable>
      <para />
    </paragroup>
  </section>
  <section>
    <title>
      <nr>3</nr>GESCHIL</title>
    <paragroup>
      <nr>3.1</nr>
      <para>In geschil is of de Inspecteur de naheffingsaanslagen terecht en tot een juist bedrag heeft opgelegd. Belanghebbende beantwoordt deze vraag ontkennend, de Inspecteur bevestigend.</para>
      <para />
    </paragroup>
    <paragroup>
      <nr>3.2</nr>
      <para>Belanghebbende concludeert tot vernietiging dan wel vermindering van de naheffingsaanslagen. De Inspecteur concludeert tot handhaving.</para>
      <para />
    </paragroup>
    <paragroup>
      <nr>3.3</nr>
      <para>Verder zijn de vergrijpboetes in geschil.</para>
      <para />
    </paragroup>
    <paragroup>
      <nr>3.4</nr>
      <para>Voorts heeft belanghebbende nog betoogd dat in de bezwaarfase de hoorplicht is geschonden.</para>
      <para />
    </paragroup>
  </section>
  <section role="overwegingen">
    <title>
      <nr>4</nr>OVERWEGINGEN</title>
    <bridgehead role="italic">Niet horen in bezwaarfase</bridgehead>
    <paragroup>
      <nr>4.1</nr>
      <para>Op grond van artikel 30, lid 4, ALL wordt de belanghebbende in de bezwaarfase gehoord als hij daar in zijn bezwaarschrift om heeft verzocht.</para>
      <para />
    </paragroup>
    <paragroup>
      <nr>4.2</nr>
      <para>In het onderhavige geval heeft belanghebbende in de aanvulling op het bezwaarschrift, gedagtekend 7 mei 2015, verzocht te worden gehoord. De Inspecteur heeft nagelaten belanghebbende te horen. Anders dan de Inspecteur voorstaat, kunnen de telefonische contacten met belanghebbende niet worden aangemerkt als het (telefonisch) horen van belanghebbende. De Inspecteur heeft geen omstandigheden aangevoerd die noopten tot afwijking van artikel 30, lid 4, ALL. Naar het oordeel van het Gerecht is belanghebbende door de gang van zaken bij het horen benadeeld. Het Gerecht zal de uitspraken op bezwaar reeds daarom vernietigen. Nu belanghebbende het Gerecht heeft verzocht zelf in de zaak te voorzien, zal het Gerecht de zaak niet terugwijzen naar de Inspecteur (vgl. HR 18 april 2003, nr. 37790, ECLI:NL:HR:2003:AF7495).</para>
      <para />
      <parablock>
        <para>
          <emphasis role="italic">Omkering bewijslast</emphasis>
        </para>
      </parablock>
    </paragroup>
    <paragroup>
      <nr>4.3</nr>
      <para>Artikel 31, lid 3, ALL bepaalt, voor zover van belang, dat het beroep van de belastingplichtige moet worden afgewezen indien niet is voldaan aan de administratie- en bewaarplicht van artikel 43 ALL, tenzij de belastingplichtige overtuigend kan aantonen dat en in hoeverre de uitspraak op het bezwaar onjuist is.</para>
      <para />
    </paragroup>
    <paragroup>
      <nr>4.4</nr>
      <para>Wat betreft de administratieplicht van artikel 43, lid 2, ALL heeft als uitgangspunt te gelden dat de eisen aan de administratie niet verder mogen reiken dan voor een goede uitvoering van de belastingheffing noodzakelijk is. Belanghebbende is belastingplichtig voor onder meer de omzetbelasting, zodat op grond van artikel 43 ALL van belanghebbende geëist kan worden dat haar administratie inzicht verschaft in de verschuldigde omzetbelasting.</para>
      <para />
    </paragroup>
    <paragroup>
      <nr>4.5</nr>
      <para>In een onderneming zoals die van belanghebbende, waarbij sprake is van een contante geldstroom, vormt de kasadministratie een onmisbaar onderdeel van de administratie. Tijdens het boekenonderzoek is geconstateerd dat belanghebbende geen kasadministratie voert, waardoor een kascontrole niet mogelijk is. Verder is onder meer gebleken dat ontvangsten op de zakelijke bankrekening niet als omzet zijn verwerkt. Gelet op het vorenstaande heeft belanghebbende voor de jaren 2009 tot en met 2012 niet voldaan aan de op haar rustende administratieplicht zoals voorgeschreven in artikel 43 ALL. Het Gerecht acht deze schending voldoende ernstig voor toepassing van de bewijsregel van artikel 31, lid 3, ALL (omkering en verzwaring van de bewijslast).</para>
      <para />
    </paragroup>
    <paragroup>
      <nr>4.6</nr>
      <para>De zogenoemde omkering en verzwaring van de bewijslast ontslaat de Inspecteur niet van zijn verplichting de door hem aangebrachte correctie niet naar willekeur vast te stellen. De belastingaanslag dient te berusten op een redelijke schatting. De correcties bestaan voor een groot deel uit de omzetcorrectie particuliere klanten. Daarbij is de Inspecteur ervan uitgegaan dat 15% van de totale omzet niet is aangegeven. Deze correctie is gebaseerd op een verklaring van de digra dat de particuliere klanten circa 10 tot 20% van de totale omzet uitmaken, alsmede op de constatering dat bepaalde opbrengsten op de zakelijke rekening niet als omzet zijn verantwoord zijn en dat bepaalde stortingen op de privérekening van de digra niet zijn verklaard. Verder is de omzetcorrectie gebaseerd op het geconstateerde aansluitingsverschil tussen de omzet volgens de jaarrekening en de omzet volgens aangiften omzetbelasting. Gelet daarop kan niet worden gezegd dat deze correcties onredelijk of willekeurig zijn vastgesteld.</para>
      <para />
    </paragroup>
    <paragroup>
      <nr>4.7</nr>
      <para>Indien en voor zover een belanghebbende de juistheid van de voor de schatting gebruikte gegevens of de juistheid van de schatting van de Inspecteur anderszins betwist, dient hij daarvoor tegenbewijs te leveren op de in artikel 31, lid 3, ALL bedoelde wijze (vgl. HR 31 mei 2013, nrs. 11/03452 en 11/03456, ECLI:NL:HR:2013:BX7184). Belanghebbende betoogt dat het uitgangspunt dat 15% van de totale omzet niet is aangegeven, een fictief en willekeurig cijfer betreft. Bovendien kan de economische situatie op Curaçao een dergelijk percentage nimmer rechtvaardigen, aldus belanghebbende. Voor het aansluitingsverschil heeft belanghebbende geen verklaring gegeven.</para>
      <para />
    </paragroup>
    <paragroup>
      <nr>4.8</nr>
      <para>Het Gerecht acht het betoog van belanghebbende niet dermate overtuigend dat daarmee elke redelijke twijfel is uitgesloten dat belanghebbende de winstcorrecties niet heeft genoten; verre van dat. Belanghebbende heeft derhalve niet op overtuigende wijze de onjuistheid aangetoond van de schatting van de Inspecteur of de voor de schatting gebruikte gegevens. De naheffingsaanslagen omzetbelasting zullen derhalve niet worden verminderd.</para>
      <para />
      <parablock>
        <para>
          <emphasis role="italic">Vergrijpboetes</emphasis>
        </para>
      </parablock>
    </paragroup>
    <paragroup>
      <nr>4.9</nr>
      <para>Aan belanghebbende zijn voor de jaren 2010 t/m 2012 vergrijpboetes van 25% opgelegd. Redengevend daarvoor is dat het aan grove schuld van belanghebbende is te wijten dat de omzetbelasting gedeeltelijk niet dan wel niet tijdig is betaald (artikel 21 ALL in samenhang met artikel 4.8, lid 2, Ministeriële regeling formeel belastingrecht). Voor het jaar 2009 is de vergrijpboete vanwege samenloop gematigd tot 12,5%.</para>
      <para />
    </paragroup>
    <paragroup>
      <nr>4.10</nr>
      <para>Alvorens een vergrijpboete wordt opgelegd, dient de Inspecteur op grond van artikel 22, lid 1, ALL de belastingplichtige daarover te informeren. De Inspecteur heeft bij brief van 29 mei 2015 daaraan voldaan. Daarbij is belanghebbende tevens in de gelegenheid gesteld de gronden en de hoogte van de voorgenomen vergrijpboetes te betwisten. De vergrijpboete 2009 was echter al eerder opgelegd, zodat voor die boete artikel 22, lid 1 of lid 2, ALL is geschonden. Een dergelijke schending heeft echter ingevolge artikel 22, lid 3, ALL niet de nietigheid van de boete tot gevolg. Het betreft immers slechts een instructienorm aan de Inspecteur (MvT ALL, blz. 15).</para>
      <para />
    </paragroup>
    <paragroup>
      <nr>4.11</nr>
      <para>Van grove schuld kan slechts worden gesproken indien de handelwijze van de belastingplichtige als een in laakbaarheid aan opzet grenzende onachtzaamheid moet worden gekwalificeerd (vgl. HR 19 december 1990, nr. 25.301, ECLI:NL:HR:1990: ZC4481).</para>
      <para />
    </paragroup>
    <paragroup>
      <nr>4.12</nr>
      <para>Belanghebbende betwist dat sprake is van grove schuld. Het uitgangspunt van de onschuldpresumptie brengt dan mee dat de Inspecteur de feiten moet stellen en aannemelijk maken die de conclusie kunnen dragen dat sprake is van grove schuld.</para>
      <para />
    </paragroup>
    <paragroup>
      <nr>4.13</nr>
      <para>Bij het boekenonderzoek is gebleken dat de administratie van belanghebbende ondeugdelijk is, omdat onder meer een kasadministratie ontbreekt. Op basis van deze gebrekkige administratie heeft belanghebbende aangiften gedaan die tot een te lage betaling hebben geleid, hetgeen als een grove onachtzaamheid van belanghebbende kan worden beschouwd. Daarom is sprake van grove schuld zijdens belanghebbende, zodat de boete terecht is vastgesteld op 25% van de nageheven belasting. Deze boete is volgens het Gerecht in overeenstemming met de ernst van het vergrijp. Het Gerecht heeft hierbij ook in aanmerking genomen dat de naheffingsaanslagen met behulp van omkering en verzwaring van de bewijslast zijn komen vast te staan.</para>
      <para />
    </paragroup>
    <paragroup>
      <nr>4.14</nr>
      <para>Belanghebbende heeft na sluiting van het onderzoek, in een e-mailbericht van 12 november 2018, nog verzocht om de boetes te verminderen wegens overschrijding van de redelijke termijn. Indien vóór de sluiting van het onderzoek reeds sprake is van overschrijding van de redelijke termijn, dient een verzoek om daarmee rekening te houden als regel uiterlijk op de zitting te worden gedaan (vgl. HR 12 april 2013, nr. 12/01566, ECLI:NL:HR:2013:BZ6799 (https://www.navigator.nl/document/id8c8c32de3675445eb5a29736553f3966?anchor=id-189928a1-3c5c-4fb4-af3c-774097c2c553)). In het onderhavige geval was ten tijde van sluiting van het onderzoek op 30 november 2017 de redelijke termijn reeds overschreden, zodat niet nadien nog een verzoek om vermindering kan worden gedaan. </para>
      <para />
      <parablock>
        <para>
          <emphasis role="italic">Voorlichting</emphasis>
        </para>
      </parablock>
    </paragroup>
    <paragroup>
      <nr>4.15</nr>
      <para>Ter voorlichting van belanghebbende merkt het Gerecht op dat de uitspraken van de Inspecteur om procedurele redenen worden vernietigd, maar dat belanghebbende inhoudelijk geen gelijk krijgt. Wel moet de Inspecteur de proceskosten en het griffierecht vergoeden.</para>
      <para />
    </paragroup>
  </section>
  <section>
    <title>
      <nr>5</nr>PROCESKOSTEN EN GRIFFIERECHT</title>
    <paragroup>
      <nr>5.1</nr>
      <para>Voor de vergoeding van de proceskosten hangen de zaken met de nummers CUR201600179 t/m CUR201600185 samen. Op grond van het Besluit proceskosten bestuursrecht, PB 2001, no. 127, worden samenhangende zaken als één zaak beschouwd. Het Gerecht heeft in de uitspraak in de zaken CUR201600179 t/m CUR 201600181 met betrekking tot deze samenhangende zaken reeds een proceskostenvergoeding van NAf 3.150 toegekend. In onderhavige zaken zal derhalve geen proceskostenvergoeding worden toegekend.  </para>
      <para />
    </paragroup>
    <paragroup>
      <nr>5.2</nr>
      <para>In de samenhangende zaken CUR201600179 t/m CUR201600185 is slechts éénmaal griffierecht betaald. Het Gerecht heeft in de uitspraak in de zaken CUR201600179 t/m CUR 201600181 met betrekking tot deze samenhangende zaken de Inspecteur reeds opgedragen het griffierecht te vergoeden. In onderhavige zaken zal de Inspecteur derhalve niet worden opgedragen het griffierecht te vergoeden. </para>
      <para />
    </paragroup>
  </section>
  <section>
    <title>
      <nr>6</nr>DE BESLISSING</title>
    <para>Het Gerecht:</para>
    <para />
    <itemizedlist mark="-">
      <listitem>
        <para>verklaart de beroepen gegrond;</para>
      </listitem>
      <listitem>
        <para>vernietigt de uitspraken op bezwaar; </para>
      </listitem>
      <listitem>
        <para>bepaalt dat de rechtsgevolgen in stand blijven van de vernietigde uitspraken op bezwaar.  </para>
      </listitem>
    </itemizedlist>
    <para />
    <para />
    <para />
    <parablock>
      <para>Deze uitspraak is gegeven door mr. dr. A.J.H. van Suilen, rechter, en uitgesproken op 6 maart 2019, in tegenwoordigheid van de griffier N.N. Noël – van der Biezen BSc.</para>
    </parablock>
    <para />
    <para />
    <parablock>
      <para>De griffier,	           De rechter,	</para>
    </parablock>
    <para />
    <para />
    <para />
    <para />
    <para />
    <para />
    <para />
    <para />
    <para />
    <para />
    <para />
    <para />
    <para />
    <para />
    <para />
    <para />
    <parablock>
      <para>Afschriften zijn per post/ per e-mail op  …………………………  aan partijen verzonden.</para>
    </parablock>
    <para />
    <para />
    <parablock>
      <para>
        <emphasis role="bold underline">HOGER BEROEP</emphasis>
      </para>
      <para>Tegen deze uitspraak kunnen beide partijen binnen <emphasis role="bold">twee maanden</emphasis> na de verzenddatum hoger beroep instellen bij:</para>
      <para>
        <emphasis role="bold">Het Gemeenschappelijk Hof van Justitie (belastingkamer)</emphasis>
      </para>
      <para>
        <emphasis role="bold">Wilhelminaplein 4</emphasis>
      </para>
      <para>
        <emphasis role="bold">Willemstad</emphasis>
      </para>
      <para>
        <emphasis role="bold">Curaçao</emphasis>
      </para>
    </parablock>
    <para />
    <parablock>
      <para>U wordt verzocht bij het indienen van het beroepschrift het volgende in acht te nemen: </para>
    </parablock>
    <para>1. Leg bij het beroepschrift een afschrift over van deze uitspraak; </para>
    <para>2. Onderteken het beroepschrift en vermeld het volgende: </para>
    <para>a. de naam en het adres van de indiener,</para>
    <para>b. de dagtekening,</para>
    <para>c. waartegen u in beroep komt, </para>
    <para>d. waarom u het niet eens bent met deze uitspraak (de gronden van het hoger beroep).</para>
    <para />
    <parablock>
      <para>Partijen hebben ook de mogelijkheid het ondertekende beroepschrift per e-mail in te dienen bij de griffie van het Gemeenschappelijk Hof van Justitie: <emphasis role="bold">belastinggriffie@caribjustitia.org</emphasis>.</para>
    </parablock>
    <para />
    <parablock>
      <para>Voor het instellen van hoger beroep is het volgende bedrag aan griffierecht verschuldigd:</para>
      <para>                -natuurlijke personen:                                                            	NAf. 200 </para>
      <para>                -personenvennootschappen en rechtspersonen:             		NAf. 500 </para>
    </parablock>
    <para />
  </section>
</uitspraak>
</open-rechtspraak>