<?xml version="1.0" encoding="utf-8"?>
<open-rechtspraak>
  <rdf:RDF xmlns:rdf="http://www.w3.org/1999/02/22-rdf-syntax-ns#" xmlns:ecli="https://e-justice.europa.eu/ecli" xmlns:tr="http://tuchtrecht.overheid.nl/" xmlns:eu="http://publications.europa.eu/celex/" xmlns:dcterms="http://purl.org/dc/terms/" xmlns:bwb="bwb-dl" xmlns:cvdr="http://decentrale.regelgeving.overheid.nl/cvdr/" xmlns:psi="http://psi.rechtspraak.nl/" xmlns:rdfs="http://www.w3.org/2000/01/rdf-schema#">
    <rdf:Description>
      <dcterms:identifier>ECLI:NL:PHR:2019:213</dcterms:identifier>
      <dcterms:format>text/xml</dcterms:format>
      <dcterms:accessRights>public</dcterms:accessRights>
      <dcterms:modified>2019-04-25T15:36:31</dcterms:modified>
      <dcterms:issued rdfs:label="Publicatiedatum">2019-03-06</dcterms:issued>
      <dcterms:publisher resourceIdentifier="http://rechtspraak.nl/">Raad voor de Rechtspraak</dcterms:publisher>
      <dcterms:language>nl</dcterms:language>
      <dcterms:creator rdfs:label="Instantie" resourceIdentifier="http://standaarden.overheid.nl/owms/terms/Parket_bij_de_Hoge_Raad" scheme="overheid.RechterlijkeMacht">Parket bij de Hoge Raad</dcterms:creator>
      <dcterms:date rdfs:label="Datum genomen">2019-03-12</dcterms:date>
      <psi:zaaknummer rdfs:label="Zaaknr">16/03365</psi:zaaknummer>
      <dcterms:type rdf:language="nl" resourceIdentifier="http://psi.rechtspraak.nl/conclusie">Conclusie</dcterms:type>
      <dcterms:coverage>NL</dcterms:coverage>
      <dcterms:subject rdfs:label="Rechtsgebied" resourceIdentifier="http://psi.rechtspraak.nl/rechtsgebied#strafrecht">Strafrecht</dcterms:subject>
      <dcterms:relation rdfs:label="Formele relatie" ecli:resourceIdentifier="ECLI:NL:HR:2019:654" psi:type="http://psi.rechtspraak.nl/conclusie" psi:aanleg="http://psi.rechtspraak.nl/latereAanleg">Arrest Hoge Raad: ECLI:NL:HR:2019:654</dcterms:relation>
      <dcterms:hasVersion rdfs:label="Vindplaatsen" resourceIdentifier="http://psi.rechtspraak.nl/vindplaats">
        <rdf:list>
          <rdf:li>Rechtspraak.nl</rdf:li>
        </rdf:list>
      </dcterms:hasVersion>
    </rdf:Description>
    <rdf:Description rdf:about="http://deeplink.rechtspraak.nl/uitspraak?id=ECLI:NL:PHR:2019:213">
      <dcterms:identifier>http://deeplink.rechtspraak.nl/uitspraak?id=ECLI:NL:PHR:2019:213</dcterms:identifier>
      <dcterms:format>text/html</dcterms:format>
      <dcterms:accessRights>public</dcterms:accessRights>
      <dcterms:modified>2019-04-25T15:31:06</dcterms:modified>
      <dcterms:issued rdfs:label="Publicatiedatum">2019-04-25</dcterms:issued>
      <dcterms:publisher resourceIdentifier="http://rechtspraak.nl/">Raad voor de Rechtspraak</dcterms:publisher>
      <dcterms:language>nl</dcterms:language>
      <dcterms:title rdf:language="nl">ECLI:NL:PHR:2019:213 Parket bij de Hoge Raad , 12-03-2019 / 16/03365</dcterms:title>
      <dcterms:abstract resourceIdentifier="../../rs:inhoudsindicatie" />
    </rdf:Description>
  </rdf:RDF>
  <inhoudsindicatie id="ECLI:NL:PHR:2019:213:INH" lang="nl" xml:space="preserve" xmlns="http://www.rechtspraak.nl/schema/rechtspraak-1.0" xmlns:xsd="http://www.w3.org/2001/XMLSchema" xmlns:xsi="http://www.w3.org/2001/XMLSchema-instance">
      <para>Medeplegen gewoontewitwassen (art. 420ter jo. 420bis.1.b Sr) en samen met anderen zonder vereiste registratie werkzaam zijn als geldtransactiekantoor, meermalen gepleegd (art. 3 Wet inzake de geldtransactiekantoren). Vervolg op tussenarrest ECLI:NL:HR:2019:79. 1. Klacht dat Hof acht heeft geslagen op uittreksel justitiële documentatie dat niet ttz. is voorgelezen en waarvan korte inhoud niet is medegedeeld. 2. Bewijsklacht wetenschap dat geldbedragen van misdrijf afkomstig zijn. HR t.a.v. middelen: art. 81.1 RO. HR ambtshalve: Feit 2 is verjaard op in de CAG vermelde gronden. Volgt partiële vernietiging, n-o verklaring OvJ in vervolging t.z.v. feit 2 en terugwijzing t.a.v. strafoplegging.</para>
    </inhoudsindicatie>
  <conclusie id="ECLI:NL:PHR:2019:213:DOC" lang="nl" xml:space="preserve" xmlns="http://www.rechtspraak.nl/schema/rechtspraak-1.0" xmlns:xsd="http://www.w3.org/2001/XMLSchema" xmlns:xsi="http://www.w3.org/2001/XMLSchema-instance" xmlns:xlink="http://www.w3.org/1999/xlink">
  <informaltable>
    <tgroup cols="2">
      <colspec colname="colA" />
      <colspec colname="colB" />
      <tbody>
        <row>
          <entry>
            <para>Nr. 16/03365</para>
            <para>Zitting: 12 maart 2019</para>
            <para />
          </entry>
          <entry>
            <para>
              <emphasis role="underline">Mr. F.W. Bleichrodt</emphasis>
            </para>
            <para>Aanvullende conclusie inzake:</para>
            <para>
              <emphasis role="underline">
                [verdachte] </emphasis>
            </para>
          </entry>
        </row>
      </tbody>
    </tgroup>
  </informaltable>
  <para />
  <orderedlist numeration="arabic">
    <listitem>
      <para>De verdachte is bij arrest van 7 juni 2016 door het gerechtshof Den Haag wegens 1. "medeplegen van het plegen van witwassen een gewoonte maken" en 2. "medeplegen van overtreding van een voorschrift gesteld bij artikel 3 van de Wet inzake de geldtransactiekantoren, opzettelijk begaan, meermalen gepleegd", veroordeeld tot een gevangenisstraf voor de duur van twee jaren, waarvan een jaar voorwaardelijk met een proeftijd van twee jaren, en met aftrek als bedoeld in art. 27(a) Sr. Ten slotte heeft het hof beslissingen genomen ten aanzien van in beslag genomen voorwerpen, één en ander zoals in het arrest vermeld. </para>
      <para />
    </listitem>
    <listitem>
      <para>Het cassatieberoep is ingesteld namens de verdachte.<footnote-ref linkend="_50f1652c-6f39-4680-bb6a-8c63ebd636bc" /> Mr. S.F.W. van 't Hullenaar, advocaat te Arnhem, heeft vier middelen van cassatie voorgesteld.</para>
      <para />
    </listitem>
  </orderedlist>
  <para>3. In deze zaak concludeerde ik op 18 december tot vernietiging van de bestreden uitspraak en tot terugwijzing van de zaak naar het gerechtshof Den Haag, omdat ik van mening ben dat het eerste middel terecht is voorgesteld en tot cassatie dient te leiden. De overige middelen behoeven naar mijn mening daarom geen bespreking. De Hoge Raad oordeelde anders en verwees de zaak alsnog naar de rolzitting teneinde gelegenheid te geven voor bespreking van de overige middelen.<footnote-ref linkend="_fbf3b403-6345-4f9c-b5e0-8d6161fd8817" /> Daartoe strekt deze aanvullende conclusie. </para>
  <para />
  <para>4. Het <emphasis role="underline">tweede middel</emphasis> behelst de klacht dat het hof ten onrechte bij de beraadslaging acht heeft geslagen op een geschrift, te weten een uittreksel uit de justitiële documentatie van [betrokkene 1] , en de inhoud daarvan in de bewijsvoering tegen de verdachte heeft gebruikt, zonder dat de inhoud van dit stuk ter zitting is voorgelezen, dan wel de korte inhoud ervan is medegedeeld. </para>
  <para />
  <para>5. Het middel kan niet tot cassatie leiden. De overweging – in een bijzin - dat [betrokkene 1] “in zijn strafzaak ter zake van datzelfde feit bij vonnis van de rechtbank Rotterdam van 9 april 2008 onherroepelijk is veroordeeld”, die steun vindt in bewijsmiddel 11, is in de bewijsvoering niet van substantiële betekenis. Als deze uit de bewijsvoering wordt weggedacht, is de bewezenverklaring zonder meer toereikend gemotiveerd. De verdachte heeft onvoldoende rechtens te respecteren belang bij vernietiging van het bestreden arrest en terugwijzing dan wel verwijzing van de zaak op dit punt.<footnote-ref linkend="_371688bd-fc33-4f95-b3c9-42584438de47" /> De toelichting op het middel, waarin niet op de vraag naar het belang wordt ingegaan, brengt mij niet op andere gedachten. </para>
  <para />
  <para>6. Het middel kan niet tot cassatie leiden.</para>
  <para />
  <para>7. Het <emphasis role="underline">derde middel</emphasis> bevat de klacht dat de bewezenverklaring van feit 1, voor zover inhoudende dat de verdachte geldbedragen heeft verworven en voorhanden gehad en overgedragen terwijl hij wist dat die geldbedragen – onmiddellijk of middellijk – afkomstig waren uit enig misdrijf, niet naar de eis van de wet met redenen is omkleed. </para>
  <para />
  <para>8. Uit de toelichting op het middel volgt dat de steller van het middel zich in het bijzonder keert tegen het oordeel van het hof dat de verdachte wist dat de in de bewezenverklaring bedoelde geldbedragen afkomstig waren uit enig misdrijf. </para>
  <para />
  <para>9. Het hof heeft onder 1 ten laste van de verdachte bewezen verklaard dat hij:</para>
  <para>“hij op tijdstippen in of omstreeks de periode van 16 april 2006 tot en met 16 april 2007, te Amsterdam (telkens) tezamen en in vereniging met anderen, van het plegen van witwassen een gewoonte heeft gemaakt,</para>
  <para />
  <parablock>
    <para>Immers heeft hij, verdachte, toen en daar (telkens) (krachtens die gewoonte), meermalen, een groot geldbedrag (telkens) (in contanten) ontvangen van</para>
    <para>- Hanif Mohamed</para>
    <para>- één of meer (onbekend gebleven) perso(o)n(en)</para>
  </parablock>
  <para />
  <parablock>
    <para>en meermalen een groot geldbedrag </para>
  </parablock>
  <para />
  <parablock>
    <para>afgegeven aan </para>
    <para>- één of meer (onbekend gebleven) perso(o)n(en),</para>
  </parablock>
  <para />
  <parablock>
    <para>terwijl ten aanzien van die geldbedragen</para>
    <para>- hij, verdachte, (telkens) die geldbedragen heeft verworven en voorhanden gehad en overgedragen terwijl hij, verdachte ten tijde van het verwerven en het voorhanden krijgen en overdragen van die geldbedragen, wist dat die geldbedragen – onmiddellijk of middellijk – afkomstig waren uit enig misdrijf.”</para>
  </parablock>
  <para>10. Het hof heeft de bewezenverklaring doen steunen op de inhoud van 24 bewijsmiddelen. Verder heeft het hof aan de bewezenverklaring van feit 1 een nadere bewijsoverweging gewijd. Deze houdt onder meer in:</para>
  <parablock>
    <para>“Uit het onderzoek in de onderhavige zaak is gebleken dat de verdachte geldbedragen heeft opgehaald bij [betrokkene 1] , die in zijn strafzaak ter zake van datzelfde feit bij vonnis van de rechtbank Rotterdam van 9 april 2008 onherroepelijk is veroordeeld, en anderen en deze daarna heeft afgegeven aan andere personen. Dit vindt bevestiging in onder meer de verklaring van [betrokkene 1] en afgeluisterde telefoongesprekken tussen [betrokkene 1] en de verdachte.</para>
    <para>
      [betrokkene 1] heeft verklaard aan Hawala-bankieren te doen. Uit het onderzoek is gebleken dat [betrokkene 1] gedurende een periode van een jaar in ieder geval voor miljoenen euro's in contanten aan de verdachte heeft meegegeven.</para>
  </parablock>
  <para />
  <parablock>
    <para>(…)</para>
  </parablock>
  <para />
  <parablock>
    <para>Daarentegen is wel bij verdachte thuis in een meterkast een groot geldbedrag in contanten gevonden, welke feitelijkheid zich naar het oordeel van het hof slecht laat rijmen met verdachte's beweerdelijke (enkele) koeriersrol voor ' [betrokkene 1] '. Immers, aangenomen kan worden dat geldkoeriers over het algemeen vanwege de grote veiligheidsrisico's hun goederen zo snel mogelijk bij de geadresseerde pogen te krijgen. Ook het feit dat in verdachte's woning notitieboekjes zijn aangetroffen die betrekking lijken te hebben op opgehaald en weggebracht geld, en een tapgesprek tussen de verdachte, [betrokkene 1] en een derde persoon over geld van/voor verschillende personen wettigen naar het oordeel van het hof het sterke vermoeden dat de verdachte een grotere en meer zelfstandige rol binnen het Hawala-netwerk had, dan die van een louter in opdracht van één derde persoon opererende geldkoerier.</para>
  </parablock>
  <para />
  <parablock>
    <para>Gezien voorgaande feiten en omstandigheden gaat het hof er vanuit dat de verdachte als min of meer zelfstandig opererend onderdeel van een Hawala-netwerk onder meer veelvuldig grote contante geldbedragen haalde bij [betrokkene 1] en dat geld onder meer afleverde aan anonieme blanke Engels sprekende personen.</para>
  </parablock>
  <para />
  <parablock>
    <para>Het onderzoek heeft echter niet geresulteerd in direct bewijs dat de geldbedragen die de verdachte van [betrokkene 1] dan wel anderen heeft ontvangen van criminele herkomst waren. De oorsprong van de geldbedragen die de verdachte heeft ontvangen van [betrokkene 1] is niet komen vast te staan.</para>
  </parablock>
  <para />
  <parablock>
    <para>Dit betekent dat slechts dan tot een bewezenverklaring van witwassen kan worden gekomen als er gelet op alle omstandigheden waaronder de verdachte bedragen ontving en afgaf, een gerechtvaardigd vermoeden bestaat dat sprake is van witwassen en de verklaring die de verdachte over de herkomst van het geld geeft, niet zo onwaarschijnlijk is dat zij zonder meer terzijde kan worden geschoven. </para>
  </parablock>
  <para />
  <parablock>
    <para>
      <emphasis role="italic">Gerechtvaardigd vermoeden van witwassen</emphasis>
    </para>
  </parablock>
  <para />
  <parablock>
    <para>Het hof leidt uit de stukken van het dossier en het onderzoek ter terechtzitting af dat de door verdachte verrichte geldtransacties plaatsvonden onder omstandigheden die als zogenoemde typologieën van - en daarmee kenmerkend voor - witwassen zijn aan te merken.</para>
  </parablock>
  <para />
  <parablock>
    <para>De verdachte heeft meermalen grote geldbedragen van [betrokkene 1] ontvangen, vervoerd en afgegeven aan anderen, welke bedragen (overwegend) bestonden uit kleine coupures. De geldbedragen werden vervoerd (onder meer) in een schoenendoos, pakketten of plastic tassen. Deze wijze van vervoer van dergelijke grote geldbedragen is hoogst ongebruikelijk en gaat gepaard met aanzienlijke veiligheidsrisico's. De bedragen heeft de verdachte vervolgens afgeleverd aan voor hem anonieme, personen, die zich bedienden van aliassen als "[A]". In het telefoonverkeer tussen de verdachte en [betrokkene 1] over de geldbedragen, werd in versluierde taal over deze geldbedragen gesproken. Daarnaast werden de geldbedragen niet afgehaald bij een officiële bancaire instelling, maar bij een persoon in een woning, zodoende onttrokken aan het voor dit soort geldtransacties gebruikelijke (overheids)toezicht.</para>
  </parablock>
  <para />
  <parablock>
    <para>Naar het oordeel van het hof rechtvaardigen voormelde omstandigheden een vermoeden van witwassen van opbrengsten van misdrijven. Gelet op dit vermoeden mag van de verdachte worden verwacht dat hij een verklaring geeft over de herkomst van het geld.</para>
  </parablock>
  <para />
  <parablock>
    <para>
      <emphasis role="italic">Verklaring van de verdachte met betrekking tot de geldbedragen</emphasis>
    </para>
    <para>De verdachte heeft verklaard niet te weten wat de herkomst van het door hem bij [betrokkene 1] en anderen opgehaalde en vervolgens door hem afgeleverde geld was.</para>
    <para>De verdachte heeft aldus geen concrete, min of meer verifieerbare verklaring gegeven waaruit zou kunnen worden afgeleid dat deze geldbedragen - ondanks het vermoeden van witwassen - toch een legale herkomst hebben. Dat betekent dat het niet anders kan dan dat dit goed uit enig misdrijf afkomstig is.</para>
  </parablock>
  <para />
  <parablock>
    <para>
      <emphasis role="italic">Wetenschap</emphasis>
    </para>
  </parablock>
  <para />
  <parablock>
    <para>De verdachte heeft verklaard dat hij meermalen grote contante geldbedragen van de Hawala-bankier [betrokkene 1] heeft ontvangen en vervolgens heeft vervoerd en aan anonieme personen heeft overhandigd. Daarnaast is aannemelijk dat de verdachte ook van andere personen geldbedragen heeft ontvangen. Voorts is gebleken dat de verdachte met [betrokkene 1] in codetaal over de geldbedragen heeft gesproken en voorts is gebruik gemaakt van zogenaamde "tokens" om de anonimiteit van de betrokken personen te verhullen.</para>
  </parablock>
  <para />
  <parablock>
    <para>Daarnaast is, zoals hierboven overwogen, vastgesteld dat het aannemelijk is dat de verdachte bij al dit geldverkeer een grotere rol had dan die van louter geldkoerier.</para>
  </parablock>
  <para />
  <parablock>
    <para>De verdachte heeft echter omtrent de anonieme personen van wie het geld afkomstig was c.q. voor wie het bestemd was en hun activiteiten niet willen verklaren. Evenmin heeft hij verklaard dat hij naar deze personen en/of de herkomst van het geld op enig moment ook maar enig onderzoek heeft ingesteld. Verdachte heeft evenmin een verklaring gegeven waaruit zou kunnen blijken dat hij een legale herkomst van het geld kende dan wel vermoedde.</para>
    <para>Uit het voorgaande volgt naar het oordeel van het hof dat de verdachte hetzij wist van de criminele herkomst van het geld, hetzij dit vermoedde, maar er voor koos daar verder geen navraag naar te doen.</para>
  </parablock>
  <para />
  <parablock>
    <para>Gezien deze feiten en omstandigheden is het hof van oordeel dat de verdachte zich minst genomen willens en wetens heeft blootgesteld aan de aanmerkelijke kans dat het geld van misdrijf afkomstig was.”</para>
    <para />
  </parablock>
  <parablock>
    <para>11. Uit de door het hof gebezigde bewijsmiddelen blijkt voorts dat de verdachte heeft verklaard dat hij bang was de “tas” weg te brengen in verband met de politie (bewijsmiddel 3), dat de verdachte niet weet waar het geld vandaan komt, maar dat hij soms wel bang is (bewijsmiddel 4), dat het zou kunnen dat hij in de afgelopen twee maanden 6 miljoen euro of meer bij “ [betrokkene 2] ” aan de [a-straat 1] heeft opgehaald en dat hij nooit heeft gevraagd waar het geld vandaan komt (bewijsmiddel 6). </para>
    <para />
    <para>12. Het in de bestreden uitspraak besloten liggende oordeel dat de verdachte (ten minste) bewust de aanmerkelijke kans heeft aanvaard dat dat de geldbedragen afkomstig waren van enig misdrijf getuigt niet van een onjuiste rechtsopvatting, is in het licht van de door het hof vastgestelde feiten niet onbegrijpelijk en toereikend gemotiveerd. Daaraan doet niet af dat het hof heeft overwogen “dat de verdachte hetzij wist van de criminele herkomst van het geld, hetzij dit vermoedde, maar er voor koos daar verder geen navraag naar te doen”. Het hof heeft zijn bewoordingen minder gelukkig gekozen, omdat in de overweging een tegenstelling wordt gesuggereerd tussen ‘wetende dat’ en ‘vermoeden’. Ik lees de overweging echter aldus, dat het hof tot uitdrukking heeft gebracht dat de verdachte hetzij (zeker) wist dat de geldbedragen van misdrijf afkomstig waren (onvoorwaardelijk opzet) hetzij wetenschap had van de aanmerkelijke kans dat deze van misdrijf afkomstig waren (‘vermoeden’) en bewust deze aanmerkelijke kans heeft aanvaard. Aldus gelezen, getuigt zijn oordeel niet van een onjuiste rechtsopvatting. Aan de begrijpelijkheid van het oordeel van het hof doet evenmin af dat het hiervoor onder 9 geciteerde verklaringen van de verdachte tot het bewijs heeft gebezigd. De omstandigheid dat de verdachte niet weet waar het geld vandaan komt, laat immers onverlet dat hij wel bewust de aanmerkelijke kans kan hebben aanvaard dat het geld uit – enig – misdrijf afkomstig is. </para>
    <para />
    <para>13. Het middel is tevergeefs voorgesteld.</para>
    <para />
    <para>14. Het <emphasis role="underline">vierde middel</emphasis> behelst de klacht dat de inzendtermijn in cassatie is overschreden.</para>
    <para />
    <para>15. Namens de verdachte is op 16 juni 2016 beroep in cassatie ingesteld. De stukken van het geding zijn op 29 maart 2018 ter griffie van de Hoge Raad binnengekomen. Dat brengt met zich dat de inzendtermijn is overschreden, zodat het middel slaagt. Daarbij komt dat de Hoge Raad uitspraak doet meer dan twee jaren nadat het beroep in cassatie is ingesteld. De duur van de opgelegde gevangenisstraf moet dan ook worden verminderd.</para>
    <para />
    <para>16. Het vierde middel slaagt. Het tweede en derde middel zijn tevergeefs voorgesteld en kunnen worden afgedaan met de aan art. 81, eerste lid, RO ontleende overweging</para>
    <para />
    <para>17. Ambtshalve vraag ik aandacht voor het volgende. De hiervoor onder 2 vermelde feiten waren ten tijde van het begaan daarvan bij art. 3 Wet inzake de geldtransactiekantoren (oud) jo. art. 1, onder 2°, (oud) WED jo. art. 2, eerste lid, WED jo. art. 6, eerste lid, onder 2° (oud) WED strafbaar gesteld als misdrijf waarop een gevangenisstraf van ten hoogste twee jaren was gesteld. Ingevolge art. 70, eerste lid, onder 2°, Sr jo. art. 72, tweede lid, Sr vervalt het recht tot strafvordering ten aanzien van dit feit twee maal zes jaren nadat de oorspronkelijke verjaringstermijn is aangevangen.<footnote-ref linkend="_55640787-26fb-48d8-8859-24b34075d2ad" /> De termijn van verjaring vangt aan op de dag na die waarop het feit is gepleegd (art. 71 Sr). Het onder 2 ten laste gelegde feit is begaan in de periode van 1 oktober 2006 tot en met 17 april 2007. Het bewezen verklaarde is gekwalificeerd als "medeplegen van overtreding van een voorschrift gesteld bij artikel 3 van de Wet inzake de geldtransactiekantoren, opzettelijk begaan, meermalen gepleegd", zodat het hof het bewezen verklaarde kennelijk niet heeft beschouwd als een voortdurend delict. Dat betekent dat de onder 2 ten laste gelegde feiten ten tijde van het nemen van deze aanvullende conclusie zijn verjaard voor zover deze zijn gepleegd in de periode van 1 oktober 2006 tot en met 12 maart 2007, terwijl de feiten op 18 april 2019 volledig zijn verjaard.<footnote-ref linkend="_a6f0521a-4230-49fd-97b2-76ffdcfa042c" /> Eén en ander dient ertoe te leiden dat het openbaar ministerie in zijn vervolging alsnog gedeeltelijk niet-ontvankelijk wordt verklaard.<footnote-ref linkend="_579929e7-1a8b-49e7-a587-56784d6a2597" /></para>
  </parablock>
  <para />
  <para>18. Deze conclusie strekt tot vernietiging van het bestreden arrest, maar uitsluitend wat betreft de beslissingen ten aanzien van het onder 2 ten laste gelegde en de strafoplegging en tot zodanige op art. 440 Sv gegronde beslissing als de Hoge Raad passend voorkomt.</para>
  <para />
  <parablock>
    <para>De Procureur-Generaal bij de Hoge Raad der Nederlanden</para>
  </parablock>
  <para />
  <parablock>
    <para>AG</para>
  </parablock>
  <para />
  <footnote id="_50f1652c-6f39-4680-bb6a-8c63ebd636bc" label="1">
    <para> Bij ‘akte partiële intrekking cassatie’ is het beroep partieel ingetrokken. Het cassatieberoep richt zich niet langer tegen de beslissing van het hof waarbij de dagvaarding ten aanzien van het onder 3 ten laste gelegde nietig is verklaard. </para>
  </footnote>
  <footnote id="_fbf3b403-6345-4f9c-b5e0-8d6161fd8817" label="2">
    <para> Vgl. het tussenarrest van 22 januari 2019. </para>
  </footnote>
  <footnote id="_371688bd-fc33-4f95-b3c9-42584438de47" label="3">
    <para> Vgl. HR 7 juni 2016, ECLI:NL:HR:2014:1005 en HR 4 februari 2014, ECLI:NL:HR:2014:234.</para>
  </footnote>
  <footnote id="_55640787-26fb-48d8-8859-24b34075d2ad" label="4">
    <para> De verjaringstermijn ten aanzien van misdrijven waarop een geldboete, hechtenis of gevangenisstraf van niet meer dan drie jaren is gesteld (art. 70, eerste lid, onder 2°, Sr) is tussen de ten laste gelegde periode en nu niet veranderd. Zie over verandering van wetgeving wat betreft de bepalingen over verjaring onder meer HR 29 januari 2010, ECLI:NL:HR:2010:BK1998, <emphasis role="italic">NJ </emphasis>2010/231 m.nt. Rozemond.</para>
  </footnote>
  <footnote id="_a6f0521a-4230-49fd-97b2-76ffdcfa042c" label="5">
    <para> Als sprake was geweest van een voortdurend delict of één misdrijf, zou de verjaringstermijn voor het gehele feit zijn aangevangen op 18 april 2007. Vgl. onder meer HR 21 januari 2007, ECLI:NL:HR:2007:AZ3863 en HR 1 november 2016, ECLI:NL:HR:2016:2457, <emphasis role="italic">NJ </emphasis>2017/52 m.nt. Mevis.</para>
  </footnote>
  <footnote id="_579929e7-1a8b-49e7-a587-56784d6a2597" label="6">
    <para> Vgl. HR 30 oktober 2018, ECLI:NL:HR:2018:2022, <emphasis role="italic">NJ </emphasis>2018/475 m.nt. Vellinga, rov. 3.4: de Hoge Raad grijpt ambtshalve in ingeval de termijn van verjaring is vervuld tussen de indiening van de schriftuur en de uitspraak van het arrest omdat in dat geval niet bij wege van een middel van cassatie beroep kon worden gedaan op het alsnog intreden van de niet-ontvankelijkheid van het openbaar ministerie in de vervolging. De schriftuur in de onderhavige zaak is ingediend op 30 juli 2018. De termijn van verjaring is vervuld vanaf 2 oktober 2018, dus ná het indienen van de schriftuur.</para>
  </footnote>
</conclusie>
</open-rechtspraak>