<?xml version="1.0" encoding="utf-8"?>
<open-rechtspraak>
  <rdf:RDF xmlns:rdf="http://www.w3.org/1999/02/22-rdf-syntax-ns#" xmlns:ecli="https://e-justice.europa.eu/ecli" xmlns:tr="http://tuchtrecht.overheid.nl/" xmlns:eu="http://publications.europa.eu/celex/" xmlns:dcterms="http://purl.org/dc/terms/" xmlns:bwb="bwb-dl" xmlns:cvdr="http://decentrale.regelgeving.overheid.nl/cvdr/" xmlns:psi="http://psi.rechtspraak.nl/" xmlns:rdfs="http://www.w3.org/2000/01/rdf-schema#">
    <rdf:Description>
      <dcterms:identifier>ECLI:NL:GHARL:2019:2286</dcterms:identifier>
      <dcterms:format>text/xml</dcterms:format>
      <dcterms:accessRights>public</dcterms:accessRights>
      <dcterms:modified>2019-04-08T14:39:30</dcterms:modified>
      <dcterms:issued rdfs:label="Publicatiedatum">2019-03-13</dcterms:issued>
      <dcterms:publisher resourceIdentifier="http://rechtspraak.nl/">Raad voor de Rechtspraak</dcterms:publisher>
      <dcterms:language>nl</dcterms:language>
      <dcterms:creator rdfs:label="Instantie" resourceIdentifier="http://standaarden.overheid.nl/owms/terms/Gerechtshof_Arnhem-Leeuwarden" scheme="overheid.RechterlijkeMacht">Gerechtshof Arnhem-Leeuwarden</dcterms:creator>
      <dcterms:date rdfs:label="Uitspraakdatum">2019-03-13</dcterms:date>
      <psi:zaaknummer rdfs:label="Zaaknr">WAHV 200.204.007</psi:zaaknummer>
      <dcterms:type rdf:language="nl" resourceIdentifier="http://psi.rechtspraak.nl/uitspraak">Uitspraak</dcterms:type>
      <psi:procedure rdf:language="nl" rdfs:label="Procedure" resourceIdentifier="http://psi.rechtspraak.nl/procedure#hogerBeroep">Hoger beroep</psi:procedure>
      <dcterms:coverage>NL</dcterms:coverage>
      <dcterms:spatial rdfs:label="Zittingsplaats">Leeuwarden</dcterms:spatial>
      <dcterms:subject rdfs:label="Rechtsgebied" resourceIdentifier="http://psi.rechtspraak.nl/rechtsgebied#strafrecht_strafprocesrecht">Strafrecht; Strafprocesrecht</dcterms:subject>
      <dcterms:hasVersion rdfs:label="Vindplaatsen" resourceIdentifier="http://psi.rechtspraak.nl/vindplaats">
        <rdf:list>
          <rdf:li>Rechtspraak.nl</rdf:li>
        </rdf:list>
      </dcterms:hasVersion>
    </rdf:Description>
    <rdf:Description rdf:about="http://deeplink.rechtspraak.nl/uitspraak?id=ECLI:NL:GHARL:2019:2286">
      <dcterms:identifier>http://deeplink.rechtspraak.nl/uitspraak?id=ECLI:NL:GHARL:2019:2286</dcterms:identifier>
      <dcterms:format>text/html</dcterms:format>
      <dcterms:accessRights>public</dcterms:accessRights>
      <dcterms:modified>2019-04-08T09:33:41</dcterms:modified>
      <dcterms:issued rdfs:label="Publicatiedatum">2019-04-08</dcterms:issued>
      <dcterms:publisher resourceIdentifier="http://rechtspraak.nl/">Raad voor de Rechtspraak</dcterms:publisher>
      <dcterms:language>nl</dcterms:language>
      <dcterms:title rdf:language="nl">ECLI:NL:GHARL:2019:2286 Gerechtshof Arnhem-Leeuwarden , 13-03-2019 / WAHV 200.204.007</dcterms:title>
      <dcterms:abstract resourceIdentifier="../../rs:inhoudsindicatie" />
    </rdf:Description>
  </rdf:RDF>
  <inhoudsindicatie id="ECLI:NL:GHARL:2019:2286:INH" lang="nl" xml:space="preserve" xmlns="http://www.rechtspraak.nl/schema/rechtspraak-1.0" xmlns:xsd="http://www.w3.org/2001/XMLSchema" xmlns:xsi="http://www.w3.org/2001/XMLSchema-instance">
      <parablock>
        <para>Snelheid. Betrouwbaarheid meting. In hoger beroep is door de advocaat-generaal een aanvullend proces-verbaal overgelegd. Het hof deelt niet de opvatting van de gemachtigde dat de advocaat-generaal in deze fase van de procedure geen aanvullende stukken meer mocht inbrengen. Die stukken betreffen een nadere toelichting naar aanleiding van de door de </para>
        <para>gemachtigde aangevoerde gronden, die de gemachtigde pas in hoger beroep naar voren heeft gebracht bij het aanvullen van de gronden. Het hof ziet geen aanleiding te twijfelen aan de betrouwbaarheid van de snelheidsmeting en dat de gedraging is begaan met het voertuig van de betrokkene.</para>
      </parablock>
    </inhoudsindicatie>
  <uitspraak id="ECLI:NL:GHARL:2019:2286:DOC" lang="nl" xml:space="preserve" xmlns="http://www.rechtspraak.nl/schema/rechtspraak-1.0" xmlns:xsd="http://www.w3.org/2001/XMLSchema" xmlns:xsi="http://www.w3.org/2001/XMLSchema-instance" xmlns:xlink="http://www.w3.org/1999/xlink">
  <uitspraak.info>
    <para />
    <para />
    <para>
      <emphasis role="bold">WAHV 200.204.007</emphasis>
    </para>
    <para>13 maart 2019</para>
    <parablock>
      <para>CJIB 192484725</para>
      <para />
    </parablock>
    <parablock>
      <para>
        <emphasis role="bold">Gerechtshof Arnhem-Leeuwarden</emphasis>
      </para>
      <para>
        <emphasis role="bold">zittingsplaats Leeuwarden</emphasis>
      </para>
    </parablock>
    <para>
      <emphasis role="bold">Arrest</emphasis>
    </para>
    <para>op het hoger beroep tegen de beslissing</para>
    <para>van de kantonrechter van de rechtbank Gelderland</para>
    <para>van 1 november 2016</para>
    <para>betreffende</para>
    <para>
      [betrokkene] (hierna te noemen: betrokkene),</para>
    <parablock>
      <para>wonende te [A] ,</para>
      <para />
    </parablock>
    <parablock>
      <para>voor wie als gemachtigde optreedt mr. [B] , </para>
      <para>kantoorhoudende te [C] .</para>
      <para />
    </parablock>
    <para />
    <para />
    <bridgehead role="bold">Het tussenarrest</bridgehead>
    <para>De inhoud van het tussenarrest van 13 september 2018 wordt hier overgenomen. </para>
    <para />
    <para />
  </uitspraak.info>
  <section role="procesverloop">
    <title>Het verdere procesverloop</title>
    <parablock>
      <para>De gemachtigde van de betrokkene heeft bij brief van 13 november 2018 de gronden van het beroep aangevuld.</para>
      <para>Op 12 december 2018 is van de advocaat-generaal een aanvullend proces-verbaal met fotobijlagen ontvangen.<?linebreak?>De zaak is behandeld op de zitting van 27 februari 2019. Namens de betrokkene is niemand verschenen. De advocaat-generaal is vertegenwoordigd door mr. [D] . </para>
    </parablock>
    <para />
  </section>
  <section>
    <title>Beoordeling</title>
    <orderedlist numeration="arabic">
      <listitem>
        <para>Gelet op de inhoud van het tussenarrest, waarin is overwogen dat niet kan worden vastgesteld dat de betrokkene behoorlijk is opgeroepen voor de zitting van de kantonrechter, zal het hof de beslissing van de kantonrechter vernietigen en het beroep tegen de beslissing van de officier van justitie beoordelen. <?linebreak?></para>
      </listitem>
      <listitem>
        <para>De gemachtigde van de betrokkene voert onder meer aan dat de hoorplicht is geschonden. </para>
      </listitem>
    </orderedlist>
    <para />
    <para>3. Het hof stelt vast dat het verzoek om te worden gehoord in administratief beroep op de juiste wijze is gedaan en dat zich geen uitzonderingsgevallen voordoen. De officier van justitie had de gemachtigde dan ook moeten horen. Het hof zal daarom - in het licht van bestendige, bekende en niet nader te bespreken vaste rechtspraak van het hof op dit punt - het beroep gegrond verklaren en de beslissing van de officier van justitie vernietigen. </para>
    <para />
    <para>4.  Aan de betrokkene is als kentekenhouder bij inleidende beschikking een administratieve sanctie van € 61,- opgelegd ter zake van “overschrijding maximum snelheid op autosnelwegen, met 10 km/h (verkeersbord A1)”, welke gedraging zou zijn verricht op <?linebreak?>17 september 2015 om 09.47uur op de A50 (trajectcontrole rechts) borden bij hectometerpaal 160,0 te Heteren met het voertuig met het kenteken [00-YY-YY] .</para>
    <para />
    <para>5. Ten aanzien van de gedraging heeft de gemachtigde aangevoerd dat op de foto waarop een kenteken zou moeten staan het kenteken niet zichtbaar is en op de foto waarop het kenteken van één van de twee voertuigen is uitvergroot de databalken onleesbaar zijn. Door dit laatste is het voor de betrokkene onmogelijk om de validiteit van de foto, de meting en gebruikte apparatuur te verifiëren. De betrokkene zou deze graag willen controleren, nu er sprake is van een radarmeting en op de foto op gelijke hoogte twee voertuigen zichtbaar zijn. Aldus is onduidelijk welk voertuig de radarmeter heeft getriggerd en of het juiste kenteken is uitgelezen. De gedraging is daarom niet komen vast te staan.  <?linebreak?></para>
    <para>6. De gegevens waarop de ambtenaar zich bij de oplegging van de sanctie heeft gebaseerd, zijn opgenomen in het zaakoverzicht. Dit zaakoverzicht bevat de informatie die in de inleidende beschikking is vermeld en daarnaast onder meer de volgende gegevens: </para>
    <para>"De werkelijke snelheid stelde ik vast m.b.v. een voor de meting geteste, goedgekeurde en op de voorgeschreven wijze gebruikte snelheidsmeetmiddel.<?linebreak?>Gemeten (afgelezen) snelheid : 114 km per uur.<?linebreak?>Werkelijke (gecorrigeerde) snelheid : 110 km per uur.<?linebreak?>Toegestane snelheid : 100 km per uur.<?linebreak?>Overschrijding met : 10 km per uur.<?linebreak?>(…)<?linebreak?>Merk soort radar: Jenoptik Robot GMBH, type: Multaradar CT<?linebreak?>Setnummer: LE003<?linebreak?>IJkdatum: 05-12-2014<?linebreak?>(…) <?linebreak?>Merk van het voertuig: Seat<?linebreak?>Type van het voertuig: Leon"<?linebreak?></para>
    <para>7. Het dossier bevat twee foto's van de gedraging. Op de eerste foto zijn twee voertuigen zichtbaar, een Seat Leon en een Renault Clio. De Seat Leon bevindt zich op de meest linker rijbaan en Renault Clio rijdt daarnaast op de middelste rijbaan. Onder deze foto wordt het kenteken " [00-YY-YY] " vergroot weergegeven. In de gegevens bij de foto staan onder meer "Rijstrook: 3" en de gemeten snelheid van 114 km/u vermeld. De tweede foto betreft een uitvergroting van de achterkant van de Seat Leon, waarbij het kenteken niet leesbaar is. <?linebreak?></para>
    <para>8. Door de advocaat-generaal is in hoger beroep een aanvullend proces-verbaal van <?linebreak?>26 november 2018 overgelegd, waarin de verbalisant onder meer het volgende verklaart:<?linebreak?>"Ingevolge de voorschriften dient een overtreder op de foto binnen het meetgebied te staan. (…) Het strekt zich uit vanaf de verticale middenlijn over een breedte van 1/15 deel van de foto, en in de rijrichting. Op de bijlage kopie van de gedraging is dit (…) ingetekend. De voorschriften geven ook aan dat het betrokken voertuig alleen binnen het meetgebied moet staan en dat deze zich op de aangegeven  "lane..rijstrook" moet bevinden. Geteld vanaf de radarapparatuur is dat lane 3. Aan de voorwaarden is derhalve voldaan. Het tweede voertuig welke zichtbaar op de foto aanwezig is staat duidelijk buiten het meetgebied."<?linebreak?>Als bijlagen zijn de foto's van de gedraging toegevoegd, waarop onder meer het radarmeetgebied is gemarkeerd en "Lane 3" in de gegevens van de databalk is omcirkeld.</para>
    <para />
    <para>9. Het hof deelt niet de opvatting van de gemachtigde dat de advocaat-generaal in deze fase van de procedure geen aanvullende stukken meer mocht inbrengen. Het aanvullend proces-verbaal en de daarbij behorende foto's betreffen immers een nadere toelichting naar aanleiding van de door de gemachtigde aangevoerde gronden, welke hij pas in hoger beroep naar voren heeft gebracht bij het aanvullen van de gronden. De aanvullende stukken zullen daarom worden meegewogen bij de beoordeling.<?linebreak?></para>
    <para>10. Het hof ziet in hetgeen de gemachtigde heeft aangevoerd geen aanleiding om te twijfelen aan de betrouwbaarheid van de snelheidsmeting. Onder verwijzing naar het arrest van het hof van 23 mei 2016 (ECLI:NL:GHARL:2016:3930), overweegt het hof dat als de andere personenauto gelijktijdig gemeten zou zijn er geen snelheid zou zijn getoond en er ook geen opname zou zijn gemaakt vanwege gereflecteerde metingen. Het hof is dan ook van oordeel dat uit de gegevens in het zaakoverzicht, de foto's van de gedraging en de nadere toelichting van de verbalisant ten aanzien van die foto's is komen vast te staan dat met het voertuig van de betrokkene de onder 4. vermelde gedraging is begaan. <?linebreak?></para>
    <para>11. Het hof zal het beroep tegen de inleidende beschikking ongegrond verklaren.<?linebreak?></para>
    <para>12. De proceskosten komen voor vergoeding in aanmerking. Aan het indienen van het beroepschrift bij de kantonrechter en het hoger beroepschrift dienen in totaal twee procespunten te worden toegekend. Het indienen van de aanvullende gronden tegen de beslissing van de officier van justitie komt naar het oordeel van het hof niet voor vergoeding in aanmerking, omdat de gemachtigde deze gronden eerder in de procedure had moeten aanvoeren. De waarde per punt bedraagt € 512,- en gelet op de aard van de zaak wordt de wegingsfactor 0,5 (gewicht van de zaak = licht) toegepast. Aldus zal het hof de advocaat-generaal veroordelen in de kosten tot een bedrag van € 512,-.<?linebreak?></para>
  </section>
  <section role="beslissing">
    <title>Beslissing</title>
    <para>Het gerechtshof:</para>
    <para />
    <parablock>
      <para>vernietigt de beslissing van de kantonrechter;</para>
    </parablock>
    <para />
    <parablock>
      <para>verklaart het beroep tegen de beslissing van de officier van justitie gegrond en vernietigt die beslissing;</para>
    </parablock>
    <para />
    <parablock>
      <para>verklaart het beroep tegen de inleidende beschikking ongegrond;</para>
    </parablock>
    <para />
    <parablock>
      <para>veroordeelt de advocaat-generaal tot het vergoeden van de proceskosten van de betrokkene, ter hoogte van € 512,-.</para>
    </parablock>
    <para />
    <parablock>
      <para>Dit arrest is gewezen door mr. Wijma, in tegenwoordigheid van mr. Verstraaten als griffier, en uitgesproken ter openbare zitting.</para>
    </parablock>
    <para />
  </section>
</uitspraak>
</open-rechtspraak>