<?xml version="1.0" encoding="utf-8"?>
<open-rechtspraak>
  <rdf:RDF xmlns:rdf="http://www.w3.org/1999/02/22-rdf-syntax-ns#" xmlns:ecli="https://e-justice.europa.eu/ecli" xmlns:tr="http://tuchtrecht.overheid.nl/" xmlns:eu="http://publications.europa.eu/celex/" xmlns:dcterms="http://purl.org/dc/terms/" xmlns:bwb="bwb-dl" xmlns:cvdr="http://decentrale.regelgeving.overheid.nl/cvdr/" xmlns:psi="http://psi.rechtspraak.nl/" xmlns:rdfs="http://www.w3.org/2000/01/rdf-schema#">
    <rdf:Description>
      <dcterms:identifier>ECLI:NL:GHARL:2019:2708</dcterms:identifier>
      <dcterms:format>text/xml</dcterms:format>
      <dcterms:accessRights>public</dcterms:accessRights>
      <dcterms:modified>2019-03-28T08:00:05</dcterms:modified>
      <dcterms:issued rdfs:label="Publicatiedatum">2019-03-26</dcterms:issued>
      <dcterms:publisher resourceIdentifier="http://rechtspraak.nl/">Raad voor de Rechtspraak</dcterms:publisher>
      <dcterms:language>nl</dcterms:language>
      <dcterms:creator rdfs:label="Instantie" resourceIdentifier="http://standaarden.overheid.nl/owms/terms/Gerechtshof_Arnhem-Leeuwarden" scheme="overheid.RechterlijkeMacht">Gerechtshof Arnhem-Leeuwarden</dcterms:creator>
      <dcterms:date rdfs:label="Uitspraakdatum">2019-03-26</dcterms:date>
      <psi:zaaknummer rdfs:label="Zaaknr">200.250.657/01</psi:zaaknummer>
      <dcterms:type rdf:language="nl" resourceIdentifier="http://psi.rechtspraak.nl/uitspraak">Uitspraak</dcterms:type>
      <psi:procedure rdf:language="nl" rdfs:label="Procedure" resourceIdentifier="http://psi.rechtspraak.nl/procedure#hogerBeroep">Hoger beroep</psi:procedure>
      <dcterms:coverage>NL</dcterms:coverage>
      <dcterms:spatial rdfs:label="Zittingsplaats">Leeuwarden</dcterms:spatial>
      <dcterms:subject rdfs:label="Rechtsgebied" resourceIdentifier="http://psi.rechtspraak.nl/rechtsgebied#civielRecht">Civiel recht</dcterms:subject>
      <dcterms:hasVersion rdfs:label="Vindplaatsen" resourceIdentifier="http://psi.rechtspraak.nl/vindplaats">
        <rdf:list>
          <rdf:li>Rechtspraak.nl</rdf:li>
        </rdf:list>
      </dcterms:hasVersion>
    </rdf:Description>
    <rdf:Description rdf:about="http://deeplink.rechtspraak.nl/uitspraak?id=ECLI:NL:GHARL:2019:2708">
      <dcterms:identifier>http://deeplink.rechtspraak.nl/uitspraak?id=ECLI:NL:GHARL:2019:2708</dcterms:identifier>
      <dcterms:format>text/html</dcterms:format>
      <dcterms:accessRights>public</dcterms:accessRights>
      <dcterms:modified>2019-03-27T12:47:37</dcterms:modified>
      <dcterms:issued rdfs:label="Publicatiedatum">2019-03-28</dcterms:issued>
      <dcterms:publisher resourceIdentifier="http://rechtspraak.nl/">Raad voor de Rechtspraak</dcterms:publisher>
      <dcterms:language>nl</dcterms:language>
      <dcterms:title rdf:language="nl">ECLI:NL:GHARL:2019:2708 Gerechtshof Arnhem-Leeuwarden , 26-03-2019 / 200.250.657/01</dcterms:title>
      <dcterms:abstract resourceIdentifier="../../rs:inhoudsindicatie" />
    </rdf:Description>
  </rdf:RDF>
  <inhoudsindicatie id="ECLI:NL:GHARL:2019:2708:INH" lang="nl" xml:space="preserve" xmlns="http://www.rechtspraak.nl/schema/rechtspraak-1.0" xmlns:xsd="http://www.w3.org/2001/XMLSchema" xmlns:xsi="http://www.w3.org/2001/XMLSchema-instance">
      <para>Kort geding tegen executie op grond van recht van hypotheek, verstrekt aan (voormalige) Frieslandbank. Is Rabobank gerechtigd de aan het recht van hypotheek verbonden rechten te effectueren?</para>
    </inhoudsindicatie>
  <uitspraak id="ECLI:NL:GHARL:2019:2708:DOC" lang="nl" xml:space="preserve" xmlns="http://www.rechtspraak.nl/schema/rechtspraak-1.0" xmlns:xsd="http://www.w3.org/2001/XMLSchema" xmlns:xsi="http://www.w3.org/2001/XMLSchema-instance" xmlns:xlink="http://www.w3.org/1999/xlink">
  <uitspraak.info>
    <para />
    <parablock>
      <para>
        <emphasis role="bold">GERECHTSHOF ARNHEM-LEEUWARDEN </emphasis>
      </para>
    </parablock>
    <para />
    <parablock>
      <para>locatie Leeuwarden</para>
    </parablock>
    <para />
    <parablock>
      <para>afdeling civiel recht, handel</para>
    </parablock>
    <para />
    <parablock>
      <para>zaaknummer gerechtshof 200.250.657/01</para>
      <para>(zaaknummer rechtbank Noord-Nederland C/17/144711 / KG ZA 15-289)</para>
    </parablock>
    <para />
    <para />
    <parablock>
      <para>
        <emphasis role="bold">arrest in kort geding van 26 maart 2019 </emphasis>
      </para>
    </parablock>
    <para />
    <parablock>
      <para>in de zaak van</para>
    </parablock>
    <para />
    <parablock>
      <para>
        <emphasis role="bold">
          [appellant] ,</emphasis>
      </para>
      <para>wonende te [A] ,</para>
      <para>appellant,</para>
      <para>in eerste aanleg: eiser,</para>
      <para>hierna: <emphasis role="bold">[appellant]</emphasis>,</para>
      <para>advocaat: mr. G.P. Wempe, kantoorhoudend te Drachten,</para>
    </parablock>
    <para />
    <para />
    <parablock>
      <para>tegen</para>
    </parablock>
    <para />
    <para />
    <parablock>
      <para>
        <emphasis role="bold">Coöperatieve Rabobank U.A.,</emphasis>
        <?linebreak?>statutair gevestigd te Amsterdam,<?linebreak?>hierna: <emphasis role="bold">Rabobank</emphasis>, <?linebreak?>als gevolg van fusie rechtsopvolgster onder algemene titel van<?linebreak?><emphasis role="bold">Coöperatieve Rabobank Sneek-Zuidwestfriesland U.A.,</emphasis></para>
      <para>gevestigd te Sneek,</para>
      <para>geïntimeerde,</para>
      <para>in eerste aanleg: gedaagde,</para>
      <para>hierna: <emphasis role="bold">Rabobank Sneek</emphasis>,</para>
      <para>advocaat: mr. D.J. Kramer, kantoorhoudend te Oosterbeek.</para>
    </parablock>
    <para />
    <parablock>
      <para>
        <?linebreak?>Het hof neemt het arrest van 12 januari 2016 hier over.</para>
    </parablock>
    <para />
  </uitspraak.info>
  <section>
    <title>
      <nr>1</nr>
      <?linebreak?>1.	Het verdere verloop van de procedure in hoger beroep <?linebreak?></title>
    <paragroup>
      <nr>1.1</nr>
      <para>In genoemd arrest heeft het hof een comparitie van partijen bepaald. Deze comparitie is op 17 februari  2016 gehouden. Het proces-verbaal van de comparitie bevindt zich bij de stukken. Uit dat proces-verbaal volgt dat partijen op hoofdlijnen overeenstemming hebben bereikt over een minnelijke regeling en hebben afgesproken dat zij de details van de regeling zelf zullen uitwerken. Zodra dat is gebeurd, zullen zij het hof informeren. De zaak is daarop verwezen naar de rol van 1 maart 2016 voor doorhaling.</para>
      <para />
    </paragroup>
    <paragroup>
      <nr>1.2</nr>
      <para>Op de rol van 1 maart 2016 is de zaak doorgehaald. </para>
      <para />
    </paragroup>
    <paragroup>
      <nr>1.3</nr>
      <parablock>
        <para>Bij exploot van 14 november 2018, gevolgd door een herstelexploot van </para>
        <para>26 november 2018, heeft Rabobank [appellant] opgeroepen voor de zitting van het hof van </para>
        <para>18 december 2018 om verder te procederen.</para>
      </parablock>
      <para />
    </paragroup>
    <paragroup>
      <nr>1.4</nr>
      <para>Vervolgens hebben partijen de volgende processtukken gewisseld:<?linebreak?>-	een akte (met producties) van de zijde van Rabobank;<?linebreak?>-	een antwoordakte (met een productie) van de zijde van [appellant] .</para>
      <para />
    </paragroup>
    <paragroup>
      <nr>1.5</nr>
      <para>Ten slotte hebben partijen de processtukken opnieuw ingediend en heeft het hof arrest bepaald.</para>
      <para />
    </paragroup>
  </section>
  <section>
    <title>
      <nr>2</nr>
      <?linebreak?>2.	Nieuwe productie [appellant]</title>
    <para />
    <paragroup>
      <nr>2.1</nr>
      <para>Het hof stelt vast dat de door [appellant] bij antwoordakte overgelegde productie een omvangrijk schriftelijk betoog van [appellant] zelf is. De status van dat stuk is het hof onduidelijk. Het stuk is bovendien, minst genomen, weinig coherent en (daardoor) voor het hof nauwelijks begrijpelijk. Uit de akte blijkt niet wat de functie van het stuk is en op welke onderdelen van het stuk [appellant] zich beroept. Het hof zal het om deze redenen buiten beschouwing laten. Van het hof kan niet verwacht worden dat het probeert een duiding te geven aan lange cryptische teksten zonder dat het processtuk waarbij het stuk is gevoegd duidelijk maakt op welke onderdelen van het stuk een beroep wordt gedaan en wat het stuk wil zeggen.  <?linebreak?></para>
    </paragroup>
  </section>
  <section>
    <title>
      <nr>3</nr>
      <?linebreak?>3.	Verder over de grieven</title>
    <para />
    <paragroup>
      <nr>3.1</nr>
      <para>Het gaat erom of Rabobank op 27 februari 2015 gerechtigd was de leningovereenkomsten (in het arrest van 12 januari 2016 aangeduid als lening A en lening B) op te zeggen die destijds waren aangegaan tussen [appellant] en Friesland Bank N.V. (hierna: Friesland Bank) en vervolgens terecht op 23 juli 2015 de openbare verkoop van de woning van [appellant] , waarop ten behoeve van Friesland bank een recht van hypotheek was gevestigd tot zekerheid van de nakoming door [appellant] van zijn verplichtingen uit de beide leningovereenkomsten, heeft aangezegd.  </para>
      <para />
    </paragroup>
    <paragroup>
      <nr>3.2</nr>
      <para>Rabobank heeft zich erop beroepen dat zij door contractsoverneming in de plaats van Friesland bank de contractspartij van [appellant] is geworden in de beide leningovereenkomsten. Bovendien heeft zij zich erop beroepen dat Friesland Bank haar volmacht heeft verleend om namens haar tot executie van het recht van hypotheek over te gaan.</para>
      <para />
    </paragroup>
    <paragroup>
      <nr>3.3</nr>
      <para>In het tussenarrest heeft het hof [appellant] in de gelegenheid gesteld zich uit te laten over het door Rabobank voor het eerst in hoger beroep gedane beroep op de volmacht en heeft zij Rabobank in de gelegenheid gesteld nadere stukken in het geding te brengen ter onderbouwing van het door haar gedane beroep op contractsoverneming. </para>
      <para />
    </paragroup>
    <paragroup>
      <nr>3.4</nr>
      <para>Het hof stelt vast dat Rabobank in de brief van 27 februari 2015 aan [appellant] , waarin zij de leningovereenkomsten opzegt, en in het exploot van 23 juli 2015, waarin de executie van het recht van hypotheek wordt aangezegd, heeft aangegeven dat zij mede optreedt krachtens de haar door Friesland Bank verstrekte volmacht. Volgens [appellant] verleent de aan Rabobank verstrekte volmacht Rabobank niet de bevoegdheid om de leningovereenkomsten op te zeggen. Het hof volgt [appellant] daarin niet. Friesland Bank heeft Rabobank een onherroepelijke volmacht verstrekt, onder meer om alle rechtshandelingen te verrichten die nodig en wenselijk kunnen zijn in verband met de implementatie en uitvoering van de raamovereenkomst tussen deze partij en om alle rechtshandelingen te verrichten met betrekking tot het beheer, het vestigen en de uitwinning van de zekerheden van Friesland Bank. De volmacht heeft een ruime strekking, zoals volgt uit de (herhaalde) vermelding dat Rabobank "alles wat nuttig, nodig of wenselijk is" kan doen. In het licht van de raamovereenkomst tussen Rabobank en Friesland bank, die ertoe strekt dat de rechten en vorderingen van Friesland Bank worden overgedragen op Rabobank heeft [appellant] onvoldoende weersproken dat de volmacht Rabobank ook de bevoegdheid geeft om (al dan niet als eerste stap in de uitwinning van het recht van hypotheek) een leningovereenkomst op te zeggen. </para>
      <para />
    </paragroup>
    <paragroup>
      <nr>3.5</nr>
      <para>Gelet op wat het hof hiervoor heeft overwogen, kan in het midden blijven of sprake is van een contractsoverneming. De <emphasis role="underline">grieven 1 en 2</emphasis> van [appellant] falen om die reden bij gebrek aan belang. </para>
      <para />
    </paragroup>
    <paragroup>
      <nr>3.6</nr>
      <para>Met de <emphasis role="underline">grieven 3 tot en met 5</emphasis>, die met elkaar samenhangen en die het hof tezamen zal behandelen, stelt [appellant] de vraag aan de orde of Rabobank het recht had om de leningsovereenkomsten (namens Friesland Bank) op te zeggen. De kern van deze grieven is dat [appellant] niet heeft gecontracteerd met Rabobank en dat ook geen sprake is van contractsoverneming, zodat van een achterstand jegens Rabobank geen sprake is. Uit wat hiervoor is overwogen, volgt dat ook indien geen sprake is van een overeenkomst met Rabobank, Rabobank bevoegd was de overeenkomst namens Friesland Bank op te zeggen in het geval Friesland Bank daartoe gerechtigd zou zijn. Dat is naar het oordeel van het hof het geval. Zoals het hof in rechtsoverweging 3.7 van het tussenarrest van 12 januari 2016 heeft vastgesteld, heeft Service Centrum Nederland van Rabobank Nederland (hierna: Service Centrum) [appellant] in een brief van 6 juni 2014 namens Rabo Hypotheekbank, Rabobank Nederland, Rabobank Sneek en Friesland bank gewezen op een betalingsachterstand van <?linebreak?>€ 579,38 op lening A en van € 378,42 op lening B, waarna [appellant] nog meerdere malen per e-mail en per brief is gewezen op de (oplopende) achterstand en Service Centrum ten slotte bij aangetekende brief van 27 februari 2015 namens Rabobank Sneek en Friesland Bank de beide leningen met onmiddellijke ingang heeft opgezegd. [appellant] heeft niet gemotiveerd bestreden dat ten aanzien van de leningen op zichzelf - daargelaten of Rabobank Sneek of Friesland Bank de wederpartij van [appellant] was - ten tijde van de opzegging sprake was van een achterstand die de opzegging rechtvaardigde. </para>
      <para />
    </paragroup>
    <paragroup>
      <nr>3.7</nr>
      <para>Voor zover in het betoog van [appellant] begrepen ligt dat hij vanwege de verwarring over de verhouding tussen Friesland Bank en Rabobank zijn betalingsverplichting heeft opgeschort (artikel 3:37 BW) - helemaal duidelijk is dat niet - faalt dit betoog. Zonder nadere toelichting, die ontbreekt, valt niet in te zien waarom zijn twijfel over de rechtsgeldigheid van de contractsoverneming eraan in de weg stond dat [appellant] de met Friesland Bank overeengekomen rentebedragen bleef betalen op zijn betaalrekening, zoals hij met Friesland Bank was overeengekomen. </para>
      <para />
    </paragroup>
    <paragroup>
      <nr>3.8</nr>
      <parablock>
        <para>Het hof is, gelet op wat hiervoor is overwogen, met de voorzieningenrechter van oordeel dat Rabobank, als gevolmachtigde van Friesland Bank, bevoegd was de leningsovereenkomsten op te zeggen. Het neemt daarbij in aanmerking dat ten tijde van de opzegging sprake was van een betalingsachterstand van tien </para>
        <para>(april 2014 tot en met januari 2015) maandtermijnen en dat [appellant] herhaalde malen is gewezen op de betalingsachterstand. </para>
      </parablock>
      <para />
    </paragroup>
    <paragroup>
      <nr>3.9</nr>
      <para>De grieven falen dan ook. Dat geldt ook voor <emphasis role="underline">grief 6</emphasis>, die is gericht tegen de afwijzing van de vordering van [appellant] om Rabobank te gebieden de BKR-registratie van [appellant] door te halen. De grief is gebaseerd op de onjuiste veronderstelling dat geen sprake is van een betalingsachterstand en miskent dat meergenoemde volmacht Rabobank de bevoegdheid geeft om ook namens Friesland Bank een BKR-registratie te doen verrichten.</para>
      <para />
    </paragroup>
    <paragroup>
      <nr>3.10</nr>
      <para>De <emphasis role="underline">grieven 7 en 8</emphasis> hebben, blijkt uit de toelichting, geen zelfstandige betekenis en delen het lot van de andere grieven. </para>
      <para />
    </paragroup>
    <paragroup>
      <nr>3.11</nr>
      <para>De slotsom is dat het hof het vonnis van de voorzieningenrechter, onder aanvulling van gronden, zal bekrachtigen. [appellant] zal als de in het ongelijk te stellen partijen, worden veroordeeld in de proceskosten in hoger beroep (geliquideerd salaris van de advocaat: 2,5 punten, tarief II), te vermeerderen met nasalaris en wettelijke rente. </para>
      <para />
    </paragroup>
  </section>
  <section role="beslissing">
    <title>
      <nr>4</nr>
      <?linebreak?>4.	De beslissing</title>
    <para />
    <parablock>
      <para>Het gerechtshof, rechtdoende in hoger beroep:</para>
    </parablock>
    <para />
    <parablock>
      <para>bekrachtigt het vonnis waarvan beroep;</para>
    </parablock>
    <para />
    <parablock>
      <para>veroordeelt [appellant] in de proceskosten in hoger beroep en bepaalt deze kosten op  € 711,00 aan verschotten en op € 2.685,- voor geliquideerd salaris van de advocaat en op € 157,- voor het nasalaris, met bepaling dat dit bedrag zal worden verhoogd met € 82,- in geval Mulder niet binnen veertien dagen na aanschrijving aan dit arrest heeft voldaan én betekening heeft plaatsgevonden, een en ander te vermeerderen met de wettelijke rente over deze bedragen vanaf veertien dagen na aanschrijving en betekening, tot aan het tijdstip van voldoening;</para>
    </parablock>
    <para />
    <parablock>
      <para>verklaart deze proceskostenveroordeling uitvoerbaar bij voorraad;</para>
    </parablock>
    <para />
    <parablock>
      <para>wijst het meer of anders gevorderde af.</para>
    </parablock>
    <para />
    <parablock>
      <para>Dit arrest is gewezen door mr. H. de Hek, mr. J.H. Kuiper en mr. D.H. de Witte en is in het openbaar uitgesproken door de rolraadsheer op 26 maart 2019, in aanwezigheid van de griffier. </para>
    </parablock>
  </section>
</uitspraak>
</open-rechtspraak>