<?xml version="1.0" encoding="utf-8"?>
<open-rechtspraak>
  <rdf:RDF xmlns:rdf="http://www.w3.org/1999/02/22-rdf-syntax-ns#" xmlns:ecli="https://e-justice.europa.eu/ecli" xmlns:tr="http://tuchtrecht.overheid.nl/" xmlns:eu="http://publications.europa.eu/celex/" xmlns:dcterms="http://purl.org/dc/terms/" xmlns:bwb="bwb-dl" xmlns:cvdr="http://decentrale.regelgeving.overheid.nl/cvdr/" xmlns:psi="http://psi.rechtspraak.nl/" xmlns:rdfs="http://www.w3.org/2000/01/rdf-schema#">
    <rdf:Description>
      <dcterms:identifier>ECLI:NL:RBDHA:2019:2610</dcterms:identifier>
      <dcterms:format>text/xml</dcterms:format>
      <dcterms:accessRights>public</dcterms:accessRights>
      <dcterms:modified>2019-03-22T10:47:22</dcterms:modified>
      <dcterms:issued rdfs:label="Publicatiedatum">2019-03-18</dcterms:issued>
      <dcterms:publisher resourceIdentifier="http://rechtspraak.nl/">Raad voor de Rechtspraak</dcterms:publisher>
      <dcterms:language>nl</dcterms:language>
      <dcterms:creator rdfs:label="Instantie" resourceIdentifier="http://standaarden.overheid.nl/owms/terms/Rechtbank_Den_Haag" scheme="overheid.RechterlijkeMacht">Rechtbank Den Haag</dcterms:creator>
      <dcterms:date rdfs:label="Uitspraakdatum">2019-03-13</dcterms:date>
      <psi:zaaknummer rdfs:label="Zaaknr">nl18.20193</psi:zaaknummer>
      <dcterms:type rdf:language="nl" resourceIdentifier="http://psi.rechtspraak.nl/uitspraak">Uitspraak</dcterms:type>
      <psi:procedure rdf:language="nl" rdfs:label="Procedure" resourceIdentifier="http://psi.rechtspraak.nl/procedure#eersteAanlegEnkelvoudig">Eerste aanleg - enkelvoudig</psi:procedure>
      <dcterms:coverage>NL</dcterms:coverage>
      <dcterms:spatial rdfs:label="Zittingsplaats">Middelburg</dcterms:spatial>
      <dcterms:subject rdfs:label="Rechtsgebied" resourceIdentifier="http://psi.rechtspraak.nl/rechtsgebied#bestuursrecht_vreemdelingenrecht">Bestuursrecht; Vreemdelingenrecht</dcterms:subject>
      <dcterms:hasVersion rdfs:label="Vindplaatsen" resourceIdentifier="http://psi.rechtspraak.nl/vindplaats">
        <rdf:list>
          <rdf:li>Rechtspraak.nl</rdf:li>
        </rdf:list>
      </dcterms:hasVersion>
    </rdf:Description>
    <rdf:Description rdf:about="http://deeplink.rechtspraak.nl/uitspraak?id=ECLI:NL:RBDHA:2019:2610">
      <dcterms:identifier>http://deeplink.rechtspraak.nl/uitspraak?id=ECLI:NL:RBDHA:2019:2610</dcterms:identifier>
      <dcterms:format>text/html</dcterms:format>
      <dcterms:accessRights>public</dcterms:accessRights>
      <dcterms:modified>2019-03-18T13:57:04</dcterms:modified>
      <dcterms:issued rdfs:label="Publicatiedatum">2019-03-22</dcterms:issued>
      <dcterms:publisher resourceIdentifier="http://rechtspraak.nl/">Raad voor de Rechtspraak</dcterms:publisher>
      <dcterms:language>nl</dcterms:language>
      <dcterms:title rdf:language="nl">ECLI:NL:RBDHA:2019:2610 Rechtbank Den Haag , 13-03-2019 / nl18.20193</dcterms:title>
      <dcterms:abstract resourceIdentifier="../../rs:inhoudsindicatie" />
    </rdf:Description>
  </rdf:RDF>
  <inhoudsindicatie id="ECLI:NL:RBDHA:2019:2610:INH" lang="nl" xml:space="preserve" xmlns="http://www.rechtspraak.nl/schema/rechtspraak-1.0" xmlns:xsd="http://www.w3.org/2001/XMLSchema" xmlns:xsi="http://www.w3.org/2001/XMLSchema-instance">
      <para>asiel, irak, biseksuele geaardheid, afvalligheid</para>
    </inhoudsindicatie>
  <uitspraak id="ECLI:NL:RBDHA:2019:2610:DOC" lang="nl" xml:space="preserve" xmlns="http://www.rechtspraak.nl/schema/rechtspraak-1.0" xmlns:xsd="http://www.w3.org/2001/XMLSchema" xmlns:xsi="http://www.w3.org/2001/XMLSchema-instance" xmlns:xlink="http://www.w3.org/1999/xlink">
  <uitspraak.info>
    <bridgehead role="bold">RECHTBANK DEN HAAG</bridgehead>
    <para />
    <parablock>
      <para>Zittingsplaats Middelburg</para>
    </parablock>
    <para />
    <parablock>
      <para>Bestuursrecht</para>
    </parablock>
    <para />
    <parablock>
      <para>zaaknummer: NL18.20193</para>
      <para>V-nummer: [nummer]<?linebreak?></para>
    </parablock>
    <bridgehead role="bold">uitspraak van de enkelvoudige kamer in de zaak tussen</bridgehead>
    <bridgehead role="bold">
      [naam], eiser</bridgehead>
    <parablock>
      <para>ook bekend als: [naam 2]</para>
      <para>(gemachtigde: mr. C.G. Matze),</para>
    </parablock>
    <para />
    <parablock>
      <para>en</para>
    </parablock>
    <para />
    <bridgehead role="bold">de staatssecretaris van Justitie en Veiligheid, verweerder</bridgehead>
    <para>(gemachtigde: mr. N. Hamzaoui).</para>
    <para />
  </uitspraak.info>
  <section role="procesverloop">
    <title>
      <?linebreak?>Procesverloop <?linebreak?>Eiser heeft beroep ingesteld tegen het besluit van 17 augustus 2018 (het bestreden besluit).</title>
    <para />
    <parablock>
      <para>Verweerder heeft een verweerschrift ingediend.</para>
    </parablock>
    <para />
    <parablock>
      <para>Het onderzoek ter zitting heeft plaatsgevonden op 6 februari 2019. Eiser is verschenen, bijgestaan door zijn gemachtigde. Als tolk is verschenen Z. Karem. Verweerder heeft zich laten vertegenwoordigen door zijn gemachtigde.</para>
    </parablock>
    <para />
    <para />
  </section>
  <section>
    <title>Overwegingen</title>
    <para />
    <para>1. Eiser is van Iraakse nationaliteit en is geboren op [geboortedatum]. In de voorgaande zes asielprocedures was hij bekend als [naam 2], geboren op [geboortedatum 2] en van Iraanse nationaliteit. Deze asielaanvragen zijn niet-inhoudelijk afgedaan omdat eiser zijn identiteit en nationaliteit niet aannemelijk had gemaakt. Deze besluiten staan in rechte vast.</para>
    <para />
    <para>2. Eiser heeft op 20 november 2012 de huidige, zevende asielaanvraag ingediend. Bij</para>
    <parablock>
      <para>besluit van 29 april 2013 heeft verweerder de aanvraag afgewezen. Bij uitspraak van </para>
      <para>15 oktober 2013 van deze rechtbank, zittingsplaats Arnhem, is het daartegen ingestelde beroep ongegrond verklaard. Bij uitspraak van de Afdeling bestuursrechtspraak van de Raad van State (hierna: de Afdeling) van 16 juli 2015 is het hoger beroep gegrond verklaard en het besluit vernietigd. Dit houdt verband met de nieuwe werkwijze van verweerder in </para>
      <para>zaken waarin de geaardheid van een vreemdeling een rol speelt.</para>
      <para>Bij besluit van 11 december 2015 is de aanvraag van eiser wederom afgewezen. Bij uitspraak van 19 januari 2016 heeft deze rechtbank, deze zittingsplaats, het </para>
      <para>beroep daartegen gegrond verklaard en het toen bestreden besluit vernietigd. Verweerder diende alsnog een standpunt in te nemen over de geloofwaardigheid van eisers gestelde biseksuele gerichtheid, mede in het licht van de gestelde identiteit en nationaliteit van eiser. Verweerder heeft hiertegen geen hoger beroep ingesteld.</para>
    </parablock>
    <para />
    <para>3. Het asielrelaas van eiser bevat volgens verweerder de volgende relevante elementen: </para>
    <para>- de nationaliteit, identiteit en herkomst;</para>
    <para>- de seksuele gerichtheid;</para>
    <para>- de dreigende eerwraak wegens eisers relatie met zijn schoonzus;</para>
    <para>- het atheïsme van eiser;</para>
    <para>- de afvalligheid van de islam;</para>
    <para>- eisers negatieve uitlatingen over de islam, met name op Facebook.</para>
    <para />
    <para>4. Verweerder heeft eisers asielaanvraag afgewezen als ongegrond. Verweerder acht eisers verklaringen over zijn identiteit, nationaliteit, atheïsme en negatieve uitlatingen over de islam geloofwaardig. Het enkele feit dat eiser niet gelooft, dan wel geen geloof praktiseert, is volgens verweerder niet voldoende om hem als afvallige te zien. Ook is niet aannemelijk gemaakt dat een brede kring van personen hiervan op de hoogte is geraakt. </para>
    <parablock>
      <para>Voor wat betreft zijn herkomst wordt eiser het voordeel van de twijfel gegund. Hij heeft hierdoor geen problemen ondervonden. </para>
      <para>Eisers verklaringen over zijn seksuele gerichtheid, zijn afvalligheid en zijn diepgewortelde overtuiging om zich negatief uit te laten over de islam, zijn volgens verweerder ongeloofwaardig. Zijn verklaringen over eerwraak zijn niet op geloofwaardigheid beoordeeld. De reden hiervoor is dat eiser geen verschoonbare reden heeft gegeven voor het feit dat hij dit element eerst in de tweede asielprocedure naar voren heeft gebracht.</para>
    </parablock>
    <para />
    <para>5. Eiser heeft hiertegen beroep ingesteld. Wat eiser tegen het bestreden besluit heeft aangevoerd, wordt hierna besproken. </para>
    <para />
    <para>6. Verweerder heeft in reactie op het voorgaande ter zitting nog verklaard dat het eiser niet wordt verweten dat hij meerdere asielprocedures heeft gevoerd. </para>
    <para>De omstandigheid dat eiser blijkens de diverse gehoren voortdurend ‘zwabbert’ in zijn verklaringen wordt hem wel aangerekend. 	</para>
    <para />
    <parablock>
      <para>De rechtbank oordeelt als volgt.	</para>
    </parablock>
    <para />
    <parablock>
      <para>
        <emphasis role="italic">Algemeen</emphasis>
      </para>
    </parablock>
    <para />
    <parablock>
      <para>De rechtbank constateert dat de gronden van beroep grotendeels letterlijk een herhaling zijn van de eerder ingediende zienswijze. Omdat eiser hierbij niet heeft aangegeven waarom de zienswijze wordt herhaald en waarom het bestreden besluit op deze punten niet juist is, blijven deze punten buiten bespreking en wordt van de juistheid van de beoordeling in het bestreden besluit uitgegaan.   </para>
      <para>Verder constateert de rechtbank dat aan het beroepschrift slechts hier en daar een paar opmerkingen zijn toegevoegd. Deze zullen hierna worden beoordeeld.</para>
    </parablock>
    <para />
    <para />
    <para />
    <parablock>
      <para>
        <emphasis role="italic">Seksuele gerichtheid</emphasis>
      </para>
    </parablock>
    <para />
    <para>7. In beroep voert eiser aan dat verweerder zich telkens op het standpunt stelt dat de tweede of verdere asielaanvraag te laat is om zich op homoseksualiteit (dan wel biseksualiteit, zo begrijpt de rechtbank) te beroepen. Nu eiser niet nader heeft aangeduid waar in de besluitvorming hem dit is verweten, kan deze beroepsgrond niet slagen. De rechtbank volstaat met een verwijzing naar het voornemen waarin het toetsingskader voor geaardheid is opgenomen. In het voornemen heeft verweerder verwezen naar de uitspraak van de Afdeling van 8 juli 2015 en naar de daaruit ontwikkelde werkinstructie 2015/9. Vervolgens heeft verweerder eisers verklaringen daaraan getoetst. Niet is gebleken dat het moment waarop eiser melding heeft gemaakt van zijn geaardheid daarbij een rol heeft gespeeld. Dit zou overigens ook niet anders geweest indien getoetst aan werkinstructie 2018/9.</para>
    <para />
    <parablock>
      <para>
        <emphasis role="italic">Facebookberichten uit 2012</emphasis>
      </para>
    </parablock>
    <para />
    <para>8. In beroep heeft eiser wederom een aantal berichten tussen ‘[naam 2]’ en [naam 3] geciteerd. Deze berichten dateren van 2012, ver voordat eiser over zijn geaardheid heeft gesproken. Deze berichten zijn dus niet ‘gefabriceerd’ zoals verweerder wil doen voorkomen, ze bestonden al, aldus eiser. </para>
    <para>De rechtbank overweegt hieromtrent dat verweerder blijkens het voornemen en het bestreden besluit zich niet uitsluitend op het standpunt heeft gesteld dat iedereen dergelijke berichten kan ‘fabriceren’ en sturen, zoals eiser stelt. Verweerder heeft daarnaast immers ook overwogen dat uit de teksten geen serieuze relatie van eiser met [naam 3] kan worden afgeleid nu het korte simpele berichten betreft met weinig inhoud. Verder heeft verweerder geconstateerd dat er sprake is van lange tussenpozen tussen de berichten. Ten slotte heeft verweerder ook nog andere verklaringen van eiser over zijn gestelde relatie met [naam 3] bij de beoordeling betrokken.</para>
    <para />
    <parablock>
      <para>
        <emphasis role="italic">Worsteling met geaardheid</emphasis>
      </para>
    </parablock>
    <para />
    <para>9. Eiser stelt dat verweerder een ‘worsteling’ bij eiser heeft waargenomen, een </para>
    <para>innerlijke strijd en vraagt zich af waarom dit volgens verweerder niet kan leiden tot een heroverweging van het voornemen. De rechtbank verwijst naar het bestreden besluit waarin verweerder in reactie op de zienswijze al heeft opgemerkt dat deze opmerking niet is gemaakt.</para>
    <para />
    <parablock>
      <para>
        <emphasis role="italic">Verloop van het acceptatieproces</emphasis>
      </para>
    </parablock>
    <para />
    <para>10. In beroep herhaalt eiser dat zijn acceptatieproces een grillig verloop heeft gekend, met ups en downs. Volgens eiser is het dan ook een vloeiend proces met perioden waarin hij zichzelf wat meer accepteert, welke worden afgewisseld met perioden waarin de acceptatie wat minder is. Dat valt hem niet te verwijten.</para>
    <para>Naar het oordeel van de rechtbank heeft verweerder zich in het voornemen echter terecht op het standpunt gesteld dat eiser zelf heeft verklaard dat hij een acceptatieproces heeft ondergaan en dat van hem dus kan worden verlangd dat hij hierover helderheid kan verschaffen. In het bestreden besluit heeft verweerder nog voldoende aanvullend gemotiveerd waarom het niet aannemelijk is dat eiser het ene moment vrede met zijn geaardheid heeft en het andere moment niet. Verweerder heeft daartoe onder andere terecht verwezen naar de langdurige relaties die eiser heeft gehad. </para>
    <para />
    <parablock>
      <para>
        <emphasis role="italic">Facebookberichten over de islam</emphasis>
      </para>
    </parablock>
    <para />
    <para>11. Eiser bestrijdt dat zijn vele Facebookberichten onvindbaar zijn. Eiser stelt dat verweerder de berichten niet heeft aangetroffen dan wel niet heeft herkend omdat deze in het Koerdisch zijn geschreven.</para>
    <para>In reactie daarop verwijst de rechtbank naar het voornemen waarin verweerder de wijze waarop het onderzoek is verricht heeft beschreven. Zo heeft eiser gegevens zoals zijn gebruikersnaam en het profiel waarop de berichten zijn verschenen, aan verweerder verstrekt. Vervolgens heeft verweerder onderzoek gedaan en slechts één atheïstische uiting van eiser aangetroffen. Nu eiser zijn bewering niet heeft onderbouwd en het tegendeel niet heeft aangetoond, is zijn voornoemde verklaring voor het niet aantreffen van zijn berichten, niet afdoende. </para>
    <para />
    <parablock>
      <para>
        <emphasis role="italic">Artikel 3 van het EVRM</emphasis>
      </para>
    </parablock>
    <para />
    <para>12. Eiser vreest dat hij uiteindelijk gedood zal worden uit naam van Allah. Hij moet niet alleen zijn seksualiteit, maar ook zijn atheïsme en zijn andere innerlijke overtuigingen onderdrukken. Terwijl alles op Facebook staat en uiteindelijk toch uit zal komen. </para>
    <parablock>
      <para>De rechtbank verwijst voor wat betreft de gestelde uitingen over het atheïsme naar de conclusie in de voorgaande rechtsoverweging.</para>
      <para>Verder heeft verweerder ten aanzien van eisers gestelde geaardheid in het bestreden besluit terecht overwogen dat niet aannemelijk is dat dit in Irak bekend is. Van belang hierbij zijn eisers eerdere verklaringen dat niemand hiervan op de hoogte is. </para>
    </parablock>
    <para />
    <parablock>
      <para>
        <emphasis role="italic">Wijze van beoordelen door verweerder</emphasis>
      </para>
    </parablock>
    <para />
    <para>13. Eiser stelt dat het bestreden besluit onvoldoende zorgvuldig tot stand is gekomen. Verweerder heeft zijn gehele relaas op één hoop gegooid terwijl het eigenlijk een ontwikkelingsproces is dat eiser heeft doorgemaakt, een innerlijke groei van eiser die zich uitstrekt over een periode van bijna negen jaar.</para>
    <parablock>
      <para>De rechtbank onderschrijft deze visie van eiser over de beoordeling door verweerder niet. </para>
      <para>Zoals deze rechtbank, zittingsplaats Arnhem, in de uitspraak van 15 oktober 2013 al heeft overwogen, heeft eiser in de eerdere zes asielprocedures niet de waarheid gesproken met betrekking tot zijn identiteit en nationaliteit. Het is derhalve grotendeels aan eiser te wijten dat er sinds zijn eerste asielaanvraag van 5 juli 2009 zoveel tijd verstreken is. </para>
      <para>Omdat eiser eerst bij zijn zevende asielaanvraag zijn identiteit en nationaliteit aannemelijk heeft gemaakt, diende verweerder alsnog een standpunt in te nemen over de geloofwaardigheid van eisers gestelde biseksuele geaardheid. Verweerder heeft daarbij terecht besloten om ook eisers verklaringen in de vijfde en de zesde aanvraag bij de beoordeling te betrekken. Omdat eiser in de diverse procedures naast de gestelde biseksualiteit inmiddels ook andere asielmotieven had aangedragen zoals zijn bekering tot het christendom, zijn daaropvolgende atheïsme en zijn afvalligheid, heeft verweerder terecht besloten om deze asielmotieven ook in hun onderlinge samenhang te beoordelen. Op basis van dit samenstel van verklaringen heeft verweerder tot de eindconclusie kunnen komen dat eiser niet consistent is in zijn verklaringen en dat dit niet is te herleiden tot een proces dat wordt gekenmerkt door ups en downs.</para>
    </parablock>
    <para>14. De rechtbank komt, al het voorgaande overziende, dan ook tot de conclusie dat de aanvraag terecht is afgewezen als ongegrond. Het beroep is ongegrond.</para>
    <para />
    <para>15. Voor een proceskostenveroordeling bestaat geen aanleiding.</para>
    <para />
    <para />
  </section>
  <section role="beslissing">
    <title>Beslissing</title>
    <para>
      <?linebreak?>De rechtbank verklaart het beroep ongegrond.</para>
    <para />
    <parablock>
      <para>
        <?linebreak?>Deze uitspraak is gedaan door mr. K.M. de Jager, rechter, in aanwezigheid van mr. J. Loonstra, griffier.</para>
    </parablock>
    <para />
    <parablock>
      <para>Deze uitspraak is in het openbaar gedaan, digitaal ondertekend en bekendgemaakt op:</para>
    </parablock>
    <para />
    <parablock>
      <para />
      <para>
        <emphasis role="bold">Rechtsmiddel</emphasis>
      </para>
      <para>Tegen deze uitspraak kan hoger beroep worden ingesteld bij de Afdeling bestuursrechtspraak van de Raad van State binnen vier weken na de dag van bekendmaking.</para>
    </parablock>
  </section>
</uitspraak>
</open-rechtspraak>