<?xml version="1.0" encoding="utf-8"?>
<open-rechtspraak>
  <rdf:RDF xmlns:rdf="http://www.w3.org/1999/02/22-rdf-syntax-ns#" xmlns:ecli="https://e-justice.europa.eu/ecli" xmlns:tr="http://tuchtrecht.overheid.nl/" xmlns:eu="http://publications.europa.eu/celex/" xmlns:dcterms="http://purl.org/dc/terms/" xmlns:bwb="bwb-dl" xmlns:cvdr="http://decentrale.regelgeving.overheid.nl/cvdr/" xmlns:psi="http://psi.rechtspraak.nl/" xmlns:rdfs="http://www.w3.org/2000/01/rdf-schema#">
    <rdf:Description>
      <dcterms:identifier>ECLI:NL:HR:2019:297</dcterms:identifier>
      <dcterms:format>text/xml</dcterms:format>
      <dcterms:accessRights>public</dcterms:accessRights>
      <dcterms:modified>2019-03-30T10:04:51</dcterms:modified>
      <dcterms:issued rdfs:label="Publicatiedatum">2019-02-28</dcterms:issued>
      <dcterms:publisher resourceIdentifier="http://rechtspraak.nl/">Raad voor de Rechtspraak</dcterms:publisher>
      <dcterms:language>nl</dcterms:language>
      <dcterms:creator rdfs:label="Instantie" resourceIdentifier="http://standaarden.overheid.nl/owms/terms/Hoge_Raad_der_Nederlanden" scheme="overheid.RechterlijkeMacht">Hoge Raad</dcterms:creator>
      <dcterms:date rdfs:label="Uitspraakdatum">2019-03-05</dcterms:date>
      <psi:zaaknummer rdfs:label="Zaaknr">17/02444</psi:zaaknummer>
      <dcterms:type rdf:language="nl" resourceIdentifier="http://psi.rechtspraak.nl/uitspraak">Uitspraak</dcterms:type>
      <psi:procedure rdf:language="nl" rdfs:label="Procedure" resourceIdentifier="http://psi.rechtspraak.nl/procedure#artikel81ROzaken">Artikel 81 RO-zaken</psi:procedure>
      <psi:procedure rdf:language="nl" rdfs:label="Procedure" resourceIdentifier="http://psi.rechtspraak.nl/procedure#cassatie">Cassatie</psi:procedure>
      <dcterms:coverage>NL</dcterms:coverage>
      <dcterms:subject rdfs:label="Rechtsgebied" resourceIdentifier="http://psi.rechtspraak.nl/rechtsgebied#strafrecht">Strafrecht</dcterms:subject>
      <dcterms:relation rdfs:label="Formele relatie" ecli:resourceIdentifier="ECLI:NL:PHR:2019:24" psi:type="http://psi.rechtspraak.nl/conclusie" psi:aanleg="http://psi.rechtspraak.nl/eerdereAanleg">Conclusie: ECLI:NL:PHR:2019:24</dcterms:relation>
      <dcterms:relation rdfs:label="Formele relatie" ecli:resourceIdentifier="ECLI:NL:GHDHA:2017:1470" psi:type="http://psi.rechtspraak.nl/cassatie" psi:aanleg="http://psi.rechtspraak.nl/eerdereAanleg" psi:gevolg="http://psi.rechtspraak.nl/gevolg#bekrachtiging/bevestiging">In cassatie op : ECLI:NL:GHDHA:2017:1470, Bekrachtiging/bevestiging</dcterms:relation>
      <dcterms:hasVersion rdfs:label="Vindplaatsen" resourceIdentifier="http://psi.rechtspraak.nl/vindplaats">
        <rdf:list>
          <rdf:li>Rechtspraak.nl</rdf:li>
          <rdf:li>RvdW 2019/334</rdf:li>
        </rdf:list>
      </dcterms:hasVersion>
    </rdf:Description>
    <rdf:Description rdf:about="http://deeplink.rechtspraak.nl/uitspraak?id=ECLI:NL:HR:2019:297">
      <dcterms:identifier>http://deeplink.rechtspraak.nl/uitspraak?id=ECLI:NL:HR:2019:297</dcterms:identifier>
      <dcterms:format>text/html</dcterms:format>
      <dcterms:accessRights>public</dcterms:accessRights>
      <dcterms:modified>2019-03-06T08:38:21</dcterms:modified>
      <dcterms:issued rdfs:label="Publicatiedatum">2019-03-06</dcterms:issued>
      <dcterms:publisher resourceIdentifier="http://rechtspraak.nl/">Raad voor de Rechtspraak</dcterms:publisher>
      <dcterms:language>nl</dcterms:language>
      <dcterms:title rdf:language="nl">ECLI:NL:HR:2019:297 Hoge Raad , 05-03-2019 / 17/02444</dcterms:title>
      <dcterms:abstract resourceIdentifier="../../rs:inhoudsindicatie" />
    </rdf:Description>
  </rdf:RDF>
  <inhoudsindicatie id="ECLI:NL:HR:2019:297:INH" lang="nl" xml:space="preserve" xmlns="http://www.rechtspraak.nl/schema/rechtspraak-1.0" xmlns:xsd="http://www.w3.org/2001/XMLSchema" xmlns:xsi="http://www.w3.org/2001/XMLSchema-instance">
      <para>Smaadschrift, art. 261.1 Sr. Verwerping verweer dat verdachte te goeder trouw heeft kunnen aannemen dat het ten laste gelegde waar was en dat het algemeen belang tenlastelegging eiste, a.b.i. art. 261.3 Sr. HR: art. 81.1 RO.</para>
    </inhoudsindicatie>
  <uitspraak id="ECLI:NL:HR:2019:297:DOC" lang="nl" xml:space="preserve" xmlns="http://www.rechtspraak.nl/schema/rechtspraak-1.0" xmlns:xsd="http://www.w3.org/2001/XMLSchema" xmlns:xsi="http://www.w3.org/2001/XMLSchema-instance" xmlns:xlink="http://www.w3.org/1999/xlink">
  <uitspraak.info>
    <para>5 maart 2019</para>
    <para>Strafkamer</para>
    <para>nr. S 17/02444</para>
    <para>JHO/ABG</para>
    <para> </para>
    <para>
      <emphasis role="bold">Hoge Raad der Nederlanden</emphasis>
    </para>
    <para>
      <emphasis role="bold" />
    </para>
    <para>
      <emphasis role="bold">Arrest</emphasis>
    </para>
    <parablock>
      <para />
      <para>op het beroep in cassatie tegen een arrest van het Gerechtshof Den Haag van 2 mei 2017, nummer 22/002738-16, in de strafzaak tegen:</para>
    </parablock>
    <para>
      <emphasis role="underline">
        [verdachte]
      </emphasis>, geboren te [geboorteplaats] op [geboortedatum] 1984.</para>
    <para />
  </uitspraak.info>
  <section>
    <title>
      <nr>1</nr>Geding in cassatie</title>
    <para />
    <parablock>
      <para>	Het beroep is ingesteld door de verdachte. Namens deze heeft O.J. Much, advocaat te Rotterdam, bij schriftuur een middel van cassatie voorgesteld. De schriftuur is aan dit arrest gehecht en maakt daarvan deel uit.</para>
      <para>	De Advocaat-Generaal E.J. Hofstee heeft geconcludeerd tot verwerping van het beroep.</para>
    </parablock>
    <para />
  </section>
  <section role="overwegingen">
    <title>
      <nr>2</nr>Beoordeling van het middel</title>
    <para />
    <parablock>
      <para>	Het middel kan niet tot cassatie leiden. Dit behoeft, gezien art. 81, eerste lid, RO, geen nadere motivering nu het middel niet noopt tot beantwoording va n rechtsvragen in het belang van de rechtseenheid of de rechtsontwikkeling.</para>
    </parablock>
    <para />
  </section>
  <section role="beslissing">
    <title>
      <nr>3</nr>Beslissing</title>
    <para />
    <parablock>
      <para>De Hoge Raad verwerpt het beroep.</para>
    </parablock>
    <para />
    <parablock>
      <para>	Dit arrest is gewezen door de vice-president W.A.M. van Schendel als voorzitter, en de raadsheren Y. Buruma e nM.T. Boerlags, in bijzijn van de waarnemend griffier H.J.S. Kea, en uitgesproken ter openbare terechtzitting van <emphasis role="underline">5 maart 2019</emphasis>.</para>
    </parablock>
  </section>
</uitspraak>
</open-rechtspraak>