<?xml version="1.0" encoding="utf-8"?>
<open-rechtspraak>
  <rdf:RDF xmlns:rdf="http://www.w3.org/1999/02/22-rdf-syntax-ns#" xmlns:ecli="https://e-justice.europa.eu/ecli" xmlns:tr="http://tuchtrecht.overheid.nl/" xmlns:eu="http://publications.europa.eu/celex/" xmlns:dcterms="http://purl.org/dc/terms/" xmlns:bwb="bwb-dl" xmlns:cvdr="http://decentrale.regelgeving.overheid.nl/cvdr/" xmlns:psi="http://psi.rechtspraak.nl/" xmlns:rdfs="http://www.w3.org/2000/01/rdf-schema#">
    <rdf:Description>
      <dcterms:identifier>ECLI:NL:RBAMS:2019:1536</dcterms:identifier>
      <dcterms:format>text/xml</dcterms:format>
      <dcterms:accessRights>public</dcterms:accessRights>
      <dcterms:modified>2019-03-11T16:24:10</dcterms:modified>
      <dcterms:issued rdfs:label="Publicatiedatum">2019-03-06</dcterms:issued>
      <dcterms:publisher resourceIdentifier="http://rechtspraak.nl/">Raad voor de Rechtspraak</dcterms:publisher>
      <dcterms:language>nl</dcterms:language>
      <dcterms:creator rdfs:label="Instantie" resourceIdentifier="http://standaarden.overheid.nl/owms/terms/Rechtbank_Amsterdam" scheme="overheid.RechterlijkeMacht">Rechtbank Amsterdam</dcterms:creator>
      <dcterms:date rdfs:label="Uitspraakdatum">2019-03-05</dcterms:date>
      <psi:zaaknummer rdfs:label="Zaaknr">13/845140-18 (Promis)</psi:zaaknummer>
      <dcterms:type rdf:language="nl" resourceIdentifier="http://psi.rechtspraak.nl/uitspraak">Uitspraak</dcterms:type>
      <psi:procedure rdf:language="nl" rdfs:label="Procedure" resourceIdentifier="http://psi.rechtspraak.nl/procedure#eersteAanlegMeervoudig">Eerste aanleg - meervoudig</psi:procedure>
      <dcterms:coverage>NL</dcterms:coverage>
      <dcterms:spatial rdfs:label="Zittingsplaats">Amsterdam</dcterms:spatial>
      <dcterms:subject rdfs:label="Rechtsgebied" resourceIdentifier="http://psi.rechtspraak.nl/rechtsgebied#strafrecht">Strafrecht</dcterms:subject>
      <dcterms:hasVersion rdfs:label="Vindplaatsen" resourceIdentifier="http://psi.rechtspraak.nl/vindplaats">
        <rdf:list>
          <rdf:li>Rechtspraak.nl</rdf:li>
          <rdf:li>Viditax (FutD), 06-03-2019</rdf:li>
          <rdf:li>FutD 2019-0685</rdf:li>
        </rdf:list>
      </dcterms:hasVersion>
    </rdf:Description>
    <rdf:Description rdf:about="http://deeplink.rechtspraak.nl/uitspraak?id=ECLI:NL:RBAMS:2019:1536">
      <dcterms:identifier>http://deeplink.rechtspraak.nl/uitspraak?id=ECLI:NL:RBAMS:2019:1536</dcterms:identifier>
      <dcterms:format>text/html</dcterms:format>
      <dcterms:accessRights>public</dcterms:accessRights>
      <dcterms:modified>2019-03-06T09:38:01</dcterms:modified>
      <dcterms:issued rdfs:label="Publicatiedatum">2019-03-06</dcterms:issued>
      <dcterms:publisher resourceIdentifier="http://rechtspraak.nl/">Raad voor de Rechtspraak</dcterms:publisher>
      <dcterms:language>nl</dcterms:language>
      <dcterms:title rdf:language="nl">ECLI:NL:RBAMS:2019:1536 Rechtbank Amsterdam , 05-03-2019 / 13/845140-18 (Promis)</dcterms:title>
      <dcterms:abstract resourceIdentifier="../../rs:inhoudsindicatie" />
    </rdf:Description>
  </rdf:RDF>
  <inhoudsindicatie id="ECLI:NL:RBAMS:2019:1536:INH" lang="nl" xml:space="preserve" xmlns="http://www.rechtspraak.nl/schema/rechtspraak-1.0" xmlns:xsd="http://www.w3.org/2001/XMLSchema" xmlns:xsi="http://www.w3.org/2001/XMLSchema-instance">
      <para>Veroordeling tot een geldboete van € 10.000 voor het niet (volledig) verstrekken van informatie aan de belastingdienst in het kader van de Invorderingswet 1990 (de Invorderingswet).</para>
    </inhoudsindicatie>
  <uitspraak id="ECLI:NL:RBAMS:2019:1536:DOC" lang="nl" xml:space="preserve" xmlns="http://www.rechtspraak.nl/schema/rechtspraak-1.0" xmlns:xsd="http://www.w3.org/2001/XMLSchema" xmlns:xsi="http://www.w3.org/2001/XMLSchema-instance" xmlns:xlink="http://www.w3.org/1999/xlink">
  <uitspraak.info>
    <bridgehead role="bold">RECHTBANK AMSTERDAM</bridgehead>
    <para />
    <para />
    <parablock>
      <para />
      <para>
        <emphasis role="bold">VONNIS</emphasis>
      </para>
    </parablock>
    <para />
    <para />
    <parablock>
      <para>Parketnummer: 13/845140-18 (Promis)</para>
    </parablock>
    <para />
    <parablock>
      <para>Datum uitspraak: 5 maart 2019</para>
    </parablock>
    <para />
    <parablock>
      <para>Vonnis van de rechtbank Amsterdam, meervoudige strafkamer, in de strafzaak tegen</para>
    </parablock>
    <para />
    <parablock>
      <para>
        <emphasis role="bold">
          [verdachte] ,</emphasis>
      </para>
      <para>verdachte, </para>
      <para>	gevestigd op de [vestigingsadres] , [vestigingsplaats] . </para>
    </parablock>
    <para />
  </uitspraak.info>
  <section>
    <title>
      <nr>1</nr>Het onderzoek ter terechtzitting</title>
    <para />
    <parablock>
      <para>Dit vonnis is op tegenspraak gewezen naar aanleiding van het onderzoek op de terechtzitting van 19 februari 2019.</para>
    </parablock>
    <para />
    <parablock>
      <para>De rechtbank heeft kennisgenomen van de vordering van de officier van justitie, mr. B.B.A. Frakking en van wat de vertegenwoordiger van verdachte, [naam vertegenwoordiger] (hierna: [naam vertegenwoordiger] ), naar voren heeft gebracht. </para>
    </parablock>
    <para />
  </section>
  <section>
    <title>
      <nr>2</nr>Tenlastelegging</title>
    <para />
    <parablock>
      <para>Aan verdachte is kort gezegd ten laste gelegd dat zij zich heeft schuldig gemaakt aan </para>
    </parablock>
    <para />
    <parablock>
      <para>het samen met [naam vertegenwoordiger] niet (volledig) verstrekken van informatie aan de belastingdienst in het kader van de Invorderingswet 1990 (hierna: de Invorderingswet), door op diverse mails en brieven van de belastingdienst niet (voldoende) te reageren.</para>
    </parablock>
    <para />
    <parablock>
      <para>De volledige tekst van de tenlastelegging is opgenomen in een bijlage bij  dit vonnis is gehecht en geldt als hier ingevoegd. </para>
    </parablock>
    <para />
  </section>
  <section>
    <title>
      <nr>3</nr>Waardering van het bewijs</title>
    <para />
    <parablock>
      <para>De rechtbank vindt bewezen dat verdachte onvoldoende inlichtingen heeft verschaft. Van het medeplegen wordt verdachte vrijgesproken. </para>
    </parablock>
    <para />
    <parablock>
      <para>De rechtbank stelt op grond van de wettige bewijsmiddelen de volgende feiten en omstandigheden vast.<footnote-ref linkend="_1ea656d1-862e-40dc-92d3-ba11c77a8787" /></para>
    </parablock>
    <para />
    <parablock>
      <para>
        [naam vertegenwoordiger] is enig aandeelhouder en bestuurder van [naam B.V. ] en deze vennootschap is enig aandeelhouder en bestuurder van verdachte.<footnote-ref linkend="_b77225cc-458d-46e8-866b-8086318386bb" /></para>
    </parablock>
    <para />
    <parablock>
      <para>Naar aanleiding van een oplopende belastingschuld van verdachte  heeft de belastingdienst een invorderingsonderzoek ingesteld. Dit onderzoek is aangekondigd bij  brief van 29 april 2016. In deze brief is [naam vertegenwoordiger] verzocht om vóór 10 mei 2016 al een aantal gegevens te verstrekken aan de belastingdienst ter voorbereiding op het invorderingsonderzoek op basis van artikel 58 van de Invorderingswet.<footnote-ref linkend="_0077df1c-a203-4cb9-87ac-fa85c49bf755" /> In reactie daarop heeft [naam vertegenwoordiger] op 18 mei 2016 een aantal bestanden gestuurd, maar niet alle de verzochte gegevens.<footnote-ref linkend="_19397841-fa13-40d9-9510-88b5a7feeb17" /></para>
    </parablock>
    <para />
    <parablock>
      <para>Bij brief van 24 mei 2016 heeft de belastingdienst [naam vertegenwoordiger] verzocht om de gegevens van verdachte uiterlijk 3 juni 2016 te verstrekken, zoals met de vertegenwoordiger afgesproken op de datum van het boekenonderzoek, te weten 20 mei 2016. <footnote-ref linkend="_138b8d17-991e-4b4d-8687-332e17fc7db1" /></para>
    </parablock>
    <para />
    <parablock>
      <para>Per e-mailbericht van 18 juli 2016 heeft de belastingdienst [naam vertegenwoordiger] verzocht contact op te nemen met de controlemedewerker, omdat de belastingdienst de in de brief van 24 mei 2016 verzochte gegevens nog niet had ontvangen.<footnote-ref linkend="_7e9694a8-6edc-40e8-82eb-5cc1dec5e6db" /></para>
    </parablock>
    <para />
    <parablock>
      <para>Op 6 oktober heeft de belastingdienst een e-mailbericht en een aangetekende brief gestuurd. In de brief wordt [naam vertegenwoordiger] verzocht om de gegevens alsnog binnen 14 dagen te verstrekken, waarbij wordt verwezen naar een telefoongesprek met [naam vertegenwoordiger] van 8 september 2016 waarin hij zou hebben toegezegd dit te doen. <footnote-ref linkend="_e7ef613d-8f9b-4d10-b512-30a0dbb2af34" /></para>
    </parablock>
    <para />
    <parablock>
      <para>Tot op de dag van het sluiten van proces-verbaal op 31 januari 2018 heeft de belastingdienst de op basis van de Invorderingswet verzochte gegevens niet ontvangen.<footnote-ref linkend="_982a8aae-9500-4234-bf60-3d1d4077f833" /></para>
    </parablock>
    <para />
    <parablock>
      <para>
        [naam vertegenwoordiger] heeft bij de FIOD verklaard dat het klopt dat hij niet heeft meegewerkt aan de verzoeken van de belastingdienst ondanks dat hij daartoe uitgenodigd en aangemaand was. Dit heeft hij ter terechtzitting bevestigd en daarnaast heeft hij verklaard dat hij wist van de wettelijke verplichting om de gevorderde gegevens te verstrekken.<footnote-ref linkend="_6a13f9b3-fec0-4f66-8266-93648040ecad" /></para>
    </parablock>
    <para />
    <parablock>
      <para>Uit het voorgaande in samenhang bezien volgt dat [naam vertegenwoordiger] met opzet niet heeft voldaan aan de inlichtingenplicht zoals omschreven in de Invorderingswet. De norm uit de Invorderingswet is gericht tot verdachte. Het (niet) handelen van [naam vertegenwoordiger] is dan ook toe te rekenen aan verdachte, te weten de vennootschap. Zij heeft opzettelijk niet de gegevens verstrekt of voor raadpleging beschikbaar gesteld waar zij op basis van de Invorderingswet toe verplicht was. </para>
    </parablock>
    <para />
    <parablock>
      <para>De belastingdienst heeft in de brief van 29 maart 2016 verdachte verzocht uiterlijk 10 mei 2016 de gevraagde gegevens aan te leveren. Dat betekent dat verdachte pas op die laatste datum in verzuim was en ook pas op die datum niet aan haar wettelijke verplichting voldeed.</para>
    </parablock>
    <para />
    <parablock>
      <para>Omdat de belastingdienst zonder deze gegevens belemmert wordt in het invorderen van de belastingschuld, heeft verdachte door het niet voldoen aan zijn inlichtingenplicht de aanmerkelijke kans aanvaard dat als gevolg daarvan te weinig belasting wordt ingevorderd. </para>
    </parablock>
    <para />
    <parablock>
      <para>Voor een bewezenverklaring van medeplegen is nodig dat er tussen de plegers sprake was van een bewuste en nauwe samenwerking. [naam vertegenwoordiger] was in tenlastegelegde periode middellijk de enig persoon die bevoegd was namens verdachte te handelen. Van handelingen en/of gedragingen namens de verdachte door een ander natuurlijk persoon is niet gebleken. Gelet hierop valt niet in te zien waaruit de bewuste en nauwe samenwerking tussen verdachte en [naam vertegenwoordiger] uit zou kunnen bestaan. Verdachte wordt van dit gedeelte van de tenlastelegging dan ook vrijgesproken. </para>
    </parablock>
    <para />
  </section>
  <section>
    <title>
      <nr>4</nr>Bewezenverklaring</title>
    <para />
    <parablock>
      <para>De rechtbank acht op grond van bewijsmiddelen in rubriek 3 bewezen dat verdachte </para>
    </parablock>
    <para />
    <parablock>
      <para>in de periode van 10 mei 2016 tot en met 14 december 2017 in</para>
      <para>Nederland, terwijl zij als degene die ingevolge de Invorderingswet verplicht was tot:</para>
    </parablock>
    <para>- het verstrekken van inlichtingen of gegevens, en</para>
    <para>- het voor raadpleging beschikbaar stellen van boeken, bescheiden, andere gegevensdragers of de inhoud daarvan,</para>
    <parablock>
      <para>deze opzettelijk niet of onjuist of onvolledig heeft verstrekt en/of deze opzettelijk niet voor dit doel beschikbaar heeft gesteld,</para>
      <para>immers heeft verdachte de vragen en verzoeken van de ontvanger, gesteld in de brieven en e-mails van 29 april 2016 (DOC-012) en 24 mei 2016 (DOC-016) en 18 juli 2016 (DOC-017) en 6 oktober 2016 (DOC-020), niet, althans ontoereikend, beantwoord en ingewilligd, terwijl die feiten ertoe strekten dat te weinig belasting werd ingevorderd.</para>
    </parablock>
    <para />
    <parablock>
      <para>Voor zover in de tenlastelegging taal- en/of schrijffouten staan, zijn deze verbeterd. Verdachte is hierdoor niet in de verdediging geschaad.</para>
    </parablock>
    <para />
  </section>
  <section>
    <title>
      <nr>5</nr>De strafbaarheid van het feit</title>
    <para />
    <parablock>
      <para>
        [naam vertegenwoordiger] heeft op de terechtzitting verklaard dat hij de gevorderde gegevens namens verdachte niet heeft willen verstrekken vanwege zijn geheimhoudingsplicht jegens zijn klanten. Hij vindt dat hij als feitelijk leidinggever, en verdachte als pleger, daarom beide geen straf zouden moeten krijgen De rechtbank begrijpt dit verweer zo dat [naam vertegenwoordiger] hiermee een beroep doet op een rechtvaardigingsgrond, te weten overmacht-noodtoestand zoals beschreven in artikel 40 van het Wetboek van Strafrecht. Dit artikel beschrijft  betekent kort gezegd de mogelijkheid dat iemand die voor de noodzaak staat om te kiezen uit twee onderling strijdige plichten, de zwaarstwegende heeft laten voorgaan en daardoor een strafbaar feit heeft gepleegd. . In sommige gevallen kan dat leiden tot een rechtvaardigingsgrond waardoor de zaak zonder strafoplegging wordt afgedaan.</para>
    </parablock>
    <para />
    <parablock>
      <para>De rechtbank volgt verdachte en [naam vertegenwoordiger] als haar vertegenwoordiger niet in het verweer. Uit de bewijsmiddelen en de verklaring van [naam vertegenwoordiger] op de terechtzitting blijkt dat [naam vertegenwoordiger] (ook) meermalen gegevens heeft geweigerd te verstrekken namens verdachte waar geen klantgegevens in staan. Deze gegevens vallen daarmee niet onder de door [naam vertegenwoordiger] gestelde geheimhoudingsplicht. Voor wat betreft de gegevens waarop wel specifieke klantgegevens staan in combinatie met bijvoorbeeld een factuuromschrijving heeft [naam vertegenwoordiger] onvoldoende onderbouwd dat de gevraagde gegevens inderdaad gegevens zouden bevatten die onder zijn geheimhoudingsplicht vallen. De rechtbank vindt het bovendien aannemelijk dat verdachte, zonder de gegevens die onder de geheimhoudingsplicht van [naam vertegenwoordiger] vallen, eventueel in overleg met de belastingdienst, aan haar inlichtingenplicht had kunnen voldoen. Van het tegendeel is niet gebleken. De rechtbank verwerpt dan ook het verweer van verdachte en acht het bewezen geachte feit strafbaar. Het bestaan van een rechtvaardigingsgrond is niet aannemelijk geworden.</para>
    </parablock>
    <para />
  </section>
  <section>
    <title>
      <nr>6</nr>De strafbaarheid van verdachte</title>
    <para />
    <parablock>
      <para>Er is geen omstandigheid aannemelijk geworden die de strafbaarheid van verdachte uitsluit. Verdachte is dan ook strafbaar.</para>
    </parablock>
    <para />
  </section>
  <section role="overwegingen">
    <title>
      <nr>7</nr>Motivering van de straffen en maatregelen</title>
    <para />
    <paragroup>
      <nr>7.1.</nr>
      <para>
        <emphasis role="bold">De eis van de officier van justitie</emphasis>
      </para>
      <para />
      <parablock>
        <para>De officier van justitie heeft gevorderd dat verdachte voor de verdachte voor het door hem bewezen geachte worden veroordeeld tot een geldboete van € 10.000,-. Hij gaat uit van een nadeelbedrag van € 2.470.332,-. </para>
      </parablock>
      <para />
    </paragroup>
    <paragroup>
      <nr>7.2.</nr>
      <para>
        <emphasis role="bold">Het standpunt van verdachte </emphasis>
      </para>
      <para />
      <parablock>
        <para>
          [naam vertegenwoordiger] heeft aangevoerd dat hij de hoogte van het fiscale nadeel betwist. Hij heeft daarvoor geen bewijs, omdat hij ook dan zijn geheimhoudingsplicht zou schenden. Verder vindt hij dat verdachte geen straf verdient gelet op de op hem en daarmee de op verdachte rustende geheimhoudingsplicht.</para>
      </parablock>
      <para />
    </paragroup>
    <paragroup>
      <nr>7.3.</nr>
      <para>
        <emphasis role="bold">Het oordeel van de rechtbank</emphasis>
      </para>
      <para />
      <parablock>
        <para>De hierna te noemen strafoplegging is in overeenstemming met de ernst van het bewezen geachte en  de omstandigheden waaronder dit is begaan, zoals van een en ander op de terechtzitting is gebleken.  </para>
      </parablock>
      <para />
      <parablock>
        <para>Verdachte drijft een onderneming en neemt als zodanig deel aan het economisch verkeer. Zij hoort dan ook op de hoogte te zijn van de regelgeving die voor haar geldt en zich aan de regels van de Invorderingswet te houden. Dat geldt te meer voor deze verdachte die bestuurder is van een onderneming die zich richt op het geven van adviezen en bijstand in fiscale zaken. Desondanks heeft de vennootschap, maar feitelijk haar vertegenwoordiger [naam vertegenwoordiger] , herhaaldelijk geweigerd de gevraagde gegevens te verstrekken. Omdat verdachte niet alle inlichtingen heeft verstrekt, heeft de belastingdienst niet alle mogelijkheden van inning van belastinggelden kunnen inzetten. </para>
        <para>Bij vonnis van deze rechtbank van vandaag wordt ook [naam vertegenwoordiger] als feitelijk leidinggever van (onder meer) verdachte veroordeeld. Dat staat aan strafoplegging van verdachte niet in de weg. Verdachte is een rechtspersoon die ook zelf aan haar verplichtingen uit de Invorderingswet moet voldoen.</para>
      </parablock>
      <para />
      <para />
      <para />
    </paragroup>
  </section>
  <section>
    <title>
      <nr>8</nr>Toepasselijke wettelijke voorschriften</title>
    <para />
    <parablock>
      <para>De op te leggen straf is gegrond op de artikelen 23 en 51 van het Wetboek van Strafrecht en de artikelen 64 en 65 van de Invorderingswet 1990.</para>
    </parablock>
    <para />
  </section>
  <section role="beslissing">
    <title>
      <nr>9</nr>Beslissing</title>
    <para />
    <parablock>
      <para>De rechtbank komt op grond van het voorgaande tot de volgende beslissing.</para>
    </parablock>
    <para />
    <parablock>
      <para>Verklaart bewezen dat verdachte het tenlastegelegde heeft begaan zoals hiervoor in rubriek 4 is vermeld.</para>
    </parablock>
    <para />
    <parablock>
      <para>Verklaart niet bewezen wat aan verdachte meer of anders is ten laste gelegd dan hiervoor is bewezen verklaard en spreekt verdachte daarvan vrij.</para>
    </parablock>
    <para />
    <parablock>
      <para>Het bewezen verklaarde levert op:</para>
    </parablock>
    <para />
    <parablock>
      <para>opzettelijk een van de feiten begaan, omschreven in artikel 64, eerste lid, onderdeel a en b van de Invorderingswet 1990 terwijl het feit ertoe strekt dat te weinig belasting wordt ingevorderd, begaan door een rechtspersoon.. </para>
    </parablock>
    <para />
    <parablock>
      <para>Verklaart het bewezene strafbaar.</para>
    </parablock>
    <para />
    <parablock>
      <para>Verklaart verdachte<emphasis role="bold">, [verdachte] ,</emphasis> daarvoor strafbaar.</para>
    </parablock>
    <para />
    <parablock>
      <para>Veroordeelt verdachte tot een geldboete van <emphasis role="bold">€ 10.000,-</emphasis> (tienduizend euro).</para>
    </parablock>
    <para />
    <parablock>
      <para>Dit vonnis is gewezen door </para>
      <para>mr. G.H. Marcus, 	voorzitter,</para>
      <para>mrs. J. Huber en E.J. Weller, 	rechters,</para>
      <para>in tegenwoordigheid van mr. A. Bouwman, 	griffier,</para>
      <para>en uitgesproken op de openbare terechtzitting van deze rechtbank van 5 maart 2019. </para>
    </parablock>
    <para />
  </section>
  <footnote id="_1ea656d1-862e-40dc-92d3-ba11c77a8787" label="1">
    <para> Voor zover niet anders vermeld, wordt in de hierna volgende voetnoten telkens verwezen naar bewijsmiddelen die zich in het aan deze zaak ten grondslag liggende dossier met nummer 61383 bevinden, volgens de in dat dossier toegepaste nummering. Tenzij anders vermeld, gaat het daarbij om processen-verbaal, in de wettelijke vorm opgemaakt door daartoe bevoegde opsporingsambtenaren, met dien verstande dat de als DOC aangeduide bewijsmiddelen steeds geschriften zijn. </para>
  </footnote>
  <footnote id="_b77225cc-458d-46e8-866b-8086318386bb" label="2">
    <para> Doc-001, p. 51. </para>
  </footnote>
  <footnote id="_0077df1c-a203-4cb9-87ac-fa85c49bf755" label="3">
    <para> Doc-010, p. 105-17, doc-011, p. 108-110, doc-012 p. 111-113. </para>
  </footnote>
  <footnote id="_19397841-fa13-40d9-9510-88b5a7feeb17" label="4">
    <para> G-001-01, p. 36.</para>
  </footnote>
  <footnote id="_138b8d17-991e-4b4d-8687-332e17fc7db1" label="5">
    <para> Doc-016, p. 120. </para>
  </footnote>
  <footnote id="_7e9694a8-6edc-40e8-82eb-5cc1dec5e6db" label="6">
    <para> Doc-017, p. 123.</para>
  </footnote>
  <footnote id="_e7ef613d-8f9b-4d10-b512-30a0dbb2af34" label="7">
    <para> Doc-020, p. 132. </para>
  </footnote>
  <footnote id="_982a8aae-9500-4234-bf60-3d1d4077f833" label="8">
    <para> AMB-001, p. 6. </para>
  </footnote>
  <footnote id="_6a13f9b3-fec0-4f66-8266-93648040ecad" label="9">
    <para> Verklaring van verdachte ter terechtzitting, afgelegd op 19 februari 2019 </para>
    <para />
  </footnote>
</uitspraak>
</open-rechtspraak>