<?xml version="1.0" encoding="utf-8"?>
<open-rechtspraak>
  <rdf:RDF xmlns:rdf="http://www.w3.org/1999/02/22-rdf-syntax-ns#" xmlns:ecli="https://e-justice.europa.eu/ecli" xmlns:tr="http://tuchtrecht.overheid.nl/" xmlns:eu="http://publications.europa.eu/celex/" xmlns:dcterms="http://purl.org/dc/terms/" xmlns:bwb="bwb-dl" xmlns:cvdr="http://decentrale.regelgeving.overheid.nl/cvdr/" xmlns:psi="http://psi.rechtspraak.nl/" xmlns:rdfs="http://www.w3.org/2000/01/rdf-schema#">
    <rdf:Description>
      <dcterms:identifier>ECLI:NL:HR:2019:317</dcterms:identifier>
      <dcterms:format>text/xml</dcterms:format>
      <dcterms:accessRights>public</dcterms:accessRights>
      <dcterms:modified>2019-03-30T10:05:00</dcterms:modified>
      <dcterms:issued rdfs:label="Publicatiedatum">2019-03-06</dcterms:issued>
      <dcterms:publisher resourceIdentifier="http://rechtspraak.nl/">Raad voor de Rechtspraak</dcterms:publisher>
      <dcterms:language>nl</dcterms:language>
      <dcterms:creator rdfs:label="Instantie" resourceIdentifier="http://standaarden.overheid.nl/owms/terms/Hoge_Raad_der_Nederlanden" scheme="overheid.RechterlijkeMacht">Hoge Raad</dcterms:creator>
      <dcterms:date rdfs:label="Uitspraakdatum">2019-03-08</dcterms:date>
      <psi:zaaknummer rdfs:label="Zaaknr">18/00763</psi:zaaknummer>
      <dcterms:type rdf:language="nl" resourceIdentifier="http://psi.rechtspraak.nl/uitspraak">Uitspraak</dcterms:type>
      <psi:procedure rdf:language="nl" rdfs:label="Procedure" resourceIdentifier="http://psi.rechtspraak.nl/procedure#artikel81ROzaken">Artikel 81 RO-zaken</psi:procedure>
      <psi:procedure rdf:language="nl" rdfs:label="Procedure" resourceIdentifier="http://psi.rechtspraak.nl/procedure#cassatie">Cassatie</psi:procedure>
      <dcterms:coverage>NL</dcterms:coverage>
      <dcterms:subject rdfs:label="Rechtsgebied" resourceIdentifier="http://psi.rechtspraak.nl/rechtsgebied#civielRecht">Civiel recht</dcterms:subject>
      <dcterms:relation rdfs:label="Formele relatie" ecli:resourceIdentifier="ECLI:NL:GHARL:2017:10176" psi:type="http://psi.rechtspraak.nl/cassatie" psi:aanleg="http://psi.rechtspraak.nl/eerdereAanleg" psi:gevolg="http://psi.rechtspraak.nl/gevolg#bekrachtiging/bevestiging">In cassatie op : ECLI:NL:GHARL:2017:10176, Bekrachtiging/bevestiging</dcterms:relation>
      <dcterms:relation rdfs:label="Formele relatie" ecli:resourceIdentifier="ECLI:NL:PHR:2019:40" psi:type="http://psi.rechtspraak.nl/conclusie" psi:aanleg="http://psi.rechtspraak.nl/eerdereAanleg" psi:gevolg="http://psi.rechtspraak.nl/gevolg#gevolgd">Conclusie: ECLI:NL:PHR:2019:40, Gevolgd</dcterms:relation>
      <dcterms:hasVersion rdfs:label="Vindplaatsen" resourceIdentifier="http://psi.rechtspraak.nl/vindplaats">
        <rdf:list>
          <rdf:li>Rechtspraak.nl</rdf:li>
          <rdf:li>RvdW 2019/304</rdf:li>
        </rdf:list>
      </dcterms:hasVersion>
    </rdf:Description>
    <rdf:Description rdf:about="http://deeplink.rechtspraak.nl/uitspraak?id=ECLI:NL:HR:2019:317">
      <dcterms:identifier>http://deeplink.rechtspraak.nl/uitspraak?id=ECLI:NL:HR:2019:317</dcterms:identifier>
      <dcterms:format>text/html</dcterms:format>
      <dcterms:accessRights>public</dcterms:accessRights>
      <dcterms:modified>2019-03-08T10:28:19</dcterms:modified>
      <dcterms:issued rdfs:label="Publicatiedatum">2019-03-08</dcterms:issued>
      <dcterms:publisher resourceIdentifier="http://rechtspraak.nl/">Raad voor de Rechtspraak</dcterms:publisher>
      <dcterms:language>nl</dcterms:language>
      <dcterms:title rdf:language="nl">ECLI:NL:HR:2019:317 Hoge Raad , 08-03-2019 / 18/00763</dcterms:title>
      <dcterms:abstract resourceIdentifier="../../rs:inhoudsindicatie" />
    </rdf:Description>
  </rdf:RDF>
  <inhoudsindicatie id="ECLI:NL:HR:2019:317:INH" lang="nl" xml:space="preserve" xmlns="http://www.rechtspraak.nl/schema/rechtspraak-1.0" xmlns:xsd="http://www.w3.org/2001/XMLSchema" xmlns:xsi="http://www.w3.org/2001/XMLSchema-instance">
      <para>Art. 81 lid 1 RO. Aanneming van werk. Reparatie auto. Geen prijs afgesproken bij het sluiten van de overeenkomst. Redelijke prijs verschuldigd; art. 7:752 lid 1 BW. Verzuim reparateur? Ingebrekestelling vereist?</para>
    </inhoudsindicatie>
  <uitspraak id="ECLI:NL:HR:2019:317:DOC" lang="nl" xml:space="preserve" xmlns="http://www.rechtspraak.nl/schema/rechtspraak-1.0" xmlns:xsd="http://www.w3.org/2001/XMLSchema" xmlns:xsi="http://www.w3.org/2001/XMLSchema-instance" xmlns:xlink="http://www.w3.org/1999/xlink">
  <uitspraak.info>
    <para>8 maart 2019</para>
    <para>Eerste Kamer</para>
    <para>18/00763</para>
    <para>TT/EE</para>
    <para />
    <para> </para>
    <para>Hoge Raad der Nederlanden</para>
    <para />
    <para>Arrest</para>
    <para />
    <para> </para>
    <para>in de zaak van:</para>
    <para />
    <parablock>
      <para>
        [eiser],<?linebreak?>wonende te [woonplaats], </para>
      <para />
      <para>EISER tot cassatie,</para>
      <para />
      <para>advocaat: mr. J. den Hoed,</para>
      <para />
      <para />
    </parablock>
    <parablock>
      <para>		t e g e n</para>
      <para />
      <para />
    </parablock>
    <parablock>
      <para>AUTOSERVICE LUIKEN B.V.,<?linebreak?>gevestigd te Hengelo, </para>
      <para />
      <para>VERWEERSTER in cassatie,</para>
      <para />
      <para>niet verschenen.</para>
    </parablock>
    <para />
    <parablock>
      <para>Partijen zullen hierna ook worden aangeduid als [eiser] en Luiken.</para>
    </parablock>
    <para />
  </uitspraak.info>
  <section>
    <title>
      <nr>1</nr>Het geding in feitelijke instanties</title>
    <para>	Voor het verloop van het geding in feitelijke instanties verwijst de Hoge Raad naar: </para>
    <para>a.	de vonnissen in de zaak 4652489\CV EXPL 15-6478 van de kantonrechter te Almelo van 22 maart 2016 en 28 juni 2016;</para>
    <para>b.	de arresten in de zaak 200.194.850 van het gerechtshof Arnhem-Leeuwarden van 9 augustus 2016, 14 februari 2017 en 21 november 2017. </para>
    <para>	Het arrest van het hof van 21 november 2017 is aan dit arrest gehecht.</para>
    <para />
  </section>
  <section>
    <title>
      <nr>2</nr>Het geding in cassatie</title>
    <parablock>
      <para>	Tegen het arrest van het hof van 21 november 2017 heeft [eiser] beroep in cassatie ingesteld. De procesinleiding is aan dit arrest gehecht en maakt daarvan deel uit.</para>
      <para>	Tegen Luiken is verstek verleend.</para>
      <para>	De zaak is voor [eiser] toegelicht door zijn advocaat.</para>
      <para>	De conclusie van de Advocaat-Generaal M.L.C.C. Lückers strekt tot verwerping van het cassatieberoep.</para>
      <para>De advocaat van [eiser] heeft schriftelijk op die conclusie gereageerd.</para>
    </parablock>
    <para />
  </section>
  <section role="overwegingen">
    <title>
      <nr>3</nr>Beoordeling van het middel</title>
    <para>De in het middel aangevoerde klachten kunnen niet tot cassatie leiden. Dit behoeft, gezien art. 81 lid 1 RO, geen nadere motivering nu de klachten niet nopen tot beantwoording van rechtsvragen in het belang van de rechtseenheid of de rechtsontwikkeling.</para>
    <para />
  </section>
  <section role="beslissing">
    <title>
      <nr>4</nr>Beslissing</title>
    <parablock>
      <para>De Hoge Raad:</para>
      <para>verwerpt het beroep;</para>
      <para>veroordeelt [eiser] in de kosten van het geding in cassatie, tot op deze uitspraak aan de zijde van Luiken begroot op nihil.</para>
    </parablock>
    <para />
    <parablock>
      <para>Dit arrest is gewezen door de raadsheren A.M.J. van Buchem-Spapens, als voorzitter, T.H. Tanja-van den Broek en M.J. Kroeze, en in het openbaar uitgesproken door de raadsheer M.V. Polak op <emphasis role="underline">8 maart 2019</emphasis>.</para>
    </parablock>
  </section>
</uitspraak>
</open-rechtspraak>