<?xml version="1.0" encoding="utf-8"?>
<open-rechtspraak>
  <rdf:RDF xmlns:rdf="http://www.w3.org/1999/02/22-rdf-syntax-ns#" xmlns:ecli="https://e-justice.europa.eu/ecli" xmlns:tr="http://tuchtrecht.overheid.nl/" xmlns:eu="http://publications.europa.eu/celex/" xmlns:dcterms="http://purl.org/dc/terms/" xmlns:bwb="bwb-dl" xmlns:cvdr="http://decentrale.regelgeving.overheid.nl/cvdr/" xmlns:psi="http://psi.rechtspraak.nl/" xmlns:rdfs="http://www.w3.org/2000/01/rdf-schema#">
    <rdf:Description>
      <dcterms:identifier>ECLI:NL:PHR:2019:232</dcterms:identifier>
      <dcterms:format>text/xml</dcterms:format>
      <dcterms:accessRights>public</dcterms:accessRights>
      <dcterms:modified>2019-04-24T00:03:15</dcterms:modified>
      <dcterms:issued rdfs:label="Publicatiedatum">2019-03-08</dcterms:issued>
      <dcterms:publisher resourceIdentifier="http://rechtspraak.nl/">Raad voor de Rechtspraak</dcterms:publisher>
      <dcterms:language>nl</dcterms:language>
      <dcterms:creator rdfs:label="Instantie" resourceIdentifier="http://standaarden.overheid.nl/owms/terms/Parket_bij_de_Hoge_Raad" scheme="overheid.RechterlijkeMacht">Parket bij de Hoge Raad</dcterms:creator>
      <dcterms:date rdfs:label="Datum genomen">2019-03-12</dcterms:date>
      <psi:zaaknummer rdfs:label="Zaaknr">17/04020</psi:zaaknummer>
      <dcterms:type rdf:language="nl" resourceIdentifier="http://psi.rechtspraak.nl/conclusie">Conclusie</dcterms:type>
      <dcterms:coverage>NL</dcterms:coverage>
      <dcterms:subject rdfs:label="Rechtsgebied" resourceIdentifier="http://psi.rechtspraak.nl/rechtsgebied#strafrecht">Strafrecht</dcterms:subject>
      <dcterms:relation rdfs:label="Formele relatie" ecli:resourceIdentifier="ECLI:NL:HR:2019:653" psi:type="http://psi.rechtspraak.nl/conclusie" psi:aanleg="http://psi.rechtspraak.nl/latereAanleg">Arrest Hoge Raad: ECLI:NL:HR:2019:653</dcterms:relation>
      <dcterms:hasVersion rdfs:label="Vindplaatsen" resourceIdentifier="http://psi.rechtspraak.nl/vindplaats">
        <rdf:list>
          <rdf:li>Rechtspraak.nl</rdf:li>
        </rdf:list>
      </dcterms:hasVersion>
    </rdf:Description>
    <rdf:Description rdf:about="http://deeplink.rechtspraak.nl/uitspraak?id=ECLI:NL:PHR:2019:232">
      <dcterms:identifier>http://deeplink.rechtspraak.nl/uitspraak?id=ECLI:NL:PHR:2019:232</dcterms:identifier>
      <dcterms:format>text/html</dcterms:format>
      <dcterms:accessRights>public</dcterms:accessRights>
      <dcterms:modified>2019-04-23T10:51:04</dcterms:modified>
      <dcterms:issued rdfs:label="Publicatiedatum">2019-03-12</dcterms:issued>
      <dcterms:publisher resourceIdentifier="http://rechtspraak.nl/">Raad voor de Rechtspraak</dcterms:publisher>
      <dcterms:language>nl</dcterms:language>
      <dcterms:title rdf:language="nl">ECLI:NL:PHR:2019:232 Parket bij de Hoge Raad , 12-03-2019 / 17/04020</dcterms:title>
      <dcterms:abstract resourceIdentifier="../../rs:inhoudsindicatie" />
    </rdf:Description>
  </rdf:RDF>
  <inhoudsindicatie id="ECLI:NL:PHR:2019:232:INH" lang="nl" xml:space="preserve" xmlns="http://www.rechtspraak.nl/schema/rechtspraak-1.0" xmlns:xsd="http://www.w3.org/2001/XMLSchema" xmlns:xsi="http://www.w3.org/2001/XMLSchema-instance">
      <para>Conclusie AG over de vraag of na diefstal van de buitenboordmotor van een zeilboot het (betaalde) liggeld van die zeilboot naar civielrechtelijke maatstaven kan gelden als rechtstreekse schade in de zin van art. 51f lid 1 Sv en over het leerstuk van 'tevergeefs gemaakte kosten'. De AG geeft de Hoge Raad in overweging de uitspraak te vernietigen en de zaak naar het hof terug te wijzen.</para>
    </inhoudsindicatie>
  <conclusie id="ECLI:NL:PHR:2019:232:DOC" lang="nl" xml:space="preserve" xmlns="http://www.rechtspraak.nl/schema/rechtspraak-1.0" xmlns:xsd="http://www.w3.org/2001/XMLSchema" xmlns:xsi="http://www.w3.org/2001/XMLSchema-instance" xmlns:xlink="http://www.w3.org/1999/xlink">
  <informaltable>
    <tgroup cols="2">
      <colspec colname="colA" />
      <colspec colname="colB" />
      <tbody>
        <row>
          <entry>
            <para>Nr. 17/04020</para>
            <para>Zitting: 12 maart 2019</para>
          </entry>
          <entry>
            <para>
              <emphasis role="underline">Mr. E.J. Hofstee</emphasis>
            </para>
            <para>Conclusie inzake:</para>
            <para>
              <emphasis role="underline">
                [verdachte] </emphasis>
            </para>
          </entry>
        </row>
      </tbody>
    </tgroup>
  </informaltable>
  <para />
  <orderedlist numeration="arabic">
    <listitem>
      <para>Het gerechtshof Arnhem-Leeuwarden, zittingsplaats Leeuwarden, heeft de verdachte bij arrest van 30 mei 2017 wegens 1. “diefstal” en 2. “poging tot diefstal” veroordeeld tot een gevangenisstraf voor de duur van zes maanden, waarvan drie maanden voorwaardelijk met een proeftijd van drie jaren en met bijzondere voorwaarden. Voorts heeft het hof de vordering van de benadeelde partij gedeeltelijk toegewezen tot het bedrag van € 385,85 ter zake van materiële schade en voor datzelfde bedrag een schadevergoedingsmaatregel opgelegd, een en ander zoals in het arrest omschreven.</para>
    </listitem>
    <listitem>
      <para>Namens de verdachte heeft mr. V.A. Groeneveld, advocaat te Amsterdam, één middel van cassatie voorgesteld.</para>
    </listitem>
    <listitem>
      <para>Het <emphasis role="underline">middel</emphasis> komt met twee motiveringsklachten op tegen het oordeel van het hof dat de vordering van de benadeelde partij inzake feit 1, voor zover dit “liggeld” betreft, kan worden toegewezen en een schadevergoedingsmaatregel kan worden opgelegd.  </para>
    </listitem>
    <listitem>
      <para>Ten laste van de verdachte is onder 1 bewezenverklaard dat: </para>
    </listitem>
  </orderedlist>
  <para>“hij op 5 juli 2015 te Naarden met het oogmerk van wederrechtelijke toe-eigening heeft weggenomen een kortstaart buitenboordmotor, een accu, twee tankjes, een zaklamp, een zakmes, lijnen en een buitenboordmotorslot, toebehorende aan [benadeelde] .”</para>
  <para />
  <para>5. Blijkens het proces-verbaal van de terechtzitting in hoger beroep van 30 mei 2017 heeft de raadsman van de verdachte onder meer het volgende aangevoerd:</para>
  <para>“De schadepost ‘liggeld’ die is gevorderd, dient te worden afgewezen nu er onvoldoende verband bestaat met betrekking tot het delict. Het is niet nodig dat je een buitenboormotor hebt om met een dergelijke zeilboot te gaan varen.”</para>
  <para />
  <para>6. Dat proces-verbaal houdt voorts het volgende in: </para>
  <para />
  <para />
  <parablock>
    <para>
      <emphasis role="bold">“De voorzitter </emphasis>onderbreekt de zitting en hof trekt zich terug in raadkamer teneinde zich te beraden. Nadat de onderbroken zitting is hervat, verklaart <emphasis role="bold">de voorzitter </emphasis>het onderzoek ter terechtzitting gesloten en deelt mede dat volgens de beslissing van het gerechtshof de uitspraak zal plaatsvinden ter terechtzitting van heden. </para>
  </parablock>
  <para />
  <parablock>
    <para>Vervolgens deelt <emphasis role="bold">de voorzitter </emphasis>de uitspraak van het hof mede, inhoudende dat verdachte wordt veroordeeld ter zake van het onder één en twee tenlastegelegde conform de bewezenverklaring van de politierechter. Dit houdt in dat ter zake van feit één van alle goederen, met uitzondering van de zeilboot, bewezen wordt verklaard dat verdachte deze heeft weggenomen. De goederen zijn door verdachte van de boot gehaald en op het karretje geladen. Daarmee heeft verdachte met deze spullen gedaan wat hem goeddunkt en is de diefstal voltooid. </para>
    <para>[…]</para>
    <para>Ten aanzien van vordering tot schadevergoeding oordeelt het hof dat de post liggeld toewijsbaar is. De periode waarover dit bedrag is gevorderd komt het hof niet onredelijk lang voor en het hof is van oordeel dat er voldoende rechtstreeks verband bestaat tussen de diefstal van de buitenboordmotor en de geleden schade. De barbecue komt eveneens voor vergoeding in aanmerking.<footnote-ref linkend="_2b51ab9e-688e-4668-a854-027f818d3240" />De vergoeding van de motor wordt afgewezen nu er reeds door de verzekering is uitgekeerd. Al met al wordt de vordering tot schadevergoeding van de benadeelde partij toegewezen tot een bedrag van € 338,85 toegewezen met oplegging van de schadevergoedingsmaatregel en te vermeerderen met wettelijke rente vanaf het moment van het ontstaan van de schade. </para>
    <para>[…]</para>
    <para>De voorzitter deelt mede dat binnen 14 dagen na heden beroep in cassatie kan worden ingesteld.”</para>
  </parablock>
  <para />
  <para>7. Het arrest houdt in, voor zover hier van belang: </para>
  <bridgehead role="bold">“Vordering van de benadeelde partij [benadeelde]</bridgehead>
  <para />
  <parablock>
    <para>De benadeelde partij heeft zich in eerste aanleg in het strafproces gevoegd met een vordering tot schadevergoeding. Deze bedraagt € 1.077,59. De vordering is bij het vonnis waarvan beroep toegewezen tot een bedrag van € 977,59. De benadeelde partij heeft zich in hoger beroep opnieuw gevoegd voor het bedrag van haar oorspronkelijke vordering.</para>
    <para>Uit het onderzoek ter terechtzitting is het hof voldoende gebleken dat de benadeelde partij als gevolg van het onder 1 bewezenverklaarde handelen van verdachte rechtstreeks schade heeft geleden tot na te melden bedrag. Verdachte is tot vergoeding van die schade gehouden zodat de vordering tot dat bedrag zal worden toegewezen.</para>
    <para>Voor het overige is uit het onderzoek ter terechtzitting onvoldoende gebleken dat de benadeelde partij rechtstreeks schade heeft geleden. Dit betreft het verschil tussen de uitkering van de verzekering en het aankoopbedrag van de vervangende buitenboordmotor. Op basis van de stukken moet het ervoor worden gehouden dat de verzekering op basis van de waarde van de ontvreemde motor reeds heeft vergoed en komt het meerdere niet voor vergoeding in aanmerking. Verdachte is in zoverre niet tot vergoeding van die schade gehouden zodat de vordering voor het overige zal worden afgewezen. Om te bevorderen dat de schade door verdachte wordt vergoed, zal het hof de maatregel van artikel 36f van het Wetboek van Strafrecht opleggen op de hierna te noemen wijze.”</para>
  </parablock>
  <para />
  <para>8. Het toegewezen bedrag bestaat onder meer uit liggeld ten bedrage van € 238,85.<footnote-ref linkend="_7b9bc428-7fa4-4856-a253-28b0166e77e0" />Kennelijk is het hof van oordeel dat (ook) het liggeld kan worden aangemerkt als  “rechtstreekse schade” in de zin van art. 51f, eerste lid, Sv.</para>
  <para />
  <para>8. De eerste klacht werpt de vraag op of het liggeld is aan te merken als materiële schade, nu het om een zeilboot gaat en een buitenboordmotor niet nodig is om daarmee te (kunnen) varen. De tweede klacht betwist het causale verband tussen de schadeveroorzakende gebeurtenis (het wegnemen van de buitenboordmotor) en de toegewezen schade aangaande het liggeld, nu liggeld hoe dan ook moet worden betaald, of er met de zeilboot wordt gevaren of niet.  </para>
  <para />
  <para>9. Ingevolge art. 51f, eerste lid, Sv kan uitsluitend een persoon die rechtstreeks schade heeft geleden door een strafbaar feit zich als benadeelde partij ter zake van zijn of haar vordering tot schadevergoeding voegen in het strafproces. De voegingsprocedure is “een civiele procedure ingebed in het strafproces, waarlangs de benadeelde partij haar schade kan verhalen”.<footnote-ref linkend="_cad35f43-16cd-4037-9ffd-281c95c4ade5" /> De toewijsbaarheid van de vordering benadeelde partij dient te worden beoordeeld naar maatstaven van burgerlijk recht. Dat betekent dat de bepalingen als bedoeld in de artikelen 6:95 – 6:110 BW hier van toepassing zijn. </para>
  <para>10. In art. 6:95 BW is bepaald dat de schade die op grond van een wettelijke verplichting tot schadevergoeding moet worden vergoed onder meer bestaat in vermogensschade. Ingevolge art. 6:96 BW omvat vermogensschade zowel geleden verlies als gederfde winst (en enkele, hier niet relevante, andere vormen van vermogensschade<footnote-ref linkend="_70f9efe3-8f15-4e83-9d66-4ca96f9205eb" />). </para>
  <para>11. Voorts heeft de civiele kamer van de Hoge Raad enkele vormen van vermogensschade erkend die niet direct onder het bereik van art. 6:96 BW zijn te brengen.<footnote-ref linkend="_923e83a0-a5f4-49b3-bca3-0b20123bbeb6" /> Zo heeft de Hoge Raad in het arrest van 28 januari 2005, ECLI:NL:HR:2005:AR6460, <emphasis role="italic">NJ </emphasis>2008/55, m.nt. Hijma geoordeeld dat tevergeefs gemaakte kosten kunnen gelden als vermogensschade:</para>
  <parablock>
    <para>“3.3.1 Indien iemand uitgaven heeft gedaan ter verkrijging van een op zichzelf niet op geld waardeerbaar onstoffelijk voordeel en hij dit voordeel heeft moeten missen, zal met het oog op het begroten van de door hem geleden schade - die als vermogensschade moet worden aangemerkt - als uitgangspunt hebben te gelden dat de waarde van het gemiste voordeel moet worden gesteld op de voor het verkrijgen daarvan gedane uitgaven die hun doel hebben moeten missen. Indien deze schade op de voet van art. 6:98 BW aan een ander kan worden toegerekend als gevolg van een gebeurtenis waarvoor deze aansprakelijk is, zal die ander deze schade in haar geheel moeten vergoeden, tenzij dit, alle omstandigheden van het geval in aanmerking genomen, onredelijk zou zijn.”</para>
    <para>Voor het leerstuk van tevergeefs gemaakte kosten is tevens HR 5 december 2008, ECLI:NL:HR:2008:BF1042, <emphasis role="italic">NJ </emphasis>2010/579, m.nt. Hijma van belang. In deze zaak moest de koper van een plezierjacht gedurende enige tijd het genot daarvan gedeeltelijk missen vanwege gebreken waarvoor de verkoper aansprakelijk was. De koper vorderde schadevergoeding wegens wanprestatie. Daartoe voerde hij aan dat hij uitgaven had gedaan ter verkrijging van onstoffelijk voordeel (o.a. het betalen van liggeld), maar dat het voordeel was uitgebleven nu hij het jacht onder meer een aantal dagen niet kon gebruiken en minder snel kon varen, zodat de uitgaven hun doel hadden gemist. Het oordeel van het hof dat het genot dat de koper had moeten missen zo gering van omvang was dat de daardoor geleden onstoffelijke schade niet voor vergoeding in aanmerking kwam, achtte de Hoge Raad niet onjuist. De Hoge Raad overwoog daarbij in het bijzonder dat niet kon worden gezegd dat het onstoffelijk voordeel de koper geheel was ontgaan, en dat de uitgaven hun doel geheel hadden gemist. </para>
  </parablock>
  <para>12. In het schadevergoedingsrecht neemt het leerstuk van tevergeefs gemaakte kosten een bijzondere plaats in.<footnote-ref linkend="_07c08629-a878-462c-9b58-ffb3045b3fd8" /> Goed beschouwd gaat het om een vergoeding voor het gemis van immateriële voordelen, waarvoor in beginsel slechts in de in art. 6:106 BW voorziene gevallen ruimte is. Desalniettemin kan van vermogensschade worden gesproken, omdat het gemiste immateriële voordeel kan worden gerelateerd aan materieel nadeel in de vorm van het doen van uitgaven. Vanwege het complexe karakter van dit leerstuk is terughoudendheid in beginsel geboden. Die terughoudendheid wordt op twee manieren bereikt. In de eerste plaats doordat de kosten <emphasis role="italic">tevergeefs </emphasis>moeten zijn, de uitgaven moeten hun doel hebben gemist. Uitgaven die hun doel niet (geheel) missen, zijn immers niet tevergeefs.<footnote-ref linkend="_35dbbf5c-d454-4403-9b34-5b7dcad08d11" /> In de tweede plaats komen alleen de schadeposten voor vergoeding in aanmerking die in een causaal verband staan tot de tevergeefs gemaakte kosten. Daarbij verdient opmerking dat een enkel <emphasis role="italic">condicio sine qua non</emphasis>-verband hier niet volstaat. In overeenstemming met art. 6:98 BW dient ook te worden beoordeeld of de tevergeefs gemaakte kosten in een zodanig verband staan met de tekortkoming dat zij in redelijkheid aan de schuldenaar kunnen worden toegerekend.<footnote-ref linkend="_2c736766-909b-4622-9ca3-e0bf0f6ab93b" /> Voor beantwoording van de vraag welke schade in redelijkheid aan de schuldenaar kan worden toegerekend, zijn onder meer de voorzienbaarheid van de gevolgen, de aard van de aansprakelijkheid, de aard van de schade en de mate van schuld van belang.<footnote-ref linkend="_4bc594c2-9285-44c1-9f01-5f18eaff1b76" /></para>
  <para>13. Ik keer terug naar onderhavige zaak. De vraag is nu of het hof zonder nadere motivering op begrijpelijke wijze tot het oordeel is gekomen dat in het onderhavige geval het liggeld is aan te merken als rechtstreekse schade. Vooropgesteld moet worden dat het liggeld niet kan worden gezien als geleden verlies in de zin van art. 6:96, eerste lid, BW. De benadeelde partij zou immers, ook indien de motor niet was weggenomen, zijn gehouden tot het betalen van liggeld. Weliswaar tast het betalen van liggeld de benadeelde partij in zijn vermogenspositie aan, maar het is geen materieel geleden verlies ten gevolge van de schadeveroorzakende gebeurtenis, hier het wegnemen van de buitenboordmotor. </para>
  <para />
  <para>14. Kennelijk is het hof van oordeel dat het liggeld in deze zaak kan worden aangemerkt als tevergeefs gemaakte kosten. Gelet op hetgeen in de randnummers 11 en 12 is uiteengezet, acht ik dat oordeel niet zonder meer begrijpelijk. Het hof heeft allereerst niets vastgesteld omtrent de vraag of de kosten ten gevolge van de schadetoebrengende gebeurtenis tevergeefs zijn gemaakt, dat wil zeggen of de uitgaven hun doel hebben gemist.  Voorts is het kennelijke oordeel van het hof dat het liggeld in een rechtstreeks verband staat tot de schadetoebrengende gebeurtenis (het wegnemen van de motor) zonder nadere motivering, die ontbreekt, niet begrijpelijk. Daarbij heb ik in het bijzonder in aanmerking genomen dat het hof niets heeft vastgesteld omtrent de vraag of het redelijk is dat de verdachte de tevergeefs gemaakte kosten dient te vergoeden nu de benadeelde partij hoe dan ook was gehouden tot het betalen van het liggeld. </para>
  <para>15. Het middel slaagt. </para>
  <para>16. Gronden waarop de Hoge Raad gebruik zou moeten maken van zijn bevoegdheid de bestreden uitspraak ambtshalve te vernietigen, heb ik niet aangetroffen.</para>
  <para>17. Deze conclusie strekt tot vernietiging van de bestreden uitspraak, doch alleen wat betreft de beslissingen ten aanzien van de vordering van de benadeelde partij en de opgelegde schadevergoedingsmaatregel, en tot zodanige op art. 440 Sv gebaseerde beslissing als de Hoge Raad gepast zal voorkomen. </para>
  <para />
  <para />
  <parablock>
    <para>De Procureur-Generaal</para>
    <para>bij de Hoge Raad der Nederlanden</para>
  </parablock>
  <para />
  <parablock>
    <para>AG</para>
  </parablock>
  <footnote id="_2b51ab9e-688e-4668-a854-027f818d3240" label="1">
    <para> Blijkens het proces-verbaal heeft de verdachte verklaard dat hij ook vanaf de boot een barbecue heeft weggenomen. Dat is echter niet bewezen verklaard. Het maakte zelfs geen deel uit van de tenlastelegging. Nu over het oordeel van het hof dat “de barbecue” ook voor vergoeding in aanmerking komt niet wordt geklaagd, laat ik dit punt hier verder rusten. </para>
  </footnote>
  <footnote id="_7b9bc428-7fa4-4856-a253-28b0166e77e0" label="2">
    <para> Dit bedrag blijkt uit het Schadeopgaveformulier Misdrijven.  </para>
  </footnote>
  <footnote id="_cad35f43-16cd-4037-9ffd-281c95c4ade5" label="3">
    <para>
      <emphasis role="italic">Kamerstukken II</emphasis> 1990/91, 21 345, nr. 5, p. 3. Zie voorts F.F. Langemeijer, <emphasis role="italic">Het slachtoffer en het strafproces, </emphasis>tweede druk, Deventer: Kluwer 2010, p. 125. </para>
  </footnote>
  <footnote id="_70f9efe3-8f15-4e83-9d66-4ca96f9205eb" label="4">
    <para> Art. 6:96, tweede lid, BW noemt enige categorieën van kosten die voor vergoeding in aanmerking komen indien zij redelijk zijn wat betreft het maken ervan en hun omvang. </para>
  </footnote>
  <footnote id="_923e83a0-a5f4-49b3-bca3-0b20123bbeb6" label="5">
    <para> Zie C.H. Sieburgh, <emphasis role="italic">Mr. Assers handleiding tot de beoefening van het Nederlands Burgerlijk recht. 6. Verbintenissenrecht. Deel II. De verbintenis in het algemeen</emphasis>, Deventer: Kluwer 2017, nr. 30e en S.D. Lindenbergh, <emphasis role="italic">Schadevergoeding algemeen, deel 1. </emphasis>Mon. BW nr. B34<emphasis role="italic">,</emphasis> Deventer: Wolters Kluwer 2014, nr. 43. </para>
  </footnote>
  <footnote id="_07c08629-a878-462c-9b58-ffb3045b3fd8" label="6">
    <para> Zie de conclusie van mijn ambtgenoot A-G Hartlief (ECLI:NL:PHR:2017:940) vóór HR 15 september 2017, ECLI:NL:HR:2017:3145, <emphasis role="italic">NJ </emphasis>2018/193, m.nt. Lindenbergh.</para>
  </footnote>
  <footnote id="_35dbbf5c-d454-4403-9b34-5b7dcad08d11" label="7">
    <para> Vgl. het hiervoor genoemde HR 5 december 2008, ECLI:NL:HR:2008:BF1042, <emphasis role="italic">NJ </emphasis>2010/579, m.nt. Hijma. </para>
  </footnote>
  <footnote id="_2c736766-909b-4622-9ca3-e0bf0f6ab93b" label="8">
    <para> Vgl. de noot (onderdeel 10) van A.L.M. Keirse bij HR 1 januari 2005, ECLI:NL:HR:2005:AR6460, <emphasis role="italic">JA </emphasis>2005/25.  </para>
  </footnote>
  <footnote id="_4bc594c2-9285-44c1-9f01-5f18eaff1b76" label="9">
    <para> Sieburgh, <emphasis role="italic">a.w.,</emphasis> nrs. 57-73;  C.J.M. Klaassen<emphasis role="italic">, Schadevergoeding: algemeen, deel 2</emphasis>, Mon.BW B35, Deventer: Wolters Kluwer 2017, nrs. 32-43; <emphasis role="italic">Groene Serie Schadevergoeding, </emphasis>art. 6:98 BW, aant. 4.3 (bewerkt door: R.J.B. Boonekamp, actueel t/m 9 september 2018). </para>
  </footnote>
</conclusie>
</open-rechtspraak>