<?xml version="1.0" encoding="utf-8"?>
<open-rechtspraak>
  <rdf:RDF xmlns:rdf="http://www.w3.org/1999/02/22-rdf-syntax-ns#" xmlns:ecli="https://e-justice.europa.eu/ecli" xmlns:tr="http://tuchtrecht.overheid.nl/" xmlns:eu="http://publications.europa.eu/celex/" xmlns:dcterms="http://purl.org/dc/terms/" xmlns:bwb="bwb-dl" xmlns:cvdr="http://decentrale.regelgeving.overheid.nl/cvdr/" xmlns:psi="http://psi.rechtspraak.nl/" xmlns:rdfs="http://www.w3.org/2000/01/rdf-schema#">
    <rdf:Description>
      <dcterms:identifier>ECLI:NL:CRVB:2019:926</dcterms:identifier>
      <dcterms:format>text/xml</dcterms:format>
      <dcterms:accessRights>public</dcterms:accessRights>
      <dcterms:modified>2019-03-21T13:27:46</dcterms:modified>
      <dcterms:issued rdfs:label="Publicatiedatum">2019-03-20</dcterms:issued>
      <dcterms:publisher resourceIdentifier="http://rechtspraak.nl/">Raad voor de Rechtspraak</dcterms:publisher>
      <dcterms:language>nl</dcterms:language>
      <dcterms:creator rdfs:label="Instantie" resourceIdentifier="http://standaarden.overheid.nl/owms/terms/Centrale_Raad_van_Beroep" scheme="overheid.RechterlijkeMacht">Centrale Raad van Beroep</dcterms:creator>
      <dcterms:date rdfs:label="Uitspraakdatum">2019-03-20</dcterms:date>
      <psi:zaaknummer rdfs:label="Zaaknr">17/4590 WIA</psi:zaaknummer>
      <dcterms:type rdf:language="nl" resourceIdentifier="http://psi.rechtspraak.nl/uitspraak">Uitspraak</dcterms:type>
      <psi:procedure rdf:language="nl" rdfs:label="Procedure" resourceIdentifier="http://psi.rechtspraak.nl/procedure#hogerBeroep">Hoger beroep</psi:procedure>
      <dcterms:coverage>NL</dcterms:coverage>
      <dcterms:subject rdfs:label="Rechtsgebied" resourceIdentifier="http://psi.rechtspraak.nl/rechtsgebied#bestuursrecht_socialezekerheidsrecht">Bestuursrecht; Socialezekerheidsrecht</dcterms:subject>
      <dcterms:hasVersion rdfs:label="Vindplaatsen" resourceIdentifier="http://psi.rechtspraak.nl/vindplaats">
        <rdf:list>
          <rdf:li>Rechtspraak.nl</rdf:li>
        </rdf:list>
      </dcterms:hasVersion>
    </rdf:Description>
    <rdf:Description rdf:about="http://deeplink.rechtspraak.nl/uitspraak?id=ECLI:NL:CRVB:2019:926">
      <dcterms:identifier>http://deeplink.rechtspraak.nl/uitspraak?id=ECLI:NL:CRVB:2019:926</dcterms:identifier>
      <dcterms:format>text/html</dcterms:format>
      <dcterms:accessRights>public</dcterms:accessRights>
      <dcterms:modified>2019-03-20T16:08:30</dcterms:modified>
      <dcterms:issued rdfs:label="Publicatiedatum">2019-03-21</dcterms:issued>
      <dcterms:publisher resourceIdentifier="http://rechtspraak.nl/">Raad voor de Rechtspraak</dcterms:publisher>
      <dcterms:language>nl</dcterms:language>
      <dcterms:title rdf:language="nl">ECLI:NL:CRVB:2019:926 Centrale Raad van Beroep , 20-03-2019 / 17/4590 WIA</dcterms:title>
      <dcterms:abstract resourceIdentifier="../../rs:inhoudsindicatie" />
    </rdf:Description>
  </rdf:RDF>
  <inhoudsindicatie id="ECLI:NL:CRVB:2019:926:INH" lang="nl" xml:space="preserve" xmlns="http://www.rechtspraak.nl/schema/rechtspraak-1.0" xmlns:xsd="http://www.w3.org/2001/XMLSchema" xmlns:xsi="http://www.w3.org/2001/XMLSchema-instance">
      <para>Beëindiging WGA-uitkering. De medische belastbaarheid van appellant op de datum in geding is in de rapporten op inhoudelijk overtuigende wijze gemotiveerd. Voldoende is gemotiveerd dat het door appellant ingebrachte rapport van de bedrijfs- en verzekeringsarts geen aanleiding geeft om de FML aan te passen.</para>
    </inhoudsindicatie>
  <uitspraak id="ECLI:NL:CRVB:2019:926:DOC" lang="nl" xml:space="preserve" xmlns="http://www.rechtspraak.nl/schema/rechtspraak-1.0" xmlns:xsd="http://www.w3.org/2001/XMLSchema" xmlns:xsi="http://www.w3.org/2001/XMLSchema-instance" xmlns:xlink="http://www.w3.org/1999/xlink">
  <section>
    <title>
      <nr>17</nr>4590 WIA </title>
    <para />
    <para />
    <para />
    <para />
    <para />
    <para />
    <para />
    <parablock>
      <para>Datum uitspraak: 20 maart 2019</para>
    </parablock>
    <para />
    <parablock>
      <para>Centrale Raad van Beroep</para>
      <para>Enkelvoudige kamer</para>
    </parablock>
    <para />
    <para />
    <para />
    <para />
    <para />
    <para />
    <para />
    <para />
    <para />
    <parablock>
      <para>Uitspraak op het hoger beroep tegen de uitspraak van de rechtbank Gelderland van <?linebreak?>1 juni 2017, 16/4318 (aangevallen uitspraak)</para>
    </parablock>
    <para />
    <para />
    <para />
    <para />
    <para />
    <parablock>
      <para>Partijen:</para>
    </parablock>
    <para />
    <parablock>
      <para>
        [appellant] te [woonplaats] (appellant)</para>
    </parablock>
    <para />
    <parablock>
      <para>de Raad van bestuur van het Uitvoeringsinstituut werknemersverzekeringen (Uwv)</para>
    </parablock>
    <para />
    <para />
    <parablock>
      <para>PROCESVERLOOP</para>
    </parablock>
    <para />
    <parablock>
      <para>Namens appellant heeft mr. S.B. Epozdemir, advocaat, hoger beroep ingesteld.</para>
    </parablock>
    <para />
    <parablock>
      <para>Het Uwv heeft een verweerschrift ingediend.</para>
    </parablock>
    <para />
    <parablock>
      <para>Het onderzoek ter zitting heeft plaatsgevonden op 6 februari 2019. Appellant is verschenen, bijgestaan door mr. Epozdemir. Het Uwv heeft zich laten vertegenwoordigen door mr. I. Smit.</para>
    </parablock>
    <para />
    <para />
  </section>
  <section role="overwegingen">
    <title>OVERWEGINGEN</title>
    <para />
    <paragroup>
      <nr>1.1.</nr>
      <para>Appellant is werkzaam geweest als schoonmaker. Op 1 februari 2010 heeft hij zich ziek gemeld voor dit werk vanwege lichamelijke klachten. Per 29 januari 2012 is hem een uitkering op grond van de Wet werk en inkomen naar arbeidsvermogen toegekend.</para>
      <para />
    </paragroup>
    <paragroup>
      <nr>1.2.</nr>
      <para>Op verzoek van de werkgever heeft een verzekeringsgeneeskundig en arbeidskundig onderzoek plaatsgevonden. Daarbij is de mate van arbeidsongeschiktheid vastgesteld op 13,97%. Naar aanleiding hiervan is bij besluit van 22 december 2015 de WGA-uitkering van appellant per 23 februari 2016 beëindigd. Bij beslissing op bezwaar van 20 juni 2016 (bestreden besluit) is het hiertegen gerichte bezwaar ongegrond verklaard. </para>
      <para />
      <parablock>
        <para>2. Bij de aangevallen uitspraak heeft de rechtbank het beroep van appellant tegen het bestreden besluit ongegrond verklaard. Hiertoe heeft de rechtbank overwogen dat de medische belastbaarheid van appellant op de datum in geding in de rapporten op inhoudelijk overtuigende wijze is gemotiveerd. Voldoende is gemotiveerd dat het door appellant ingebrachte rapport van bedrijfs- en verzekeringsarts J.P. Voogd geen aanleiding geeft om de FML aan te passen. Ten aanzien van de linkerhand- en armklachten is toegelicht dat een licht functieverlies van de ringvinger en pink bij intacte functie van de andere vingers niet betekent dat daarmee ook de handfunctie in de FML beperkt moet worden geacht. Voor wat betreft de psychische klachten heeft de rechtbank van belang geacht dat door Voogd geen nadere toelichting of onderbouwing wordt gegeven voor de door hem genoemde “duidelijke aanwijzingen voor PTSS”. Ook is van belang dat Voogd appellant ruim zeven maanden na de datum in geding op een spreekuur heeft gezien. Voogd heeft bovendien zelf opgemerkt dat de gestelde PTSS niet congruent is met de medische informatie van Avicenna. De verzekeringsartsen van het Uwv zijn naar het oordeel van de rechtbank uitgebreid ingegaan op de gestelde psychische problematiek en hebben beiden psychisch onderzoek gedaan tijdens hun spreekuren. Verzekeringsarts G.P.J. de Kanter wijst erop dat hijzelf geen indicatie voor een psychiatrisch beeld heeft waargenomen en dat ook bij de huisarts geen informatie over een cognitieve of stemmingsstoornis bekend is. Uit de brief van psychiater F. Kaya blijkt dat appellant pas sinds 6 maart 2017 in behandeling is. Dat is meer dan een jaar na de datum in geding. </para>
      </parablock>
      <para />
    </paragroup>
    <paragroup>
      <nr>3.1.</nr>
      <para>Appellant heeft in hoger beroep aangevoerd dat er te weinig beperkingen zijn vastgesteld. Ten onrechte is de rechtbank voorbijgegaan aan het rapport van Voogd. Ter onderbouwing van zijn standpunt heeft appellant in hoger beroep informatie van de ergotherapeut (Hendriks) van 30 januari 2019, van de revalidatie-arts (Maas) van 28 januari 2019 en een brief van de psychiater (Kaya) en psycholoog (Sahin) van 31 januari 2019 ingebracht. Ter zitting heeft appellant benadrukt dat het Uwv er ten onrechte van uitgaat dat appellant fraudeert omdat hij tijdens het spreekuur bij de verzekeringsarts een tourniquet droeg. </para>
      <para />
    </paragroup>
    <paragroup>
      <nr>3.2.</nr>
      <para>Het Uwv heeft bevestiging van de aangevallen uitspraak bepleit.</para>
      <para />
      <parablock>
        <para>4. De Raad komt tot de volgende beoordeling.</para>
      </parablock>
      <para />
    </paragroup>
    <paragroup>
      <nr>4.1.</nr>
      <para>Hetgeen appellant in hoger beroep heeft aangevoerd is grotendeels een herhaling van wat hij in bezwaar en beroep naar voren heeft gebracht. Het oordeel van de rechtbank over het bestreden besluit en de aan dat oordeel ten grondslag gelegde overwegingen worden onderschreven. Aan het rapport van Voogd heeft de rechtbank terecht niet de betekenis gehecht die appellant wenst. Benadrukt wordt dat alle medische informatie bij de beoordeling is betrokken en dat de verzekeringsartsen met de klachten van appellant rekening hebben gehouden. Het behoort tot de deskundigheid van de verzekeringsarts om dit te vertalen naar beperkingen. Er is geen aanleiding aan het oordeel van de verzekeringsartsen te twijfelen. </para>
      <para />
    </paragroup>
    <paragroup>
      <nr>4.2.</nr>
      <para>De overgelegde informatie in hoger beroep leidt niet tot een ander oordeel. Deze informatie ziet niet op de datum in geding (23 februari 2016). De stelling dat uit de informatie van de ergotherapeut en de revalidatie-arts blijkt dat appellant zijn klachten niet veinst, treft geen doel. De verzekeringsartsen gaan er niet van uit dat appellant geen klachten heeft, maar dat deze klachten tot minder beperkingen leiden dan appellant zelf stelt. Het dragen van een tourniquet wordt door de verzekeringsarts twijfelachtig gevonden, maar maakt niet dat voorbij is gegaan aan de klachten en dat daarvoor geen beperkingen zijn vastgesteld. Daar komt nog bij dat het Uwv ter zitting terecht heeft opgemerkt dat de nieuwe informatie ziet op het dragen van een compressiekous, terwijl appellant bij de verzekeringsarts een tourniquet droeg. De stelling ter zitting dat het Uwv uitgaat van fraude, wordt niet gevolgd. Uit het dossier blijkt niet dat dit standpunt door het Uwv wordt gehuldigd, dan wel dat dit ten grondslag heeft gelegen aan de besluitvorming. </para>
      <para />
      <para>5. Het hoger beroep slaagt daarom niet en de aangevallen uitspraak zal worden bevestigd.</para>
      <para />
      <para>6. Voor een proceskostenveroordeling bestaat geen aanleiding.</para>
      <para />
    </paragroup>
  </section>
  <section role="beslissing">
    <title>BESLISSING</title>
    <para />
    <parablock>
      <para>De Centrale Raad van Beroep bevestigt de aangevallen uitspraak.</para>
    </parablock>
    <para />
    <para />
    <parablock>
      <para>Deze uitspraak is gedaan door H.G. Rottier, in tegenwoordigheid van P.B. van Onzenoort als griffier. De beslissing is uitgesproken in het openbaar op 20 maart 2019.</para>
    </parablock>
    <para />
    <para />
    <para />
    <parablock>
      <para>					(getekend) H.G. Rottier</para>
    </parablock>
    <para />
    <para />
    <para />
    <parablock>
      <para>					(getekend) P.B. van Onzenoort</para>
    </parablock>
    <para />
    <para />
    <para />
  </section>
  <section>
    <title>VC</title>
    <para />
  </section>
</uitspraak>
</open-rechtspraak>