<?xml version="1.0" encoding="utf-8"?>
<open-rechtspraak>
  <rdf:RDF xmlns:rdf="http://www.w3.org/1999/02/22-rdf-syntax-ns#" xmlns:ecli="https://e-justice.europa.eu/ecli" xmlns:tr="http://tuchtrecht.overheid.nl/" xmlns:eu="http://publications.europa.eu/celex/" xmlns:dcterms="http://purl.org/dc/terms/" xmlns:bwb="bwb-dl" xmlns:cvdr="http://decentrale.regelgeving.overheid.nl/cvdr/" xmlns:psi="http://psi.rechtspraak.nl/" xmlns:rdfs="http://www.w3.org/2000/01/rdf-schema#">
    <rdf:Description>
      <dcterms:identifier>ECLI:NL:GHDHA:2019:382</dcterms:identifier>
      <dcterms:format>text/xml</dcterms:format>
      <dcterms:accessRights>public</dcterms:accessRights>
      <dcterms:modified>2019-03-05T10:00:19</dcterms:modified>
      <dcterms:issued rdfs:label="Publicatiedatum">2019-02-26</dcterms:issued>
      <dcterms:publisher resourceIdentifier="http://rechtspraak.nl/">Raad voor de Rechtspraak</dcterms:publisher>
      <dcterms:language>nl</dcterms:language>
      <dcterms:creator rdfs:label="Instantie" resourceIdentifier="http://standaarden.overheid.nl/owms/terms/Gerechtshof_Den_Haag" scheme="overheid.RechterlijkeMacht">Gerechtshof Den Haag</dcterms:creator>
      <dcterms:date rdfs:label="Uitspraakdatum">2019-03-05</dcterms:date>
      <psi:zaaknummer rdfs:label="Zaaknr">200.194.993-02</psi:zaaknummer>
      <dcterms:type rdf:language="nl" resourceIdentifier="http://psi.rechtspraak.nl/uitspraak">Uitspraak</dcterms:type>
      <psi:procedure rdf:language="nl" rdfs:label="Procedure" resourceIdentifier="http://psi.rechtspraak.nl/procedure#hogerBeroep">Hoger beroep</psi:procedure>
      <dcterms:coverage>NL</dcterms:coverage>
      <dcterms:spatial rdfs:label="Zittingsplaats">'s-Gravenhage</dcterms:spatial>
      <dcterms:subject rdfs:label="Rechtsgebied" resourceIdentifier="http://psi.rechtspraak.nl/rechtsgebied#civielRecht_verbintenissenrecht">Civiel recht; Verbintenissenrecht</dcterms:subject>
      <dcterms:hasVersion rdfs:label="Vindplaatsen" resourceIdentifier="http://psi.rechtspraak.nl/vindplaats">
        <rdf:list>
          <rdf:li>Rechtspraak.nl</rdf:li>
        </rdf:list>
      </dcterms:hasVersion>
    </rdf:Description>
    <rdf:Description rdf:about="http://deeplink.rechtspraak.nl/uitspraak?id=ECLI:NL:GHDHA:2019:382">
      <dcterms:identifier>http://deeplink.rechtspraak.nl/uitspraak?id=ECLI:NL:GHDHA:2019:382</dcterms:identifier>
      <dcterms:format>text/html</dcterms:format>
      <dcterms:accessRights>public</dcterms:accessRights>
      <dcterms:modified>2019-02-28T09:21:54</dcterms:modified>
      <dcterms:issued rdfs:label="Publicatiedatum">2019-03-05</dcterms:issued>
      <dcterms:publisher resourceIdentifier="http://rechtspraak.nl/">Raad voor de Rechtspraak</dcterms:publisher>
      <dcterms:language>nl</dcterms:language>
      <dcterms:title rdf:language="nl">ECLI:NL:GHDHA:2019:382 Gerechtshof Den Haag , 05-03-2019 / 200.194.993-02</dcterms:title>
      <dcterms:abstract resourceIdentifier="../../rs:inhoudsindicatie" />
    </rdf:Description>
  </rdf:RDF>
  <inhoudsindicatie id="ECLI:NL:GHDHA:2019:382:INH" lang="nl" xml:space="preserve" xmlns="http://www.rechtspraak.nl/schema/rechtspraak-1.0" xmlns:xsd="http://www.w3.org/2001/XMLSchema" xmlns:xsi="http://www.w3.org/2001/XMLSchema-instance">
      <para>Appartementsrecht en verenigingsrecht. Verhouding VvE ex art 5:112 BW en Vereniging ex art 2:26 BW. Kwalitatief lidmaatschap?</para>
    </inhoudsindicatie>
  <uitspraak id="ECLI:NL:GHDHA:2019:382:DOC" lang="nl" xml:space="preserve" xmlns="http://www.rechtspraak.nl/schema/rechtspraak-1.0" xmlns:xsd="http://www.w3.org/2001/XMLSchema" xmlns:xsi="http://www.w3.org/2001/XMLSchema-instance" xmlns:xlink="http://www.w3.org/1999/xlink">
  <uitspraak.info>
    <bridgehead role="bold">GERECHTSHOF DEN HAAG  </bridgehead>
    <para>Afdeling Civiel recht</para>
    <para />
    <parablock>
      <para>Zaaknummer	: 200.194.993/02</para>
      <para>Zaaknummer rechtbank	: 3873629 RL EXPL 15-4729</para>
    </parablock>
    <para />
    <parablock>
      <para>
        <emphasis role="bold">Arrest van 5 maart 2019</emphasis>
        <?linebreak?>
      </para>
      <para>in de zaak met bovenvermeld zaaknummer van:</para>
    </parablock>
    <para />
    <para />
    <parablock>
      <para>
        <emphasis role="bold">
          [naam vereniging]
        </emphasis>,</para>
      <para>gevestigd te [plaats 1] ,</para>
      <para>appellante,</para>
      <para>hierna te noemen: [de vereniging] ,</para>
      <para>advocaat: mr. Q.F.B.W. Kendall te Rotterdam,</para>
    </parablock>
    <para />
    <para />
    <parablock>
      <para>tegen:</para>
    </parablock>
    <para />
    <para />
  </uitspraak.info>
  <section>
    <title>
      <nr>1</nr> [naam 1] ,</title>
    <para>wonende te [woonplaats] ,</para>
    <bridgehead role="bold">2. [naam 2] ,</bridgehead>
    <parablock>
      <para>wonende te [woonplaats] ,</para>
      <para>geïntimeerden,</para>
      <para>hierna te noemen: [geïntimeerde] (mannelijk enkelvoud),</para>
      <para>advocaat: mr. M.J.M.T. van Maarle te [plaats 2] .</para>
    </parablock>
    <para />
    <para />
    <parablock>
      <para>
        <emphasis role="bold">Het geding</emphasis>
      </para>
    </parablock>
    <para />
    <parablock>
      <para>Voor de gang van zaken tot 26 juli 2016 wordt verwezen naar het tussenarrest van die datum, waarbij een comparitie na aanbrengen werd gelast. Deze comparitie heeft plaatsgevonden op 7 september 2016. Hiervan is proces-verbaal opgemaakt. Vervolgens heeft [de vereniging] op 31 januari 2018 bij memorie van grieven (met producties) vier grieven aangevoerd en haar eis gewijzigd. [geïntimeerde] heeft bij memorie van antwoord (met producties) verweer gevoerd. Hierna hebben partijen hun zaak schriftelijk bepleit, waarna zij arrest hebben gevraagd.</para>
    </parablock>
    <para />
    <parablock>
      <para>
        <emphasis role="bold">Beoordeling van het hoger beroep</emphasis>
      </para>
    </parablock>
    <para />
    <parablock>
      <para>
        <emphasis role="bold italic">De feiten</emphasis>
      </para>
    </parablock>
    <para />
    <para>1. De door de rechtbank in rechtsoverwegingen 2.1 tot en met 2.5 van het bestreden vonnis van 4 april 2016 (hierna: het vonnis) vastgestelde feiten staan niet ter discussie, zodat ook het hof daarvan uitgaat.<?linebreak?></para>
  </section>
  <section>
    <title>
      <nr>2</nr>Het onderhavige geschil gaat over het volgende.<?linebreak?>(2.1)	[geïntimeerde] is door de inschrijving van de akte van levering van 22 november 1996 (productie 2 conclusie van antwoord) eigenaar geworden van een appartementsrecht, bekend als [adres 1] te [plaats 2] en omvattende het uitsluitend gebruik van woonhuis met onderliggende garage, kadastraal bekend gemeente [plaats 2] , [kadastrale aanduiding 1] . De gemeenschap waarvan voormeld appartementsrecht deel uitmaakt omvat blijkens de splitsingsakte van 27 november 1973 (productie 3 conclusie van antwoord) twee appartementsrechten. [geïntimeerde] is als eigenaar van appartementsindex 1 in deze gemeenschap gerechtigd voor 12/13e gedeelte; de eigenaar van appartementsindex 2 (een garage) is gerechtigd voor 1/13e gedeelte. <?linebreak?>(2.2)	De in 2.1 genoemde appartementseigenaren zijn van rechtswege lid van de Vereniging van Eigenaren [adres 1] . <?linebreak?>(2.3)	Tevens heeft [geïntimeerde] blijkens de in 2.1 genoemde akte van levering toen in eigendom verworven het 1/136ste onverdeeld aandeel in de daarbij gelegen weg, kadastraal bekend gemeente [plaats 2] , [kadastrale aanduiding 2] , welk geheel groot is 8,87 are (887 m²).<?linebreak?>(2.4)	In de leveringsakte van 22 november 1996 heeft [geïntimeerde] zich verplicht als lid toe te treden tot (kort gezegd) [de vereniging] en deze verplichting via een zogenaamd kettingbeding op te leggen aan zijn rechtsopvolgers. Tevens heeft [geïntimeerde] daarin verklaard zich te onderwerpen aan alle bepalingen, vermeld in de in 2.1 bedoelde splitsingsakte uit 1973.<?linebreak?>(2.5)	[de vereniging] is een vereniging in de zin van artikel 2:26 BW en is opgericht in 1974. [de vereniging] stelt zich ten doel om te zorgen voor het onderhoud van de (hierna in 2.7 nader omschreven) gemeenschappelijke dekken, inclusief de privé-inhammen, de hekwerken aan de zijkanten van de dekken, de keerwanden en de hemelwaterafvoer welke zich in en onder de dekken bevindt, van het woningcomplex waartoe de adressen [adres 2] en [adres 3] te [plaats 2] (hierna ook: het complex) horen [hof: volledige doelomschrijving weergegeven in §1.14 van het vonnis]. <?linebreak?>(2.6)	Het complex omvat 83 woningen en 173 garages. In totaal gaat het om 256 appartementsrechten. [geïntimeerde] heeft hiervan het onder 2.1 nader omschreven  appartementsrecht.<?linebreak?>(2.7)	Het (gemeenschappelijke) dek is een betonnen plaat, met spankabels er doorheen. Onder het dek liggen de garages. Op en naast het dek zijn de woningen gebouwd. Tussen de woningen liggen op de betonnen plaat (het dek) looppaden waarmee iedere bewoner bij de voordeur van zijn woning kan komen. Deze looppaden, inclusief privé-inhammen van de bewoners, zijn bedekt met waterwerend bitumen en voorzien van waterdoorvoeren en loodslabben aan de buitenkant van de woningen. Over de looppaden, privé inhammen en hellingbanen zijn dektegels op dragers aangebracht ter bescherming van het dek zelf. <?linebreak?>(2.8)	Tot het onverdeelde deel van het complex behoren (i) de looppaden op de dekken, welke tevens dienen als daken boven de onderliggende wegen (met uitzondering van de bij de woningen behorende ‘voorruimten’/inhammen), (ii) hekwerken, (iii) betonnen keerwanden, (iv) trappen en hellingbanen, (v) de wegen onder de dekken en (vi) de verlichting. De onderdelen (iv), (v) en (vi) zijn in beheer bij de gemeente [plaats 2] . De rest bij [de vereniging] . Om het onderhoud van de dekken te bekostigen wordt jaarlijks in de algemene ledenvergadering (ALV) van [de vereniging] aan de hand van een meerjaren onderhoudsplan de contributie bepaald. <?linebreak?>(2.9)	De statuten van de [de vereniging] zijn op 14 mei 2002 gewijzigd, na besluit daartoe door de ALV van 26 juni 2001 onder de opschortende voorwaarde dat tenminste 90% van de dekwoning-eigenaren had ingestemd met de wijziging van (naar het hof begrijpt) het splitsingsreglement in hun splitsingsakte. In artikel 4 van de huidige statuten van [de vereniging] is onder meer een bepaling opgenomen omtrent het lidmaatschap van degenen die ingevolge het reglement van splitsing betreffende hun woning of garage automatisch lid zijn. De hiervoor bedoelde voorgenomen wijziging van de bij het complex betrokken splitsingsakten betreft een verplicht lidmaatschap van de [de vereniging] voor de in die splitsing betrokken appartementseigenaren, waarbij [de vereniging] zich ten doel stelt om de dekken te beheren en onderhouden, terwijl de appartementseigenaren verplicht zijn het onderhoud van de privé-dekgedeelten door [de vereniging] te laten verrichten.<?linebreak?>(2.10)	[geïntimeerde] heeft zijn splitsingsakte (uit 1973) en het daarbij behorende Modelsplitsingsreglement van 22 februari 1973 en Bijzonder Reglement niet gewijzigd.  <?linebreak?>(2.11)	[geïntimeerde] heeft zijn, sinds eind 1996 bestaande, lidmaatschap van de [de vereniging] bij brief van 27 september 2013 opgezegd. <?linebreak?>(2.12)	De [de vereniging] heeft zich tot de kantonrechter gewend en naast achterstallige contributie over 2014, met nevenvorderingen, tevens een verklaring voor recht gevorderd, inhoudende dat er sprake is van een lidmaatschap van [geïntimeerde] van de [de vereniging] , dat dit een ‘kwalitatief lidmaatschap’ is in de zin van artikel 5:112 BW en dat dit niet opzegbaar is.<?linebreak?>(2.13)	De kantonrechter heeft deze vorderingen afgewezen, kort samengevat, omdat er sprake is van een ‘gewone’ vereniging ex artikel 2:26 BW, waarbij vrijheid van uittreden bestaat (overeenkomstig het dwingendrechtelijke artikel 2:35 BW) en waarbij geen sprake is van een kwalitatief lidmaatschap. Daarom is het lidmaatschap van [geïntimeerde] per 1 januari 2014 geëindigd, aldus de kantonrechter.<?linebreak?>De grieven van [de vereniging] <?linebreak?></title>
    <para>3. [de vereniging] heeft vier grieven aangevoerd. Deze houden, samengevat, het volgende in. Met grief 1 wordt geklaagd over de afwijzing van het gestelde kwalitatieve lidmaatschap. Subsidiair stelt [de vereniging] in grief 2 dat [geïntimeerde] ten koste van [de vereniging] ongerechtvaardigd wordt verrijkt. Meer subsidiair in grief 3 beroept [de vereniging] zich op de (beperkende werking van de) redelijkheid en billijkheid. Nog meer subsidiair in grief 4 acht [de vereniging] de opzegging van het lidmaatschap door [geïntimeerde] onrechtmatig.<?linebreak?></para>
  </section>
  <section>
    <title>
      <nr>4</nr> [geïntimeerde] heeft gemotiveerd verweer gevoerd.<?linebreak?>De (gewijzigde) vordering van [de vereniging]  <?linebreak?></title>
    <para>5. [de vereniging] vordert, zakelijk weergegeven, voor zoveel mogelijk uitvoerbaar bij voorraad: <?linebreak?><emphasis role="underline">primair:</emphasis><?linebreak?>I.	een descente te gelasten om zich een oordeel te kunnen vormen over de specifieke <?linebreak?>  	bouwconstructie. <?linebreak?>II.	te verklaren voor recht:<?linebreak?> 	a)	dat het lidmaatschap van [de vereniging] krachtens haar statuten d.d. 14 mei 2002 in <?linebreak?>    		casu een kwalitatief en voorwaardelijk opzegbaar lidmaatschap betreft, <?linebreak?>  		conform het bepaalde in artikel 5:112 lid 3 BW;<?linebreak?>  	b)	dat dit lidmaatschap sinds 27 december 2002 gelijkelijk geldt voor alle leden <?linebreak?>   		van [de vereniging] en dat [geïntimeerde] dus nog steeds lid is;<?linebreak?>III.	veroordeling van [geïntimeerde] tot betaling van de achterstallige contributie vanaf <?linebreak?>  	2014 tot en met 2017, vermeerderd met wettelijke rente en buitengerechtelijke <?linebreak?>  	incassokosten;<?linebreak?>IV.	veroordeling van [geïntimeerde] tot betaling van alle toekomstige beheers,- en <?linebreak?>   	onderhoudskosten van het complex, voor zover niet reeds onder de contributie <?linebreak?>  	vallend;<?linebreak?><emphasis role="underline">subsidiair, meer subsidiair en uiterst subsidiair</emphasis>:<?linebreak?>I.	veroordeling van [geïntimeerde] tot betaling schadevergoeding, gelijk aan de contributie <?linebreak?>  	met buitengerechtelijke incassokosten en rente;<?linebreak?>II.	veroordeling van [geïntimeerde] tot betaling van overige onderhoudskosten die de overige  <?linebreak?> 	 leden van [de vereniging] sinds 27 september 2013 hebben betaald in verband met beheer en <?linebreak?>  	onderhoud van het complex, voor zover niet onder de contributie vallend;<?linebreak?>  	dit op grond van ongerechtvaardigde verrijking, de redelijkheid en billijkheid, dan <?linebreak?>  	wel onrechtmatige daad;<?linebreak?><emphasis role="underline">primair, subsidiair, meer subsidiair en uiterst subsidiair:</emphasis><?linebreak?>I.	[geïntimeerde] te veroordelen te dulden van (en zo nodig mee te werken aan) <?linebreak?>  	werkzaamheden in verband met noodzakelijk beheer en (groot) onderhoud van het <?linebreak?>  	complex, daaronder begrepen de gedeelten van het dek waarover hij een exclusief <?linebreak?>  	gebruiksrecht heeft;<?linebreak?>II.	[geïntimeerde] te veroordelen in de proceskosten.<?linebreak?></para>
    <para>
      <emphasis role="bold italic">Beoordeling van grief 1 (kwalitatief lidmaatschap?) </emphasis>
      <?linebreak?>
    </para>
    <para>6. Het hof stelt voorop dat [de vereniging] een vereniging is in de zin van artikel 2:26 BW en dus geen Vereniging van Eigenaars (hierna: VvE) in de zin van artikel 5:112 lid 1 onder e BW met een rechtstreeks op grond van artikel 5:112 verplicht (aan de eigendom van het appartementsrecht verbonden) lidmaatschap. Dit is tussen partijen niet in geschil. Op basis hiervan kan dus niet worden geoordeeld tot een kwalitatief, niet opzegbaar, lidmaatschap.<?linebreak?></para>
    <para>7. Wél kent de [adres 1] zélf een VvE, maar dit is een (kleine) VvE die de gemeenschappelijke belangen van slechts twee appartementseigenaars behartigt. In de toepasselijke, nadien niet gewijzigde, splitsingsakte (uit 1973) is geen verwijzing opgenomen naar een verplicht lidmaatschap van de (destijds nog op te richten) [de vereniging] , hetgeen volgens de [de vereniging] een (jurisprudentiële) eis is om een kwalitatief lidmaatschap van een ‘gewone’ vereniging mogelijk te maken. <?linebreak?>Dit betekent dat reeds hierom de stelling van [de vereniging] omtrent een kwalitatief, niet-opzegbaar lidmaatschap (naar analogie van artikel 5:112 lid 3 BW) in het geval van [geïntimeerde] niet opgaat. Zijn splitsingsakte zegt hier immers niets over.  <?linebreak?></para>
    <para>8. De stelling van [de vereniging] (pleitnota 3 t/m 7), inhoudende dat [geïntimeerde] is gebonden aan het besluit van de ALV van [de vereniging] om de statuten en splitsingsakte te wijzigen, is slechts gedeeltelijk juist. Immers, weliswaar was [geïntimeerde] als toenmalig lid van [de vereniging] gebonden aan het vergaderbesluit om de statuten van [de vereniging] te wijzigen, maar dit vergaderbesluit bracht geen verplichting mee voor [geïntimeerde] om zélf zijn splitsingsakte (uit 1973) te wijzigen. De bevoegdheid tot wijziging van deze splitsingsakte uit 1973 berust niet bij de ALV van [de vereniging] maar bij de bij de splitsing betrokken gezamenlijke appartementseigenaren: derhalve bij [geïntimeerde] als eigenaar van het appartementsrecht met index 1 en de garage-eigenaar met index 2, genoemd in r.o. 2.1 (artikel 5:139 BW). Nu de gezamenlijke appartementseigenaren niet tot wijziging van de splitsingsakte zijn overgegaan en nu de huidige splitsingsakte van [geïntimeerde] geen verwijzing bevat naar een verplicht lidmaatschap van de (destijds nog op te richten) [de vereniging] , kan hieraan dus geen kwalitatief lidmaatschap worden ontleend. Dit betekent dat teruggevallen moet worden op de regeling in boek 2 BW en dat [geïntimeerde] zijn bestaande lidmaatschap van [de vereniging] (ingevolge artikel 2:35 BW) heeft mogen opzeggen. De omstandigheid dat [geïntimeerde] tot eind 2013 heeft berust in zijn lidmaatschap van de [de vereniging] maakt dit niet anders. Grief 1 wordt verworpen.<?linebreak?><emphasis role="bold italic">Beoordeling van grief 2 (ongerechtvaardigde verrijking?)</emphasis><?linebreak?></para>
    <para>9. Volgens [de vereniging] wordt [geïntimeerde] ongerechtvaardigd verrijkt doordat hij niet langer via contributiebetaling mee betaalt aan het onderhoud van het gemeenschappelijk dek c.a., maar wel de lusten geniet van het onderhoud dat [de vereniging] verricht. Het hof oordeelt hierover als volgt.<?linebreak?></para>
    <para>10. Vast staat dat [de vereniging] zich ten doel stelt het onderhoud van het gemeenschappelijke dek c.a.. Ook staat vast dat de trappen, de hellingbanen, de wegen onder de dekken en de verlichting in beheer zijn bij de gemeente [plaats 2] (zie ook hiervoor onder 2.8). Evenmin is in geschil dat [geïntimeerde] een 1/136e onverdeeld aandeel bezit in de gemeenschappelijke weg. Dit betekent dat [geïntimeerde] , gelet op het bepaalde in artikel 3:172 BW, naar evenredigheid van zijn aandeel in de gemeenschappelijke goederen in de kosten van het onderhoud dient bij te dragen en ook mede risico-aansprakelijk is in de zin van artikel 6:174 BW. Deze onderhoudsplicht en aansprakelijkheid vallen niet weg doordat [geïntimeerde] zijn lidmaatschap van de [de vereniging] heeft opgezegd. Dit gegeven, alsmede de omstandigheid dat hij gedurende zijn jaren als lid met zijn contributie mede de ‘onderhoudsreservepot’ van [de vereniging] heeft opgebouwd, brengen het hof tot de conclusie dat van ‘verrijking’ van [geïntimeerde] geen sprake is, althans dat hiertoe te weinig is gesteld. Sterker nog, bij gebreke van aanwijzingen die op het tegendeel wijzen, is niet is uit te sluiten dat [geïntimeerde] aldus duurder uit is, omdat hij (als niet-lid) geen aanspraak kan maken op de reserves van de [de vereniging] , terwijl hij wel (telkens) zijn aandeel in de kosten moet dragen, overigens nog los van zijn risico-aansprakelijkheid op grond van artikel 6:174 BW. Dit betekent dat grief 2 wordt verworpen.<?linebreak?><emphasis role="bold italic">Beoordeling van grief 3 (de redelijkheid en billijkheid?) </emphasis><?linebreak?></para>
    <para>11. Volgens [de vereniging] is het niet redelijk dat [geïntimeerde] niet meer mee betaalt aan het onderhoud van het (gemeenschappelijke) dek, als bedoeld in 2.8 van dit arrest. Zoals het hof hiervoor, in 10, heeft overwogen is [geïntimeerde] wel degelijk mede onderhoudsplichtig. Dit betekent echter niet dat [de vereniging] dit rechtstreeks kan innen via de contributie of via een bedrag ter grootte hiervan, zoals zij thans vordert. [geïntimeerde] erkent overigens dat voor gemeenschappelijke rekening onderhoud dient te worden verricht aan het onverdeelde deel van het ‘looppad’ (memorie van antwoord 20). Onder deze omstandigheden acht het hof geen op de redelijkheid en billijkheid gestoelde (zelfstandige) grondslag aanwezig om [geïntimeerde] , die niet langer lid is van [de vereniging] , tot betaling aan [de vereniging] te verplichten. Het beroep op de (beperkende) werking van de redelijkheid en billijkheid wordt verworpen.<?linebreak?>In dit verband wijst het hof er nog wél op dat, anders dan [geïntimeerde] stelt, haar onderhoudsplicht niet is beperkt tot 1/256e aandeel, conform de oorspronkelijke statuten van [de vereniging] . Reeds omdat deze statuten (al lange tijd geleden) in dit opzicht zijn gewijzigd, kan [geïntimeerde] geen rechten meer ontlenen aan deze oude verdeelsleutel. Grief 3 faalt.<?linebreak?><emphasis role="bold italic">Beoordeling van grief 4 (onrechtmatige daad?)</emphasis><?linebreak?></para>
    <para>12. Blijkens het voorgaande is de opzegging van het lidmaatschap door [geïntimeerde] (en de consequentie hiervan dat hij niet meer rechtstreeks via de contributie mee betaalt aan het onderhoud van het dek) niet onrechtmatig te achten, temeer niet nu hij bereid is om 1/136ste bij te dragen in het onderhoud van het dek (pleitnota 13). Ook deze grief faalt. <?linebreak?><emphasis role="bold italic">Beoordeling van de gewijzigde vordering in hoger beroep </emphasis><?linebreak?></para>
    <para>13. Uit het voorgaande vloeit voort dat de meeste vorderingen een deugdelijke grondslag missen en zullen worden afgewezen. Omtrent de laatste vordering omtrent het dulden van en meewerken aan groot onderhoud in verband met het noodzakelijk beheer en (groot) onderhoud van het complex, daaronder begrepen de gedeelten van het dek waarvan [geïntimeerde] een exclusief gebruiksrecht heeft, wordt als volgt geoordeeld.<?linebreak?></para>
    <para>14. [geïntimeerde] heeft zich bereid verklaard hierover afspraken te maken met de aannemer, die het onderhoud aan de gemeenschappelijke weg in opdracht van [de vereniging] uitvoert, en over het gelijktijdig uitvoeren van het onderhoud aan de inham en het dek van de gemeenschappelijke weg (memorie van antwoord 28). <?linebreak?>Het hof acht het vanzelfsprekend, gelet op de constructie van het dek, dat de uitvoering van noodzakelijke werkzaamheden daaraan (in opdracht van [de vereniging] ) in één hand blijft, daaronder begrepen werkzaamheden aan de ‘inham’ die bij [geïntimeerde] exclusief in gebruik is. Nu [geïntimeerde] zich, mede blijkens het voorgaande ook niet verzet tegen de daartoe strekkende vordering, althans niet voldoende gemotiveerd, zal het hof deze vordering toewijzen. <?linebreak?><emphasis role="bold italic">Slotsom </emphasis><?linebreak?></para>
    <para>15. Uit het voorgaande vloeit voort dat de grieven falen, dat aan bewijslevering niet wordt toegekomen, dat voor een descente geen noodzaak wordt gezien, dat het vonnis zal worden bekrachtigd en dat (slechts) het laatste deel van de in hoger beroep gewijzigde vordering zal worden toegewezen. [de vereniging] zal als de overwegend in het ongelijk gestelde partij worden veroordeeld in de kosten van de procedure in hoger beroep.<?linebreak?></para>
    <bridgehead role="bold">Beslissing</bridgehead>
    <para />
    <parablock>
      <para>Het hof:</para>
    </parablock>
    <para />
    <para>- bekrachtigt het tussen partijen gewezen vonnis van de rechtbank Den Haag van 4 april 2016;<?linebreak?></para>
    <para>
      <emphasis role="underline">en rechtdoende op de in hoger beroep gewijzigde vordering:</emphasis>
      <?linebreak?>
    </para>
    <itemizedlist mark="-">
      <listitem>
        <para>veroordeelt [geïntimeerde] tot het dulden van (en zo nodig het meewerken aan) werkzaamheden in verband met noodzakelijk beheer en (groot) onderhoud van het complex, daaronder begrepen de gedeelten van het dek waarover hij een exclusief gebruiksrecht heeft;<?linebreak?></para>
      </listitem>
      <listitem>
        <para>wijst af het door [de vereniging] meer of anders gevorderde;<?linebreak?></para>
      </listitem>
      <listitem>
        <para>veroordeelt [de vereniging] in de kosten van het geding in hoger beroep, aan de zijde van [geïntimeerde] tot op heden begroot op € 314,-- aan griffierecht en € 3.222,-- aan salaris advocaat;<?linebreak?></para>
      </listitem>
      <listitem>
        <para>verklaart dit arrest ten aanzien van de veroordelingen uitvoerbaar bij voorraad.</para>
      </listitem>
    </itemizedlist>
    <para />
    <para />
    <parablock>
      <para>Dit arrest is gewezen door mrs. M.A.F. Tan-de Sonnaville, G. Dulek-Schermers en <?linebreak?>A.A. Muilwijk-Schaaij en is uitgesproken ter openbare terechtzitting van 5 maart 2019 in aanwezigheid van de griffier.</para>
    </parablock>
  </section>
</uitspraak>
</open-rechtspraak>