<?xml version="1.0" encoding="utf-8"?>
<open-rechtspraak>
  <rdf:RDF xmlns:rdf="http://www.w3.org/1999/02/22-rdf-syntax-ns#" xmlns:ecli="https://e-justice.europa.eu/ecli" xmlns:tr="http://tuchtrecht.overheid.nl/" xmlns:eu="http://publications.europa.eu/celex/" xmlns:dcterms="http://purl.org/dc/terms/" xmlns:bwb="bwb-dl" xmlns:cvdr="http://decentrale.regelgeving.overheid.nl/cvdr/" xmlns:psi="http://psi.rechtspraak.nl/" xmlns:rdfs="http://www.w3.org/2000/01/rdf-schema#">
    <rdf:Description>
      <dcterms:identifier>ECLI:NL:RBGEL:2019:1185</dcterms:identifier>
      <dcterms:format>text/xml</dcterms:format>
      <dcterms:accessRights>public</dcterms:accessRights>
      <dcterms:modified>2019-03-20T12:00:24</dcterms:modified>
      <dcterms:issued rdfs:label="Publicatiedatum">2019-03-19</dcterms:issued>
      <dcterms:publisher resourceIdentifier="http://rechtspraak.nl/">Raad voor de Rechtspraak</dcterms:publisher>
      <dcterms:language>nl</dcterms:language>
      <dcterms:creator rdfs:label="Instantie" resourceIdentifier="http://standaarden.overheid.nl/owms/terms/Rechtbank_Gelderland" scheme="overheid.RechterlijkeMacht">Rechtbank Gelderland</dcterms:creator>
      <dcterms:date rdfs:label="Uitspraakdatum">2019-03-19</dcterms:date>
      <psi:zaaknummer rdfs:label="Zaaknr">U19-1107</psi:zaaknummer>
      <dcterms:type rdf:language="nl" resourceIdentifier="http://psi.rechtspraak.nl/uitspraak">Uitspraak</dcterms:type>
      <psi:procedure rdf:language="nl" rdfs:label="Procedure" resourceIdentifier="http://psi.rechtspraak.nl/procedure#voorlopigeVoorziening">Voorlopige voorziening</psi:procedure>
      <dcterms:coverage>NL</dcterms:coverage>
      <dcterms:spatial rdfs:label="Zittingsplaats">Arnhem</dcterms:spatial>
      <dcterms:subject rdfs:label="Rechtsgebied" resourceIdentifier="http://psi.rechtspraak.nl/rechtsgebied#bestuursrecht">Bestuursrecht</dcterms:subject>
      <dcterms:hasVersion rdfs:label="Vindplaatsen" resourceIdentifier="http://psi.rechtspraak.nl/vindplaats">
        <rdf:list>
          <rdf:li>Rechtspraak.nl</rdf:li>
        </rdf:list>
      </dcterms:hasVersion>
    </rdf:Description>
    <rdf:Description rdf:about="http://deeplink.rechtspraak.nl/uitspraak?id=ECLI:NL:RBGEL:2019:1185">
      <dcterms:identifier>http://deeplink.rechtspraak.nl/uitspraak?id=ECLI:NL:RBGEL:2019:1185</dcterms:identifier>
      <dcterms:format>text/html</dcterms:format>
      <dcterms:accessRights>public</dcterms:accessRights>
      <dcterms:modified>2019-03-19T15:34:46</dcterms:modified>
      <dcterms:issued rdfs:label="Publicatiedatum">2019-03-20</dcterms:issued>
      <dcterms:publisher resourceIdentifier="http://rechtspraak.nl/">Raad voor de Rechtspraak</dcterms:publisher>
      <dcterms:language>nl</dcterms:language>
      <dcterms:title rdf:language="nl">ECLI:NL:RBGEL:2019:1185 Rechtbank Gelderland , 19-03-2019 / U19-1107</dcterms:title>
      <dcterms:abstract resourceIdentifier="../../rs:inhoudsindicatie" />
    </rdf:Description>
  </rdf:RDF>
  <inhoudsindicatie id="ECLI:NL:RBGEL:2019:1185:INH" lang="nl" xml:space="preserve" xmlns="http://www.rechtspraak.nl/schema/rechtspraak-1.0" xmlns:xsd="http://www.w3.org/2001/XMLSchema" xmlns:xsi="http://www.w3.org/2001/XMLSchema-instance">
      <para>Last onder dwangsom. Omgevingsverordening. Geitenstop. Geitenhouderijen moeten alle geiten van hun bedrijven verwijderen wegens het ontbreken van een omgevingsvergunning. Legalisatie is niet mogelijk vanwege door provincie opgelegde geitenstop in Omgevingsverordening. Niet gebleken van evidente onrechtmatigheid van de besluiten. Voorlopige voorzieningen-procedure leent zich niet voor exceptieve toetsing van geitenstop. Daarom alleen belangenafweging, die in dit geval in het voordeel van de geitenhouderijen uitvalt.</para>
    </inhoudsindicatie>
  <uitspraak id="ECLI:NL:RBGEL:2019:1185:DOC" lang="nl" xml:space="preserve" xmlns="http://www.rechtspraak.nl/schema/rechtspraak-1.0" xmlns:xsd="http://www.w3.org/2001/XMLSchema" xmlns:xsi="http://www.w3.org/2001/XMLSchema-instance" xmlns:xlink="http://www.w3.org/1999/xlink">
  <uitspraak.info>
    <bridgehead role="bold">RECHTBANK GELDERLAND</bridgehead>
    <para>Zittingsplaats Arnhem</para>
    <para />
    <parablock>
      <para>Bestuursrecht</para>
    </parablock>
    <para />
    <parablock>
      <para>zaaknummers: AWB 19/1107, 19/1113, 19/1114 en 19/1137</para>
    </parablock>
    <para />
    <parablock>
      <para>
        <emphasis role="bold">uitspraak van de voorzieningenrechter van</emphasis>
      </para>
    </parablock>
    <para />
    <parablock>
      <para>op de verzoeken om voorlopige voorziening in de zaken tussen</para>
    </parablock>
    <para />
  </uitspraak.info>
  <section>
    <title>
      <nr>1</nr>
      [Verzoekster 1], te [woonplaats], </title>
    <para>(gemachtigde: mr. Tj.P. Grünbauer);</para>
    <para />
  </section>
  <section>
    <title>
      <nr>2</nr>
      [Verzoekster 2], te [woonplaats],</title>
    <para>3. <emphasis role="bold">[Verzoeker]</emphasis>, te [woonplaats],</para>
    <para>4. <emphasis role="bold">[Verzoeker 4]</emphasis>, te [woonplaats]</para>
    <para>(gemachtigde: mr. J.T.A.M. van Mierlo);</para>
    <para />
    <parablock>
      <para>en</para>
    </parablock>
    <para />
  </section>
  <section>
    <title>
      <nr>1</nr>het college van burgemeester en wethouders van de gemeente Ede, </title>
    <para>2. <emphasis role="bold">het college van burgemeester en wethouders van de gemeente Nijkerk,</emphasis></para>
    <para>3. <emphasis role="bold">het college van burgemeester en wethouders van de gemeente Barneveld</emphasis>, </para>
    <para>verweerders.</para>
    <para />
    <para />
    <parablock>
      <para>
        <emphasis role="bold">Procesverloop</emphasis>
      </para>
    </parablock>
    <para />
    <parablock>
      <para>Bij besluit van 14 februari 2019 (besluit I) heeft verweerder sub 1 verzoeker sub 1 gelast om binnen drie weken na de verzenddatum van het besluit alle geiten van het perceel [locatie] te [woonplaats] te (doen) verwijderen en verwijderd te (doen) houden, op straffe van verbeurte van een dwangsom van € 70.000,- ineens.</para>
    </parablock>
    <para />
    <parablock>
      <para>Bij besluit van 13 februari 2019 (besluit II) heeft verweerder sub 2 verzoeker sub 2 gelast om binnen drie weken na de verzenddatum van het besluit alle geiten van het perceel [locatie] te [woonplaats] te (doen) verwijderen en verwijderd te (doen) houden, op straffe van verbeurte van een dwangsom van € 25.000,- ineens. </para>
    </parablock>
    <para />
    <parablock>
      <para>Bij besluit van 14 februari 2019 (besluit III) heeft verweerder sub 1 verzoeker sub 3 gelast om binnen drie weken na de verzenddatum van het besluit alle geiten van het perceel [locatie] te [woonplaats] te (doen) verwijderen en verwijderd te (doen) houden, op straffe van verbeurte van een dwangsom van € 70.000,- ineens. </para>
    </parablock>
    <para />
    <parablock>
      <para>Bij besluit van 13 februari 2019 (besluit IV) heeft verweerder sub 3 verzoeker sub 4 gelast om binnen drie weken na de verzenddatum van het besluit alle geiten van het perceel [locatie] te [woonplaats] te (doen) verwijderen en verwijderd te (doen) houden, op straffe van verbeurte van een dwangsom van € 15.000,- ineens. </para>
    </parablock>
    <para />
    <parablock>
      <para>Verzoekers hebben tegen de primaire besluiten bezwaar gemaakt. Verzoekers hebben de voorzieningenrechter verzocht om een voorlopige voorziening te treffen.</para>
    </parablock>
    <para />
    <parablock>
      <para>In afzonderlijke besluiten van 26 februari 2019 hebben verweerders de begunstigingstermijn van de besluiten I t/m IV verlengd tot en met de datum waarop de voorzieningenrechter uitspraak doet.</para>
    </parablock>
    <para />
    <parablock>
      <para>Het onderzoek ter zitting heeft plaatsgevonden op 7 maart 2019. Namens verzoekers zijn verschenen de heer en mevrouw [Verzoekster 1], de heer [Verzoekster 2], [Verzoeker] en [Verzoeker 4], bijgestaan door hun gemachtigden. Zij zijn vergezeld door [Verzoeker], huurder van [Verzoeker], en drs. J.W. Teeuw, dierenarts. Verweerders hebben zich laten vertegenwoordigen door hun gemachtigde L.M. Scheuter. </para>
    </parablock>
    <para />
    <para />
    <parablock>
      <para>
        <emphasis role="bold">Overwegingen</emphasis>
      </para>
    </parablock>
    <para />
    <para>1. Het oordeel van de voorzieningenrechter heeft een voorlopig karakter en bindt de rechtbank in een (eventueel) bodemgeding niet.</para>
    <para />
    <para>2. Voor alle verzoekers geldt dat zij zonder de benodigde omgevingsvergunningen geiten houden. Daarmee overtreden zij de wet. Verweerders zijn dus bevoegd om handhavend op te treden. Dat hebben zij bij de besluiten I tot en met IV ook gedaan, mede op aandringen van de provincie, zo is ter zitting gebleken. De overtreding is verder niet meer te legaliseren. Een omgevingsvergunning voor het houden van geiten kan sinds 30 augustus 2017 namelijk niet meer verleend worden, omdat in artikel 2.5.5.1, eerste lid, van de Omgevingsverordening Gelderland, zakelijk gesteld, is bepaald dat het verboden is om geitenhouderijen (nieuw) te vestigen of uit te breiden. </para>
    <para />
    <para>3. Verzoekers hebben de voorzieningenrechter gevraagd om de rechtmatigheid van dit artikel in de Omgevingsverordening Gelderland te toetsen en deze bepaling buiten toepassing te laten. Naar het oordeel van de voorzieningenrechter leent deze procedure zich daar niet voor. Ook hebben verzoekers betoogd dat de begunstigingstermijn te kort is. Dit betoog hebben zij vooral onderbouwd door te stellen dat als verzoekers geen geiten en/of bokken mogen toelaten, er een probleem ontstaat. Er worden namelijk meer geiten en bokjes geboren dan er plaats is op de vergunde geitenhouderijen. Voor deze dieren is dan geen plaats meer. De voorzieningenrechter brengt echter in herinnering dat de begunstigingstermijn zolang moet zijn om de overtreding, in dit geval de aanwezigheid van geiten en/of bokken op de betrokken percelen, op te heffen. Voorts betogen verzoekers dat optreden zodanig onevenredig is in verhouding tot de daarmee te dienen belangen dat van optreden in deze situatie behoort te worden afgezien. Gelet op de rechtspraak daaromtrent kan in dit geval ook niet op voorhand worden gesteld dat optreden in dit geval onevenredig is. De bezwaarprocedure is een betere plaats om dit betoog nader te beoordelen. </para>
    <para />
    <para>4. Kortom, de voorzieningenrechter is van oordeel dat sprake is van een overtreding en  dat er niet direct aanknopingspunten zijn dat de betrokken besluiten evident onrechtmatig zijn. Nu de rechtmatigheid van de betrokken bepaling uit de Omgevingsverordening Gelderland zich niet leent voor beoordeling in voorlopige voorziening, kan de voorzieningenrechter echter nog niet op voorhand zeker stellen of de bestreden besluiten in deze vorm geheel rechtmatig zijn. De voorzieningenrechter zal zich daarom bij de beoordeling van de verzoeken tot het treffen van een voorlopige voorziening beperken tot een afweging van de belangen van partijen bij het treffen van een voorziening.</para>
    <para />
    <para>5. Bij afweging van die belangen is van belang dat uit de stukken en het verhandelde ter zitting is gebleken dat alle verzoekers jongvee opmesten. Een aantal verzoekers mest alleen bokjes op. Deze bokjes worden een paar dagen na de geboorte naar de bedrijven van verzoekers gebracht, alwaar zij in 4 tot 6 weken worden opgemest totdat hun gewicht zodanig is dat zij geschikt zijn voor de slacht. Een aantal verzoekers mest naast bokjes ook vrouwelijk jongvee op. Het vrouwelijk jongvee wordt in ongeveer 11 maanden groot gebracht totdat zij zelf kunnen lammeren en daarna kunnen worden ingezet als melkgeit. Het jongvee gaat na die periode van ongeveer 11 maanden terug naar de geitenmelkerij.</para>
    <parablock>
      <para>	Uit de stukken, waaronder verschillende verklaringen van geitenmelkerijen en het verhandelde ter zitting is ook gebleken dat de geitenmelkerijen die het jongvee aanleveren aan verzoekers zelf niet over de ruimte, de apparatuur en het personeel beschikken om het jongvee groot te brengen. Dierenarts Teeuw heeft ter zitting toegelicht dat er onmiddellijk negatieve gevolgen voor het dierenwelzijn ontstaan als het jongvee op de geitenmelkerijen moet blijven. Dit wordt door verweerders ook niet betwist. </para>
      <para>	De gemachtigde van verweerders heeft ter zitting verder verklaard dat uit controles is gebleken dat bij vrijwel alle geitenmelkerijen in de provincie Gelderland sprake is van een groter aantal dieren dan op grond van de vergunningen gehouden mag worden. In de provincie Gelderland zijn dus geen geitenmelkerijen of bokkenmesters die ruimte hebben om jongvee van andere geitenmelkerijen op te vangen. Of het jongvee ergens anders naar toe kan, bijvoorbeeld naar bedrijven buiten Gelderland, is bij verweerders niet bekend. </para>
    </parablock>
    <para />
    <para>6. De voorzieningenrechter maakt uit het voorgaande op dat het niet meer op de bedrijven van verzoekers toelaten van jonge geiten en bokjes tot een probleem leidt. Er worden in Gelderland op dit moment zoveel geiten en bokjes geboren dat het binnen dit lammerseizoen sluiten van de bedrijven van verzoekers tot acute problemen zal leiden. Tegenover deze grote belangen om de bedrijven van verzoekers dit lammerseizoen nog open te laten, staan de belangen van verweerders om juist nu te handhaven. De voorzieningenrechter is er niet van overtuigd dat er heel dringende redenen zijn op grond waarvan verweerder nu zou moeten handhaven. Niet gebleken is dat er zodanig grote (volksgezondheids)belangen zijn dat juist nu, in het lammerseizoen, op deze wijze moet worden gehandhaafd. <?linebreak?></para>
    <para>7. De voorzieningenrechter ziet daarom aanleiding om een voorlopige voorziening te treffen, inhoudende dat de bestreden besluiten worden geschorst tot zes weken na de bekendmaking van de beslissingen op bezwaar. Dat betekent dat er geen dwangsommen zullen worden verbeurd als verzoekers in de tussentijd weer geiten toelaten op hun bedrijven. </para>
    <para />
    <para>8. Omdat de voorzieningenrechter de verzoeken toewijst, bepaalt de voorzieningenrechter dat verweerders aan verzoekers het door hen betaalde griffierecht vergoeden. </para>
    <para />
    <para>9. De voorzieningenrechter veroordeelt verweerders in de door verzoekers gemaakte proceskosten. Deze kosten stelt de voorzieningenrechter, zowel voor verzoeker sub 1 als voor verzoekers sub 2 t/m 4, op grond van het Besluit proceskosten bestuursrecht voor de door een derde beroepsmatig verleende rechtsbijstand vast op € 1.024,- (1 punt voor het indienen van het verzoekschrift, 1 punt voor het verschijnen ter zitting, met een waarde per punt van € 512,- en een wegingsfactor 1). Van andere voor vergoeding in aanmerking komende kosten is niet gebleken. </para>
    <para />
    <para />
    <parablock>
      <para>
        <emphasis role="bold">Beslissing</emphasis>
      </para>
    </parablock>
    <para />
    <parablock>
      <para>De voorzieningenrechter;</para>
    </parablock>
    <para />
    <para>- schorst de primaire besluiten I tot en met IV tot zes weken na verzending van de beslissingen op bezwaar;</para>
    <para />
    <para>- veroordeelt verweerder sub 1 in de proceskosten van verzoeker sub 1 ten bedrage van € 1.012,-;</para>
    <para />
    <para>- veroordeelt verweerders sub 1, 2 en 3 gezamenlijk in de proceskosten van verzoekers sub 2, 3 en 4 ten bedrage van € 1.012,-;</para>
    <para />
    <para>- gelast dat verweerder sub 1 het door verzoeker sub 1 betaalde griffierecht groot € 345,- aan hem vergoedt;</para>
    <para />
    <para>- gelast dat verweerders sub 1, 2 en 3 gezamenlijk het door verzoekers sub 2, 3 en 4 betaalde griffierecht groot € 345,- aan hen vergoeden.</para>
    <para />
    <para />
    <informaltable>
      <tgroup cols="3">
        <colspec colname="colA" />
        <colspec colname="colB" />
        <colspec colname="colC" />
        <tbody>
          <row>
            <entry namest="colA" nameend="colC">
              <para>Deze uitspraak is gedaan door mr. J.J.W.P. van Gastel, voorzieningenrechter, in tegenwoordigheid van mr. C.A. Murray, griffier. </para>
              <para>De beslissing is in het openbaar uitgesproken op: </para>
              <para />
            </entry>
          </row>
          <row>
            <entry>
              <para />
              <para />
              <para />
              <para />
              <para>griffier</para>
            </entry>
            <entry>
              <para />
            </entry>
            <entry>
              <para />
              <para />
              <para />
              <para />
              <para>voorzieningenrechter</para>
            </entry>
          </row>
          <row>
            <entry>
              <para />
            </entry>
            <entry>
              <para />
            </entry>
            <entry>
              <para />
            </entry>
          </row>
          <row>
            <entry namest="colA" nameend="colC">
              <para>Afschrift verzonden aan partijen op:</para>
            </entry>
          </row>
          <row>
            <entry>
              <para />
            </entry>
            <entry>
              <para />
            </entry>
            <entry>
              <para />
            </entry>
          </row>
          <row>
            <entry namest="colA" nameend="colC">
              <para>
                <emphasis role="bold">Rechtsmiddel</emphasis>
              </para>
              <para>Tegen deze uitspraak staat geen rechtsmiddel open.</para>
            </entry>
          </row>
        </tbody>
      </tgroup>
    </informaltable>
    <para />
    <para />
  </section>
</uitspraak>
</open-rechtspraak>