<?xml version="1.0" encoding="utf-8"?>
<open-rechtspraak>
  <rdf:RDF xmlns:rdf="http://www.w3.org/1999/02/22-rdf-syntax-ns#" xmlns:ecli="https://e-justice.europa.eu/ecli" xmlns:tr="http://tuchtrecht.overheid.nl/" xmlns:eu="http://publications.europa.eu/celex/" xmlns:dcterms="http://purl.org/dc/terms/" xmlns:bwb="bwb-dl" xmlns:cvdr="http://decentrale.regelgeving.overheid.nl/cvdr/" xmlns:psi="http://psi.rechtspraak.nl/" xmlns:rdfs="http://www.w3.org/2000/01/rdf-schema#">
    <rdf:Description>
      <dcterms:identifier>ECLI:NL:RBDHA:2019:2890</dcterms:identifier>
      <dcterms:format>text/xml</dcterms:format>
      <dcterms:accessRights>public</dcterms:accessRights>
      <dcterms:modified>2019-04-09T10:12:23</dcterms:modified>
      <dcterms:issued rdfs:label="Publicatiedatum">2019-03-25</dcterms:issued>
      <dcterms:publisher resourceIdentifier="http://rechtspraak.nl/">Raad voor de Rechtspraak</dcterms:publisher>
      <dcterms:language>nl</dcterms:language>
      <dcterms:creator rdfs:label="Instantie" resourceIdentifier="http://standaarden.overheid.nl/owms/terms/Rechtbank_Den_Haag" scheme="overheid.RechterlijkeMacht">Rechtbank Den Haag</dcterms:creator>
      <dcterms:date rdfs:label="Uitspraakdatum">2019-03-19</dcterms:date>
      <psi:zaaknummer rdfs:label="Zaaknr">NL19.5275</psi:zaaknummer>
      <dcterms:type rdf:language="nl" resourceIdentifier="http://psi.rechtspraak.nl/uitspraak">Uitspraak</dcterms:type>
      <psi:procedure rdf:language="nl" rdfs:label="Procedure" resourceIdentifier="http://psi.rechtspraak.nl/procedure#eersteAanlegEnkelvoudig">Eerste aanleg - enkelvoudig</psi:procedure>
      <dcterms:coverage>NL</dcterms:coverage>
      <dcterms:spatial rdfs:label="Zittingsplaats">Haarlem</dcterms:spatial>
      <dcterms:subject rdfs:label="Rechtsgebied" resourceIdentifier="http://psi.rechtspraak.nl/rechtsgebied#bestuursrecht_vreemdelingenrecht">Bestuursrecht; Vreemdelingenrecht</dcterms:subject>
      <dcterms:references rdfs:label="Wetsverwijzing" bwb:resourceIdentifier="jci1.31:c:BWBR0011823&amp;artikel=59&amp;g=2015-07-20">Vreemdelingenwet 2000 59</dcterms:references>
      <dcterms:hasVersion rdfs:label="Vindplaatsen" resourceIdentifier="http://psi.rechtspraak.nl/vindplaats">
        <rdf:list>
          <rdf:li>Rechtspraak.nl</rdf:li>
        </rdf:list>
      </dcterms:hasVersion>
    </rdf:Description>
    <rdf:Description rdf:about="http://deeplink.rechtspraak.nl/uitspraak?id=ECLI:NL:RBDHA:2019:2890">
      <dcterms:identifier>http://deeplink.rechtspraak.nl/uitspraak?id=ECLI:NL:RBDHA:2019:2890</dcterms:identifier>
      <dcterms:format>text/html</dcterms:format>
      <dcterms:accessRights>public</dcterms:accessRights>
      <dcterms:modified>2019-03-25T15:38:47</dcterms:modified>
      <dcterms:issued rdfs:label="Publicatiedatum">2019-03-25</dcterms:issued>
      <dcterms:publisher resourceIdentifier="http://rechtspraak.nl/">Raad voor de Rechtspraak</dcterms:publisher>
      <dcterms:language>nl</dcterms:language>
      <dcterms:title rdf:language="nl">ECLI:NL:RBDHA:2019:2890 Rechtbank Den Haag , 19-03-2019 / NL19.5275</dcterms:title>
      <dcterms:abstract resourceIdentifier="../../rs:inhoudsindicatie" />
    </rdf:Description>
  </rdf:RDF>
  <inhoudsindicatie id="ECLI:NL:RBDHA:2019:2890:INH" lang="nl" xml:space="preserve" xmlns="http://www.rechtspraak.nl/schema/rechtspraak-1.0" xmlns:xsd="http://www.w3.org/2001/XMLSchema" xmlns:xsi="http://www.w3.org/2001/XMLSchema-instance">
      <para>bewaring; zicht op uitzetting</para>
      <para />
      <parablock>
        <para>Op 24 juli 2017 heeft verweerder de Marokkaanse autoriteiten verzocht om voor eiser een laissez-passer af te geven, waarop tot op heden geen antwoord is ontvangen, ondanks regelmatig rappelleren, presentatie van eiser in persoon, het overleggen van een kopie van eisers paspoort en het voeren van overleg op hoog niveau. Verweerder heeft niet aannemelijk gemaakt dat er een concreet aanknopingspunt is dat de Marokkaanse autoriteiten binnen een redelijke termijn alsnog over zullen gaan tot afgifte van een laissez-passer. Gelet op deze omstandigheden en de omstandigheid dat eiser, met korte onderbrekingen daarvan, in totaal vijftien maanden in vreemdelingenbewaring heeft gezeten, heeft verweerder bij de oplegging van de huidige maatregel niet kunnen concluderen dat er een reëel zicht op uitzetting binnen een redelijke termijn is. </para>
        <para>De maatregel is van meet af aan onrechtmatig.</para>
      </parablock>
    </inhoudsindicatie>
  <uitspraak id="ECLI:NL:RBDHA:2019:2890:DOC" lang="nl" xml:space="preserve" xmlns="http://www.rechtspraak.nl/schema/rechtspraak-1.0" xmlns:xsd="http://www.w3.org/2001/XMLSchema" xmlns:xsi="http://www.w3.org/2001/XMLSchema-instance" xmlns:xlink="http://www.w3.org/1999/xlink">
  <uitspraak.info>
    <bridgehead role="bold">RECHTBANK DEN HAAG</bridgehead>
    <para />
    <parablock>
      <para>Zittingsplaats Haarlem</para>
    </parablock>
    <para />
    <parablock>
      <para>Bestuursrecht</para>
    </parablock>
    <para />
    <parablock>
      <para>zaaknummer: NL19.5275 </para>
    </parablock>
    <bridgehead role="bold">
      <?linebreak?>uitspraak van de enkelvoudige kamer in de zaak tussen</bridgehead>
    <bridgehead role="bold">
      [eiser] , </bridgehead>
    <parablock>
      <para>eiser,</para>
      <para>(gemachtigde: mr. M.H.K. van Middelkoop),</para>
    </parablock>
    <para />
    <parablock>
      <para>en</para>
    </parablock>
    <para />
    <bridgehead role="bold">de staatssecretaris van Justitie en Veiligheid, </bridgehead>
    <parablock>
      <para>verweerder,</para>
      <para>(gemachtigde: mr. E. Söylemez).</para>
    </parablock>
    <para />
  </uitspraak.info>
  <section role="procesverloop">
    <title>
      <?linebreak?>Procesverloop</title>
    <para />
    <parablock>
      <para>Bij besluit van 7 maart 2019 heeft verweerder aan eiser de maatregel van bewaring op grond van artikel 59, eerste lid, aanhef en onder a, Vreemdelingenwet 2000 (Vw) opgelegd.</para>
    </parablock>
    <para />
    <parablock>
      <para>Eiser heeft tegen dit besluit beroep ingesteld. Dit beroep strekt van rechtswege ook tot een verzoek tot toekenning van schadevergoeding.</para>
    </parablock>
    <para />
    <parablock>
      <para>Het onderzoek ter zitting heeft plaatsgevonden op 18 maart 2019. Eiser heeft afstand gedaan van zijn recht zich op zitting te laten horen en heeft zich laten vertegenwoordigen door zijn gemachtigde. Verweerder heeft zich laten vertegenwoordigen door zijn gemachtigde.<?linebreak?></para>
      <para>Na afloop van de behandeling van de zaak ter zitting heeft de rechtbank op 19 maart 2019 uitspraak gedaan.</para>
    </parablock>
    <para />
    <para />
  </section>
  <section>
    <title>Overwegingen</title>
    <para />
    <para>1. Eiser stelt van Marokkaanse nationaliteit te zijn en te zijn geboren op [geboortedatum] .</para>
    <para />
    <para>2. De rechtbank betrekt bij de beoordeling de volgende feiten. Eiser heeft van 7 juli 1999 tot 1 januari 2016 rechtmatig in Nederland verbleven. Bij besluit van 3 januari 2017 is de verblijfsvergunning van eiser met terugwerkende kracht tot 1 januari 2016 ingetrokken. Dit besluit omvat tevens een terugkeerbesluit waarbij aan eiser een termijn voor vrijwillig vertrek is onthouden. Tevens is aan eiser een inreisverbod opgelegd voor de duur van tien jaar. </para>
    <parablock>
      <para>Aan eiser is op 5 september 2017 een maatregel van bewaring ex artikel 59, eerste lid, aanhef en onder a, Vw opgelegd. Deze maatregel is op 19 februari 2018 opgeheven. Eiser is vervolgens op 9 april 2018 opnieuw op grond van artikel 59, eerste lid, aanhef en onder a, Vw in bewaring gesteld. Deze maatregel is op 5 februari 2019 opgeheven, omdat eiser in strafrechtelijke detentie is gesteld. De strafrechtelijke detentie is op 7 maart 2019 geëindigd. Aan eiser is vervolgens onderhavige maatregel van bewaring opgelegd. </para>
      <para>Op 24 juli 2017 heeft verweerder een aanvraag om afgifte van een laissez-passer voor eiser aan de Marokkaanse autoriteiten verzonden. Verweerder heeft herhaaldelijk gerappelleerd bij de Marokkaanse autoriteiten, laatstelijk op 11 december 2018. </para>
    </parablock>
    <para />
    <para>3. Eiser voert aan dat zicht op uitzetting al bij de oplegging van de maatregel ontbrak. Eiser stelt daartoe dat verweerder al op 24 juli 2017 afgifte van een laissez-passer voor eiser heeft aangevraagd op basis van dezelfde gegevens die er ook nu nog zijn, waaronder een kopie van het paspoort van eiser. Deze aanvraag loopt nog altijd door en is nooit onderbroken. Verweerder heeft al vaak gerappelleerd en extra aandacht, ook op hoger niveau, gevraagd voor de behandeling van de aanvraag. Er is geen concreet aanknopingspunt dat voor een eiser een laissez-passer zal worden afgegeven. Eiser heeft weliswaar een paspoort, maar hij wil dat niet overleggen. Dat maakt dat de maatregel van meet af aan onrechtmatig is. </para>
    <para />
    <paragroup>
      <nr>3.1</nr>
      <para>Verweerders heeft zich, bij monde van zijn gemachtigde, op het standpunt gesteld dat er zicht op uitzetting is, zolang de aanvraag om afgifte van een laissez-passer voor eiser nog loopt. Er is op hoog niveau overleg geweest met de Marokkaanse autoriteiten. Op 12 maart 2019 is de zaak nogmaals besproken, maar er is nog geen antwoord gekomen vanuit Marokko. Dat betekent dat de procedure nog loopt. Verder is niet in geschil dat eiser in het bezit is van een paspoort en dat op hem een vertrekplicht rust. Eiser weigert echter het paspoort te overleggen, terwijl dit de duur van de bewaring zou kunnen bekorten. Eiser frustreert hiermee de gang van zaken en dit is door verweerder meegewogen. Ook is meegewogen dat eiser een gevaar vormt voor de openbare orde, onder meer omdat hij een zedenmisdrijf heeft gepleegd. </para>
      <para />
    </paragroup>
    <paragroup>
      <nr>3.2</nr>
      <para>De rechtbank stelt vast dat verweerder niet heeft bestreden dat op 24 juli 2017 afgifte van een laissez-passer is aangevraagd bij de Marokkaanse autoriteiten, waarop tot op heden geen antwoord is ontvangen, ondanks regelmatig rappelleren – laatstelijk op 12 maart 2019 –, presentatie van eiser in persoon, het overleggen van een kopie van het paspoort van eiser en het voeren van overleg op hoog niveau. Verweerder heeft niet aannemelijk gemaakt dat er een concreet aanknopingspunt is dat de Marokkaanse autoriteiten binnen een redelijke termijn alsnog over zullen gaan tot afgifte van een laissez-passer voor eiser. Gelet op deze omstandigheden heeft verweerder niet bij de oplegging van de maatregel kunnen concluderen dat er een reëel zicht op uitzetting bestond. Dat eiser in het bezit is van een paspoort maar dit weigert te overleggen, maakt dit niet anders. Feitelijk heeft eiser, met korte onderbrekingen daarvan, in totaal vijftien maanden in vreemdelingenbewaring gezeten en heeft hem dit er niet toe bewogen zijn medewerking aan zijn vertrek te verlenen. In het vertrekgesprek van 10 maart 2019 geeft eiser te kennen dat hij niet van mening is veranderd en niet naar Marokko zal gaan zonder zijn in Nederland verblijvende kinderen, die onder het gezag staan van hun moeder. Gelet hierop is er geen enkel aanknopingspunt om aan te nemen dat eiser alsnog zijn houding zal veranderen en zal meewerken aan zijn uitzetting. Verweerder voert terecht aan dat op eiser een vertrekplicht rust, maar dit maakt niet dat daarom geoordeeld moet worden dat met de huidige maatregel een reëel doel wordt gediend nu er geen zicht op uitzetting binnen een redelijke termijn is. De maatregel is daarom vanaf de oplegging ervan (7 maart 2019) onrechtmatig. <?linebreak?></para>
      <para>4. De rechtbank beveelt de opheffing van de maatregel van bewaring met ingang van vandaag. </para>
      <para />
      <para>5. Op grond van artikel 106 Vw kan de rechtbank, indien zij de opheffing van de maatregel van bewaring beveelt, aan eiser een schadevergoeding ten laste van de Staat toekennen. De rechtbank acht gronden aanwezig om een schadevergoeding toe te kennen voor 12 dagen onrechtmatige tenuitvoerlegging van de bewaring. Aan eiser wordt een schadevergoeding toegekend van 12 x € 80,- (verblijf detentiecentrum) = € 960,-. </para>
      <para />
      <para>6. De rechtbank veroordeelt verweerder in de door eiser gemaakte proceskosten. Deze kosten stelt de rechtbank op grond van het Besluit proceskosten bestuursrecht voor de door een derde beroepsmatig verleende rechtsbijstand vast op € 1.024,- (1 punt voor het indienen van het beroepschrift en 1 punt voor het verschijnen ter zitting met een waarde per punt van € 512,- en een wegingsfactor 1). Omdat aan eiser een toevoeging is verleend, moet verweerder de proceskostenvergoeding betalen aan de rechtsbijstandverlener.</para>
      <para />
      <para />
    </paragroup>
  </section>
  <section role="beslissing">
    <title>Beslissing</title>
    <para />
    <parablock>
      <para>De rechtbank: </para>
    </parablock>
    <para>- verklaart het beroep gegrond; </para>
    <para>- beveelt de opheffing van de maatregel van bewaring met ingang van vandaag; </para>
    <para>- veroordeelt de Staat der Nederlanden tot het betalen van een schadevergoeding aan eiser tot een bedrag van € 960,-, te betalen door de griffier en beveelt de tenuitvoerlegging van deze schadevergoeding; </para>
    <para>- veroordeelt verweerder in de proceskosten van eiser tot een bedrag van € 1.024,-. </para>
    <para />
    <para />
    <parablock>
      <para>Deze uitspraak is gedaan door mr. L.M. Kos, rechter, in aanwezigheid van mr. drs. S.R.N. Parlevliet, griffier. </para>
    </parablock>
    <para />
    <para />
    <para />
    <para />
    <parablock>
      <para>griffier	rechter</para>
    </parablock>
    <para />
    <para />
    <parablock>
      <para>De rechter beveelt de tenuitvoerlegging van deze uitspraak voor het bedrag van de schadevergoedingen draagt de griffier van deze rechtbank, zittingsplaats Haarlem, op aan eiser € 960,- uit te betalen. </para>
    </parablock>
    <para />
    <para />
    <para />
    <parablock>
      <para>Gedaan op 19 maart 2019, door mr. L.M. Kos, rechter. </para>
    </parablock>
    <para />
    <parablock>
      <para>.</para>
      <para>Deze uitspraak is in het openbaar gedaan en bekendgemaakt op:</para>
    </parablock>
    <para />
    <parablock>
      <para />
      <para>
        <emphasis role="bold">Rechtsmiddel</emphasis>
      </para>
      <para>Tegen deze uitspraak kan hoger beroep worden ingesteld bij de Afdeling bestuursrechtspraak van de Raad van State binnen één week na de dag van bekendmaking. </para>
      <para />
    </parablock>
  </section>
</uitspraak>
</open-rechtspraak>