<?xml version="1.0" encoding="utf-8"?>
<open-rechtspraak>
  <rdf:RDF xmlns:rdf="http://www.w3.org/1999/02/22-rdf-syntax-ns#" xmlns:ecli="https://e-justice.europa.eu/ecli" xmlns:tr="http://tuchtrecht.overheid.nl/" xmlns:eu="http://publications.europa.eu/celex/" xmlns:dcterms="http://purl.org/dc/terms/" xmlns:bwb="bwb-dl" xmlns:cvdr="http://decentrale.regelgeving.overheid.nl/cvdr/" xmlns:psi="http://psi.rechtspraak.nl/" xmlns:rdfs="http://www.w3.org/2000/01/rdf-schema#">
    <rdf:Description>
      <dcterms:identifier>ECLI:NL:OGEAA:2019:189</dcterms:identifier>
      <dcterms:format>text/xml</dcterms:format>
      <dcterms:accessRights>public</dcterms:accessRights>
      <dcterms:modified>2019-04-11T09:56:37</dcterms:modified>
      <dcterms:issued rdfs:label="Publicatiedatum">2019-04-11</dcterms:issued>
      <dcterms:publisher resourceIdentifier="http://rechtspraak.nl/">Raad voor de Rechtspraak</dcterms:publisher>
      <dcterms:language>nl</dcterms:language>
      <dcterms:creator rdfs:label="Instantie" psi:resourceIdentifier="http://psi.rechtspraak.nl/GEA Aruba" scheme="psi.rechtspraak">Gerecht in Eerste Aanleg van Aruba</dcterms:creator>
      <dcterms:date rdfs:label="Uitspraakdatum">2019-03-27</dcterms:date>
      <psi:zaaknummer rdfs:label="Zaaknr">AUA201801716</psi:zaaknummer>
      <dcterms:type rdf:language="nl" resourceIdentifier="http://psi.rechtspraak.nl/uitspraak">Uitspraak</dcterms:type>
      <psi:procedure rdf:language="nl" rdfs:label="Procedure" resourceIdentifier="http://psi.rechtspraak.nl/procedure#eersteAanlegEnkelvoudig">Eerste aanleg - enkelvoudig</psi:procedure>
      <dcterms:coverage>NL</dcterms:coverage>
      <dcterms:subject rdfs:label="Rechtsgebied" resourceIdentifier="http://psi.rechtspraak.nl/rechtsgebied#civielRecht">Civiel recht</dcterms:subject>
      <dcterms:hasVersion rdfs:label="Vindplaatsen" resourceIdentifier="http://psi.rechtspraak.nl/vindplaats">
        <rdf:list>
          <rdf:li>Rechtspraak.nl</rdf:li>
        </rdf:list>
      </dcterms:hasVersion>
    </rdf:Description>
    <rdf:Description rdf:about="http://deeplink.rechtspraak.nl/uitspraak?id=ECLI:NL:OGEAA:2019:189">
      <dcterms:identifier>http://deeplink.rechtspraak.nl/uitspraak?id=ECLI:NL:OGEAA:2019:189</dcterms:identifier>
      <dcterms:format>text/html</dcterms:format>
      <dcterms:accessRights>public</dcterms:accessRights>
      <dcterms:modified>2019-04-11T09:56:10</dcterms:modified>
      <dcterms:issued rdfs:label="Publicatiedatum">2019-04-11</dcterms:issued>
      <dcterms:publisher resourceIdentifier="http://rechtspraak.nl/">Raad voor de Rechtspraak</dcterms:publisher>
      <dcterms:language>nl</dcterms:language>
      <dcterms:title rdf:language="nl">ECLI:NL:OGEAA:2019:189 Gerecht in Eerste Aanleg van Aruba , 27-03-2019 / AUA201801716</dcterms:title>
      <dcterms:abstract resourceIdentifier="../../rs:inhoudsindicatie" />
    </rdf:Description>
  </rdf:RDF>
  <inhoudsindicatie id="ECLI:NL:OGEAA:2019:189:INH" lang="nl" xml:space="preserve" xmlns="http://www.rechtspraak.nl/schema/rechtspraak-1.0" xmlns:xsd="http://www.w3.org/2001/XMLSchema" xmlns:xsi="http://www.w3.org/2001/XMLSchema-instance">
      <para>verbintenissenrecht, vordering verjaard</para>
    </inhoudsindicatie>
  <uitspraak id="ECLI:NL:OGEAA:2019:189:DOC" lang="nl" xml:space="preserve" xmlns="http://www.rechtspraak.nl/schema/rechtspraak-1.0" xmlns:xsd="http://www.w3.org/2001/XMLSchema" xmlns:xsi="http://www.w3.org/2001/XMLSchema-instance" xmlns:xlink="http://www.w3.org/1999/xlink">
  <uitspraak.info>
    <para>Vonnis van 27 maart 2019 (bij vervroeging)</para>
    <para>Behorend bij A.R. nr. AUA201801716</para>
    <para />
    <parablock>
      <para>
        <emphasis role="bold underline">GERECHT IN EERSTE AANLEG VAN ARUBA</emphasis>
      </para>
    </parablock>
    <para />
    <parablock>
      <para>VONNIS </para>
    </parablock>
    <para />
    <parablock>
      <para>in de zaak van:</para>
    </parablock>
    <para />
    <parablock>
      <para>
        <emphasis role="bold">[eiser],</emphasis>
      </para>
      <para>wonende in Aruba te [adres],</para>
      <para>eiser, </para>
      <para>hierna ook te noemen: [eiser],</para>
      <para>procederend in persoon,</para>
    </parablock>
    <para />
    <parablock>
      <para>tegen:</para>
    </parablock>
    <para />
    <parablock>
      <para>de publiekrechtelijke rechtspersoon</para>
      <para>
        <emphasis role="bold">HET LAND ARUBA</emphasis>, </para>
      <para>zetelend in Aruba,</para>
      <para>gedaagde,</para>
      <para>hierna ook te noemen: het Land,</para>
      <para>gemachtigde: de advocaat mr. H.U. Thielman.</para>
    </parablock>
    <para />
    <para />
    <para />
  </uitspraak.info>
  <section>
    <title>
      <nr>1</nr>DE PROCEDURE</title>
    <paragroup>
      <nr>1.1</nr>
      <para>Het verloop van de procedure tot 7 november 2018 blijkt uit het tussenvonnis van dit Gerecht van die datum. De bij dat vonnis gelaste comparitie van partijen na antwoord heeft plaatsgevonden op 3 december 2018. [eiser] is in persoon ter zitting verschenen, en het Land bij haar gemachtigde. Partijen hebben over en weer het woord gevoerd, beiden aan de hand van nader ingediende producties of stukken, en  hebben gereageerd of kunnen reageren op elkaars stellingen.</para>
      <para />
    </paragroup>
    <paragroup>
      <nr>1.2</nr>
      <para>Vonnis is nader bepaald op heden.</para>
      <para />
    </paragroup>
  </section>
  <section>
    <title>
      <nr>2</nr>DE STANDPUNTEN VAN PARTIJEN</title>
    <paragroup>
      <nr>2.1 [</nr>
      <para>eiser] vordert dat het Gerecht - zo het begrijpt - bij uitvoerbaar bij voorraad te verklaren vonnis voor recht verklaart dat het Land aansprakelijk is voor door [eiser] op enig in de jaren 1987 tot 1990 gelegen moment of momenten geleden schade als gevolg van onrechtmatig handelen zijdens het Land (in de persoon van de minister van Communicatie van Aruba en de rechter in kort geding bij dit Gerecht).</para>
      <para />
    </paragroup>
    <paragroup>
      <nr>2.2</nr>
      <para>Het Land voert verweer en concludeert dat [eiser] niet-ontvankelijk moet worden verklaard in het door hem verzochte, althans tot afwijzing daarvan, kosten rechtens.</para>
      <para />
    </paragroup>
    <paragroup>
      <nr>2.3</nr>
      <para>Voor zover van belang voor de uitspraak worden de stellingen van partijen hierna besproken. </para>
      <para />
    </paragroup>
  </section>
  <section role="overwegingen">
    <title>
      <nr>3</nr>DE VERDERE BEOORDELING</title>
    <paragroup>
      <nr>3.1</nr>
      <para>Het Gerecht volhardt in zijn in het tussenvonnis neergelegde overwegingen en beslissingen.</para>
      <para />
    </paragroup>
    <paragroup>
      <nr>3.2</nr>
      <para>Indien veronderstellenderwijs de juistheid van de door het Land bestreden stelling van [eiser] wordt aangenomen dat hij als gevolg van onrechtmatig handelen zijdens het Land op enig in de jaren 1987 tot 1990 gelegen moment of momenten schade heeft geleden heeft het volgende te gelden ter zake van het door het Land opgeworpen beroep op verjaring van een mogelijke aan [eiser] toekomende vordering uit hoofde van schadevergoeding.</para>
      <para />
    </paragroup>
    <paragroup>
      <nr>3.3</nr>
      <para>Krachtens artikel 1986 van het oude tot 1 januari 2002 geldende BW gold ter zake van het beweerdelijke vorderingsrecht van [eiser] tot schadevergoeding aanvankelijk een verjaringstermijn van 30 jaren, die in het voor [eiser] meest gunstige geval is aangevangen op 1 januari 1990 ook al was voor hem toen niet bekend dat hij schade had geleden en/of ook al was voor hem toen de daarvoor aansprakelijke niet bekend.</para>
      <para />
    </paragroup>
    <paragroup>
      <nr>3.4</nr>
      <para>Per 1 januari 2002 is het nieuwe Burgerlijk Wetboek van Aruba in werking getreden, met daarbij horende overgangswetgeving. Het eerste lid van artikel 8 van de Landsverordening overgangsbepalingen Nieuw BW, waarin met ”<emphasis role="italic">wet</emphasis>” wordt bedoeld het BW-nieuw, luidt: “<emphasis role="italic">Indien de wet een verjarings- of vervaltermijn op een jaar of langer stelt en die termijn overeenkomstig de wet zou aanvangen vóór het tijdstip waarop zij van toepassing wordt, dan is het bepaalde omtrent aanvang, duur en aard van die termijn tot een jaar na dat tijdstip niet van toepassing.</emphasis>”. Lid twee van dat artikel bepaalt dat de nieuwe termijn niet geacht wordt vóór afloop van dat jaar te zijn voltooid.</para>
      <para />
    </paragroup>
    <paragroup>
      <nr>3.5</nr>
      <para>De thans met inachtneming van voormelde overgangsbepalingen op het onderhavige geval van toepassing zijnde wettelijke verjaringsbepaling is het eerste lid van artikel 3:310 BW. Dat artikel luidt: “<emphasis role="italic">Een rechtsvordering tot vergoeding van schade (…) verjaart door verloop van 5 jaren na de aanvang van de dag, volgend op die waarop de benadeelde zowel met de schade (…) als met de daarvoor aansprakelijke persoon bekend is geworden, en in ieder geval door verloop van 20 jaren na de gebeurtenis waardoor de schade is veroorzaakt (…).</emphasis>”.</para>
      <para />
      <para />
    </paragroup>
    <paragroup>
      <nr>3.6</nr>
      <para>Vorenstaande brengt mee dat het beweerdelijke vorderingsrecht van [eiser] tot schadevergoeding in ieder geval verjaart door verloop van 20 jaren na de gebeurtenis waardoor de schade is ontstaan. Dat betekent dat in het voor [eiser] meest gunstige geval de verjaring van dat vorderingsrecht in ieder geval is voltooid 20 jaren na 1 januari 1990, ofwel per 1 januari 2010. Gesteld noch is gebleken overigens dat [eiser] gedurende die periode een verjaring stuitende rechtshandeling heeft verricht. De stelling van [eiser] dat hij eerst tot voor kort bekend is geworden met zijn beweerdelijke schade en/of de daarvoor aansprakelijke en dat hij pas eerst naar aanleiding van naar zijn zeggen een uitspraak van de Hoge Raad in 2014 daadwerkelijk bekend is geworden met zijn juridische positie dat hij als aandeelhouder te dezen ook schadevergoeding kan vorderen maakt vorenstaande niet anders, omdat ook al die beweerdelijke omstandigheden vallen binnen de reikwijdte van het begrip “<emphasis role="italic">in ieder geval</emphasis>” zoals vermeld in het eerste lid van artikel 3:310 BW.</para>
      <para />
    </paragroup>
    <paragroup>
      <nr>3.7</nr>
      <para>Nu vast staat dat het beweerdelijke vorderingsrecht van [eiser] tot schadevergoeding is verjaard, valt zonder nadere uitleg - die ontbreekt - niet in te zien welk belang [eiser] heeft bij toewijzing van zijn vordering. Die vordering zal daarom worden afgewezen.</para>
      <para />
    </paragroup>
    <paragroup>
      <nr>3.8 [</nr>
      <para>eiser] zal, als de in het ongelijk te stellen partij, worden verwezen in de kosten van deze procedure gevallen aan de zijde van het Land, tot aan deze uitspraak begroot op Afl. 2.500,-- aan salaris voor de gemachtigde.</para>
      <para />
    </paragroup>
  </section>
  <section>
    <title>
      <nr>4</nr>DE UITSPRAAK</title>
    <para>Het Gerecht:</para>
    <para />
    <parablock>
      <para>-wijst af het door [eiser] verzochte; </para>
    </parablock>
    <para />
    <parablock>
      <para>-veroordeelt [eiser] in de kosten van deze procedure gevallen aan de zijde van het Land, tot aan deze uitspraak begroot op Afl. 2.500,-- aan salaris voor de gemachtigde.</para>
    </parablock>
    <para />
    <parablock>
      <para>	Dit vonnis is gewezen door mr. A.H.M. van de Leur, rechter, en is bij vervroeging uitgesproken ter openbare terechtzitting van woensdag 27 maart 2019 in aanwezigheid van de griffier.</para>
    </parablock>
    <para />
    <para />
  </section>
  <footnote id="_073aee15-5c6f-43a6-9231-c358045aee99" label="1">
    <para>[1] Zie onderaan bijlage Formele relaties</para>
  </footnote>
  <footnote id="_ab7e880c-fe39-4af0-b979-a23d49a78aaf" label="2">
    <para>[2] Zie onderaan bijlage Overzicht rechtsgebieden</para>
  </footnote>
  <footnote id="_8231c917-1a0e-4b96-921e-b9dec19445a5" label="3">
    <para>[3] Zie onderaan bijlage Bijzondere kenmerken van uitspraak</para>
  </footnote>
</uitspraak>
</open-rechtspraak>