<?xml version="1.0" encoding="utf-8"?>
<open-rechtspraak>
  <rdf:RDF xmlns:rdf="http://www.w3.org/1999/02/22-rdf-syntax-ns#" xmlns:ecli="https://e-justice.europa.eu/ecli" xmlns:tr="http://tuchtrecht.overheid.nl/" xmlns:eu="http://publications.europa.eu/celex/" xmlns:dcterms="http://purl.org/dc/terms/" xmlns:bwb="bwb-dl" xmlns:cvdr="http://decentrale.regelgeving.overheid.nl/cvdr/" xmlns:psi="http://psi.rechtspraak.nl/" xmlns:rdfs="http://www.w3.org/2000/01/rdf-schema#">
    <rdf:Description>
      <dcterms:identifier>ECLI:NL:RBAMS:2019:1940</dcterms:identifier>
      <dcterms:format>text/xml</dcterms:format>
      <dcterms:accessRights>public</dcterms:accessRights>
      <dcterms:modified>2019-04-03T16:51:22</dcterms:modified>
      <dcterms:issued rdfs:label="Publicatiedatum">2019-03-18</dcterms:issued>
      <dcterms:publisher resourceIdentifier="http://rechtspraak.nl/">Raad voor de Rechtspraak</dcterms:publisher>
      <dcterms:language>nl</dcterms:language>
      <dcterms:creator rdfs:label="Instantie" resourceIdentifier="http://standaarden.overheid.nl/owms/terms/Rechtbank_Amsterdam" scheme="overheid.RechterlijkeMacht">Rechtbank Amsterdam</dcterms:creator>
      <dcterms:date rdfs:label="Uitspraakdatum">2019-03-20</dcterms:date>
      <psi:zaaknummer rdfs:label="Zaaknr">C/13/645284 / HA ZA 18-294</psi:zaaknummer>
      <dcterms:type rdf:language="nl" resourceIdentifier="http://psi.rechtspraak.nl/uitspraak">Uitspraak</dcterms:type>
      <psi:procedure rdf:language="nl" rdfs:label="Procedure" resourceIdentifier="http://psi.rechtspraak.nl/procedure#eersteAanlegEnkelvoudig">Eerste aanleg - enkelvoudig</psi:procedure>
      <dcterms:coverage>NL</dcterms:coverage>
      <dcterms:spatial rdfs:label="Zittingsplaats">Amsterdam</dcterms:spatial>
      <dcterms:subject rdfs:label="Rechtsgebied" resourceIdentifier="http://psi.rechtspraak.nl/rechtsgebied#civielRecht">Civiel recht</dcterms:subject>
      <dcterms:hasVersion rdfs:label="Vindplaatsen" resourceIdentifier="http://psi.rechtspraak.nl/vindplaats">
        <rdf:list>
          <rdf:li>Rechtspraak.nl</rdf:li>
        </rdf:list>
      </dcterms:hasVersion>
    </rdf:Description>
    <rdf:Description rdf:about="http://deeplink.rechtspraak.nl/uitspraak?id=ECLI:NL:RBAMS:2019:1940">
      <dcterms:identifier>http://deeplink.rechtspraak.nl/uitspraak?id=ECLI:NL:RBAMS:2019:1940</dcterms:identifier>
      <dcterms:format>text/html</dcterms:format>
      <dcterms:accessRights>public</dcterms:accessRights>
      <dcterms:modified>2019-04-03T16:50:52</dcterms:modified>
      <dcterms:issued rdfs:label="Publicatiedatum">2019-04-03</dcterms:issued>
      <dcterms:publisher resourceIdentifier="http://rechtspraak.nl/">Raad voor de Rechtspraak</dcterms:publisher>
      <dcterms:language>nl</dcterms:language>
      <dcterms:title rdf:language="nl">ECLI:NL:RBAMS:2019:1940 Rechtbank Amsterdam , 20-03-2019 / C/13/645284 / HA ZA 18-294</dcterms:title>
      <dcterms:abstract resourceIdentifier="../../rs:inhoudsindicatie" />
    </rdf:Description>
  </rdf:RDF>
  <inhoudsindicatie id="ECLI:NL:RBAMS:2019:1940:INH" lang="nl" xml:space="preserve" xmlns="http://www.rechtspraak.nl/schema/rechtspraak-1.0" xmlns:xsd="http://www.w3.org/2001/XMLSchema" xmlns:xsi="http://www.w3.org/2001/XMLSchema-instance">
      <para>Leerstuk samenloop van verzekeringen / artikel 7:961 BW / de rechtbank is van oordeel dat voor toepassing van de samenloopregeling noodzakelijk is dat betaald wordt aan de verzekerde die de aanspraak op de andere verzekeraar had.</para>
    </inhoudsindicatie>
  <uitspraak id="ECLI:NL:RBAMS:2019:1940:DOC" lang="nl" xml:space="preserve" xmlns="http://www.rechtspraak.nl/schema/rechtspraak-1.0" xmlns:xsd="http://www.w3.org/2001/XMLSchema" xmlns:xsi="http://www.w3.org/2001/XMLSchema-instance" xmlns:xlink="http://www.w3.org/1999/xlink">
  <uitspraak.info>
    <para>
      <inlinemediaobject>
        <imageobject>
          <imagedata align="center" scale="100" fileref="b3cea26d-d56d-4ac4-a677-ee6947eb9b44" depth="2" width="13" format="image/png" />
        </imageobject>
      </inlinemediaobject>
      <inlinemediaobject>
        <imageobject>
          <imagedata align="center" scale="100" fileref="6519f312-0e84-412d-83b9-8f59bc7d0d5e" depth="2" width="523" format="image/png" />
        </imageobject>
      </inlinemediaobject>vonnis</para>
    <bridgehead role="bold">RECHTBANK AMSTERDAM</bridgehead>
    <para />
    <parablock>
      <para>Afdeling privaatrecht</para>
    </parablock>
    <para />
    <para />
    <para />
    <parablock>
      <para>zaaknummer / rolnummer: C/13/645284 / HA ZA 18-294</para>
    </parablock>
    <para />
    <parablock>
      <para>
        <emphasis role="bold">Vonnis van 20 maart 2019</emphasis>
      </para>
    </parablock>
    <para />
    <parablock>
      <para>in de zaak van</para>
    </parablock>
    <para />
    <parablock>
      <para>de naamloze vennootschap </para>
      <para>
        <emphasis role="bold">ASR SCHADEVERZEKERING N.V.</emphasis>,</para>
      <para>gevestigd te Utrecht,</para>
      <para>eiseres,</para>
      <para>advocaat mr. H. Lebbing te Rotterdam,</para>
    </parablock>
    <para />
    <parablock>
      <para>tegen</para>
    </parablock>
    <para />
    <parablock>
      <para>de vennootschap naar Engels recht </para>
      <para>
        <emphasis role="bold">CANOPIUS MANAGING AGENTS LIMITED</emphasis>,</para>
      <para>gevestigd te Londen (Verenigd Koninkrijk),</para>
      <para>gedaagde,</para>
      <para>advocaten mr. M.A.R.C. Padberg en mr. P.E.A. Chao te Rotterdam.</para>
    </parablock>
    <para />
    <parablock>
      <para>Partijen zullen hierna ASR en Canopius worden genoemd.</para>
    </parablock>
    <para />
  </uitspraak.info>
  <section>
    <title>
      <nr>1</nr>De procedure</title>
    <paragroup>
      <nr>1.1.</nr>
      <para>Het verloop van de procedure blijkt uit:</para>
      <itemizedlist mark="-">
        <listitem>
          <para>de dagvaarding van 9 maart 2018, met producties, </para>
        </listitem>
        <listitem>
          <para>de conclusie van antwoord, met producties, </para>
        </listitem>
        <listitem>
          <para>het tussenvonnis van 24 oktober 2018 waarbij een comparitie van partijen is bepaald, </para>
        </listitem>
        <listitem>
          <para>het proces-verbaal van comparitie van 4 februari 2019, met de daarin genoemde akte.</para>
        </listitem>
      </itemizedlist>
      <para />
    </paragroup>
    <paragroup>
      <nr>1.2.</nr>
      <para>Ten slotte is vonnis bepaald.</para>
      <para />
    </paragroup>
  </section>
  <section>
    <title>
      <nr>2</nr>De feiten</title>
    <paragroup>
      <nr>2.1.</nr>
      <para>
        [bedrijf 1] (hierna: [bedrijf 1] ) heeft met [bedrijf 2] een overeenkomst van aanneming gesloten met betrekking tot de verbouwing van een voormalig verzorgingstehuis aan de [adres] in [plaats] tot 155 studentenwoningen. Voor het aanbrengen van nieuwe CAI- en databekabeling is [bedrijf 1] met [bedrijf 3] (hierna: [bedrijf 3] ) op 23 juli 2015 een onderaannemingsovereenkomst overeengekomen. </para>
      <para />
    </paragroup>
    <paragroup>
      <nr>2.2.</nr>
      <para>
        [bedrijf 1] heeft met ingang van 1 januari 2016 een doorlopende bouw- en montageverzekering (ook wel een CAR-verzekering genoemd) afgesloten met ASR (hierna: de ASR-verzekering).</para>
    </paragroup>
    <paragroup>
      <nr>2.3.</nr>
      <para>
        [bedrijf 3] heeft een doorlopende bouw- en montageverzekering afgesloten bij Canopius (hierna: de Canopius -verzekering).</para>
      <para />
    </paragroup>
    <paragroup>
      <nr>2.4.</nr>
      <para>Nadat de bekabeling was aangelegd, is uit onderzoek gebleken dat onbekenden de CAI- en databekabeling in een doorvoerruimte op de tweede verdieping hebben doorgesneden. Van deze als gevolg van vandalisme veroorzaakte schade heeft [bedrijf 1] een melding gemaakt bij ASR. [bedrijf 3] heeft de schade gemeld bij Canopius .</para>
      <para />
    </paragroup>
    <paragroup>
      <nr>2.5.</nr>
      <para>De herstelkosten zijn door een door ASR benoemde expert vastgesteld op een bedrag van € 66.234,94 (excl. BTW). ASR heeft dekking verleend onder de ASR-verzekering die [bedrijf 1] bij haar heeft afgesloten en – rekening houdend met het eigen risico van € 5.000,00 – een bedrag van € 61.234,94 uitgekeerd aan [bedrijf 1] .  </para>
      <para />
    </paragroup>
    <paragroup>
      <nr>2.6.</nr>
      <para>ASR heeft wegens samenloop van verzekeringen de gevolmachtigde agent van Canopius verzocht om de helft van het aan [bedrijf 1] uitgekeerde schadebedrag aan haar te voldoen. Canopius heeft niet aan dit verzoek voldaan.       </para>
      <para />
    </paragroup>
  </section>
  <section>
    <title>
      <nr>3</nr>Het geschil</title>
    <paragroup>
      <nr>3.1.</nr>
      <parablock>
        <para>ASR vordert na vermindering en vermeerdering van eis dat de rechtbank bij vonnis, voor zover mogelijk uitvoerbaar bij voorraad, samengevat: </para>
        <para>I. voor recht verklaart dat sprake is van samenloop van verzekeringen tussen de door [bedrijf 1] bij ASR afgesloten bouw- en montageverzekering en de door [bedrijf 3] bij Canopius afgesloten bouw- en montageverzekering, zodat aldus Canopius gehouden is om bij te dragen aan de door ASR uitgekeerde schade naar evenredigheid van de bedragen waarvoor een ieder afzonderlijk kan worden aangesproken; </para>
        <para>II. Canopius veroordeelt tot betaling van een bedrag van € 31.501,68 aan hoofdsom – bestaande uit de helft van de (i) door ASR aan [bedrijf 1] uitgekeerde schade en (ii) door ASR gemaakte expertisekosten (zie rechtsoverweging 4.2.) – te vermeerderen met een bedrag van € 2.031,59 aan buitengerechtelijke kosten, vermeerderd met de wettelijke rente vanaf 16 september 2016 dan wel vanaf 9 maart 2018 tot aan de dag van algehele voldoening;</para>
        <para>III. Canopius veroordeelt in de proceskosten en nakosten, vermeerderd met de wettelijke rente vanaf veertien dagen na het vonnis.     </para>
      </parablock>
      <para />
    </paragroup>
    <paragroup>
      <nr>3.2.</nr>
      <para>ASR legt aan haar vordering ten grondslag dat in het onderhavige geval sprake is van zuivere samenloop van verzekeringen als bedoeld in artikel 7:961 Burgerlijk Wetboek (hierna: BW). ASR stelt hiertoe dat het werk van [bedrijf 3] bij verschillende polissen voor dezelfde omvang is gedekt, omdat [bedrijf 3] aanspraak kon maken op dekking bij zowel ASR als bij Canopius . Volgens ASR is het daarbij niet relevant welke verzekerde (in het onderhavige geval [bedrijf 1] of [bedrijf 3] ) melding doet van de schade. Daarnaast is het evenmin relevant aan welke verzekerde de schade is uitgekeerd. Voldoende is dat sprake is van één verzekerde waarvan het belang onder meerdere polissen is gedekt.    </para>
      <para />
    </paragroup>
    <paragroup>
      <nr>3.3.</nr>
      <para>Canopius voert ten verwere aan dat de omstandigheid dat het werk van [bedrijf 3] is verzekerd onder meerdere verzekeringen niet automatisch maakt dat sprake is van een  samenloop zoals bepaald in artikel 7:961 BW. ASR gaat er namelijk aan voorbij dat niet [bedrijf 3] , maar [bedrijf 1] om dekking heeft verzocht onder de ASR-verzekering. ASR heeft de schade ook aan [bedrijf 1] uitgekeerd. Nu [bedrijf 1] niet als verzekerde onder de Canopius -verzekering is aan te merken, komt haar geen keuzevrijheid toe en is er geen sprake van samenloop. Dit heeft tot gevolg dat ASR geen (wettelijke) grondslag heeft voor verhaal op Canopius , waardoor de vordering van ASR dient te worden afgewezen. Dat [bedrijf 3] als verzekerde onder de ASR-verzekering kwalificeert maakt dit niet anders, aldus steeds Canopius . </para>
      <para />
    </paragroup>
    <paragroup>
      <nr>3.4.</nr>
      <para>Op de stellingen van partijen wordt hierna, voor zover van belang, nader ingegaan.</para>
      <para />
    </paragroup>
  </section>
  <section role="overwegingen">
    <title>
      <nr>4</nr>De beoordeling</title>
    <bridgehead role="italic">bevoegdheid </bridgehead>
    <para />
    <paragroup>
      <nr>4.1.</nr>
      <para>Gelet op de niet betwiste stelling van ASR dat Canopius B.V. als gevolmachtigde agent van Canopius de verzekering heeft afgesloten met [bedrijf 3] , komt aan de Nederlandse rechter op grond van 7, vijfde lid, van de Verordening (EU) nr. 1215/2012 van het Europees Parlement en de Raad van 12 december 2012 betreffende de rechterlijke bevoegdheid, de erkenning en de tenuitvoerlegging van beslissing in burgerlijke en handelszaken (herschikking) rechtsmacht toe. </para>
      <para />
      <parablock>
        <para>
          <emphasis role="italic">eisvermeerdering</emphasis>
        </para>
      </parablock>
      <para />
    </paragroup>
    <paragroup>
      <nr>4.2.</nr>
      <para>ASR heeft tijdens de comparitie bij akte haar eis vermeerderd, in die zin dat zij ook de helft van de door haar gemaakte expertisekosten ter hoogte van € 1.768,42 van Canopius vordert. Canopius heeft hierop gereageerd, en ook gevraagd bij akte hier nog nader op te mogen reageren nu zij de eisvermeerdering niet met cliënte heeft kunnen bespreken. De rechtbank stelt vast dat de expertisekosten in het lichaam van de dagvaarding zijn besproken en toegelicht, maar – kennelijk abusievelijk – niet in het petitum zijn gevorderd. Uit de conclusie van antwoord, meer in het bijzonder randnummer 17, maakt de rechtbank op dat ook Canopius de vordering van ASR aldus heeft begrepen dat de helft van de expertisekosten van haar worden gevorderd. De rechtbank is daarom van oordeel dat Canopius niet in haar belangen is geschaad door de eisvermeerdering ter comparitie en zal deze honoreren en staat het Canopius niet toe nog een nadere akte op dit punt te nemen. </para>
      <para />
      <parablock>
        <para>
          <emphasis role="italic">samenloop van verzekeringen</emphasis>
        </para>
      </parablock>
      <para />
    </paragroup>
    <paragroup>
      <nr>4.3.</nr>
      <para>De vraag die in deze procedure centraal staat is of sprake is van samenloop van verzekeringen als bedoeld in artikel 7:961 BW, op grond waarvan ASR zich tot Canopius kan wenden voor onderling verhaal. </para>
      <para />
    </paragroup>
    <paragroup>
      <nr>4.4.</nr>
      <para>Artikel 7:961, eerste lid, BW bepaalt dat indien dezelfde schade door meer dan een verzekering wordt gedekt, de verzekerde (met inachtneming van artikel 7:960 BW) elke verzekeraar kan aanspreken. De verzekeraars hebben ingevolge het derde lid onderling verhaal opdat ieder zijn eigen deel draagt, naar evenredigheid van de bedragen waarvoor een ieder afzonderlijk kan worden aangesproken. Verzekeraars hebben op gelijke voet onderling verhaal voor hun redelijke kosten tot het vaststellen van de schade, alsmede voor hun redelijke kosten van verweer in en buiten rechte. </para>
      <para />
    </paragroup>
    <paragroup>
      <nr>4.5.</nr>
      <para>Voor de beoordeling van deze vraag stelt de rechtbank vast dat tussen partijen niet in geschil is dat [bedrijf 1] als verzekerde kwalificeert onder de ASR-verzekering en niet als verzekerde kwalificeert onder de Canopius -verzekering. [bedrijf 1] heeft alleen bij ASR om dekking van de schade verzocht en ASR heeft de schade aan [bedrijf 1] uitgekeerd. Vast staat ook dat [bedrijf 3] als verzekerde kwalificeert onder zowel de ASR-verzekering (in hoedanigheid van onderaannemer) als de Canopius -verzekering. [bedrijf 3] heeft de schade echter niet gemeld bij ASR, maar alleen bij haar eigen verzekeraar, Canopius , waarbij evenmin in geschil is dat aan [bedrijf 3] dekking zou toekomen voor het schadevoorval onder de Canopius -verzekering.</para>
      <para />
    </paragroup>
    <paragroup>
      <nr>4.6.</nr>
      <para>Nu [bedrijf 1] niet als verzekerde onder Canopius -verzekering geldt, is de rechtbank allereerst van oordeel dat ten aanzien van [bedrijf 1] geen sprake is van samenloop zoals neergelegd in artikel 7:961 BW. [bedrijf 1] is immers niet de verzekerde in de zin van artikel 7:961 lid 1 BW die meer dan een verzekeraar kan aanspreken. </para>
      <para />
    </paragroup>
    <paragroup>
      <nr>4.7.</nr>
      <para>Voor wat betreft [bedrijf 3] neemt de rechtbank tot uitgangspunt dat het ASR is die een beroep doet op de samenloopregeling met als onderbouwing dat [bedrijf 3] als verzekerde kwalificeert onder zowel de ASR-verzekering als de Canopius -verzekering. Daarmee doet zich de vraag voor of de samenloopregeling van artikel 7:961 BW van toepassing is op [bedrijf 3] die niet bij ASR om dekking heeft verzocht en aan wie ASR de schade niet heeft uitgekeerd, maar die wel als verzekerde kwalificeert. De rechtbank beantwoordt deze vraag ontkennend. Uit de Memorie van Toelichting bij 7:961 BW volgt dat de ingevoerde samenloopregeling belet dat een aangesproken verzekeraar zich achter anderen verschuilt. Ten aanzien van (het huidige) lid 3 wordt opgemerkt dat onderling verhaal tussen de verzekeraars afzonderlijk wordt geregeld nu de regelingen van hoofdelijkheid en subrogatie niet van toepassing zijn. Uit deze toelichting volgt dat de samenloopregeling ervan uitgaat dat de verzekeraar <emphasis role="italic">door betaling</emphasis> een regresrecht krijgt omdat de verzekerde <emphasis role="italic">aan wie betaald is</emphasis> een aanspraak had op een andere verzekeraar welke aanspraak niet (deels) ten goede komt aan de betalende verzekeraar bij gebreke van hoofdelijkheid en subrogatie. Aldus is de rechtbank van oordeel dat het voor toepassing van de samenloopregeling noodzakelijk is dat betaald wordt aan de verzekerde die de aanspraak op de andere verzekeraar had. In onderhavige procedure heeft ASR echter niet aan [bedrijf 3] betaald, zodat de samenloopregeling in dit geval niet van toepassing is. Het feit dat [bedrijf 3] als verzekerde kwalificeert onder beide verzekeringen is dus niet voldoende.</para>
      <para />
    </paragroup>
    <paragroup>
      <nr>4.8.</nr>
      <para>De rechtbank merkt nog op dat de conclusie van de Advocaat-Generaal van                    21 april 2017 (ECLI:NL:PHR:2017:416) waar Canopius in dit kader nog naar heeft verwezen en waar ASR tijdens de comparitie van partijen op heeft gereageerd, voor het onderhavige geval niet relevant is. Het ging in die zaak om de vraag of een verzekerde (ook) aanspraak kon maken op dekking bij een andere verzekeraar dan de verzekeraar die de schade had uitgekeerd, terwijl in deze procedure niet in geschil is dat [bedrijf 3] bij zowel ASR als Canopius aanspraak kon maken op dekking en [bedrijf 1] alleen bij ASR. </para>
      <para />
      <parablock>
        <para>
          <emphasis role="italic">conclusie  </emphasis>
        </para>
      </parablock>
      <para />
    </paragroup>
    <paragroup>
      <nr>4.9.</nr>
      <para>Gelet op het voorgaande is er zowel ten aanzien van [bedrijf 1] als ten aanzien van [bedrijf 3] geen sprake van samenloop van verzekeringen zoals bedoeld in artikel 7:961 BW. De vorderingen van ASR zullen dan ook worden afgewezen. </para>
      <para />
      <para />
      <para />
      <para />
      <parablock>
        <para>
          <emphasis role="italic">proceskosten </emphasis>
        </para>
      </parablock>
      <para />
    </paragroup>
    <paragroup>
      <nr>4.10.</nr>
      <parablock>
        <para>ASR zal als de in het ongelijk gestelde partij in de proceskosten worden veroordeeld. De kosten aan de zijde van Canopius worden begroot op:</para>
        <para>€ 1.950,00 aan griffierecht</para>
        <para>
          <emphasis role="underline">€ 1.390,00</emphasis> aan salaris advocaat (2 punten x tarief € 695,00)</para>
        <para>€ 3.340,00 totaal</para>
      </parablock>
      <para />
    </paragroup>
    <paragroup>
      <nr>4.11.</nr>
      <para>De nakosten worden begroot en zijn toewijsbaar op de wijze als in de beslissing vermeld. 		</para>
      <para />
    </paragroup>
  </section>
  <section role="beslissing">
    <title>
      <nr>5</nr>De beslissing</title>
    <para>De rechtbank</para>
    <para />
    <paragroup>
      <nr>5.1.</nr>
      <para>wijst de vorderingen af, </para>
      <para />
    </paragroup>
    <paragroup>
      <nr>5.2.</nr>
      <para>veroordeelt ASR in de proceskosten, aan de zijde van Canopius tot op heden begroot op € 3.340,00,</para>
      <para />
    </paragroup>
    <paragroup>
      <nr>5.3.</nr>
      <para>veroordeelt ASR in de na dit vonnis ontstane kosten, begroot op € 157,00 aan salaris advocaat, te vermeerderen, onder de voorwaarde dat ASR niet binnen veertien dagen na aanschrijving aan dit vonnis heeft voldaan en er vervolgens betekening van dit vonnis heeft plaatsgevonden, met een bedrag van € 82,00 aan salaris advocaat en de explootkosten van betekening van dit vonnis,</para>
      <para />
    </paragroup>
    <paragroup>
      <nr>5.4.</nr>
      <para>verklaart dit vonnis wat betreft de kostenveroordeling uitvoerbaar bij voorraad.</para>
      <para />
      <para />
      <para />
      <parablock>
        <para>Dit vonnis is gewezen door mr. M.L.S. Kalff, rechter, bijgestaan door mr. H. Akbuz, griffier, en in het openbaar uitgesproken op 20 maart 2019.<footnote-ref linkend="_5d88e2f2-e1a9-4ea5-a4ff-c75ca8832a0f" /></para>
      </parablock>
    </paragroup>
  </section>
  <footnote id="_5d88e2f2-e1a9-4ea5-a4ff-c75ca8832a0f" label="1">
    <para>type: HA</para>
    <para>coll:</para>
  </footnote>
</uitspraak>
</open-rechtspraak>