<?xml version="1.0" encoding="utf-8"?>
<open-rechtspraak>
  <rdf:RDF xmlns:rdf="http://www.w3.org/1999/02/22-rdf-syntax-ns#" xmlns:ecli="https://e-justice.europa.eu/ecli" xmlns:tr="http://tuchtrecht.overheid.nl/" xmlns:eu="http://publications.europa.eu/celex/" xmlns:dcterms="http://purl.org/dc/terms/" xmlns:bwb="bwb-dl" xmlns:cvdr="http://decentrale.regelgeving.overheid.nl/cvdr/" xmlns:psi="http://psi.rechtspraak.nl/" xmlns:rdfs="http://www.w3.org/2000/01/rdf-schema#">
    <rdf:Description>
      <dcterms:identifier>ECLI:NL:GHDHA:2019:640</dcterms:identifier>
      <dcterms:format>text/xml</dcterms:format>
      <dcterms:accessRights>public</dcterms:accessRights>
      <dcterms:modified>2019-04-29T16:34:16</dcterms:modified>
      <dcterms:issued rdfs:label="Publicatiedatum">2019-03-27</dcterms:issued>
      <dcterms:publisher resourceIdentifier="http://rechtspraak.nl/">Raad voor de Rechtspraak</dcterms:publisher>
      <dcterms:language>nl</dcterms:language>
      <dcterms:creator rdfs:label="Instantie" resourceIdentifier="http://standaarden.overheid.nl/owms/terms/Gerechtshof_Den_Haag" scheme="overheid.RechterlijkeMacht">Gerechtshof Den Haag</dcterms:creator>
      <dcterms:date rdfs:label="Uitspraakdatum">2019-03-22</dcterms:date>
      <psi:zaaknummer rdfs:label="Zaaknr">BK-18/00845</psi:zaaknummer>
      <dcterms:type rdf:language="nl" resourceIdentifier="http://psi.rechtspraak.nl/uitspraak">Uitspraak</dcterms:type>
      <psi:procedure rdf:language="nl" rdfs:label="Procedure" resourceIdentifier="http://psi.rechtspraak.nl/procedure#hogerBeroep">Hoger beroep</psi:procedure>
      <dcterms:coverage>NL</dcterms:coverage>
      <dcterms:spatial rdfs:label="Zittingsplaats">'s-Gravenhage</dcterms:spatial>
      <dcterms:subject rdfs:label="Rechtsgebied" resourceIdentifier="http://psi.rechtspraak.nl/rechtsgebied#bestuursrecht_belastingrecht">Bestuursrecht; Belastingrecht</dcterms:subject>
      <dcterms:relation rdfs:label="Formele relatie" ecli:resourceIdentifier="ECLI:NL:RBDHA:2018:6027" psi:type="http://psi.rechtspraak.nl/hogerBeroep" psi:aanleg="http://psi.rechtspraak.nl/eerdereAanleg" psi:gevolg="http://psi.rechtspraak.nl/gevolg#bekrachtiging/bevestiging">Eerste aanleg: ECLI:NL:RBDHA:2018:6027, Bekrachtiging/bevestiging</dcterms:relation>
      <dcterms:hasVersion rdfs:label="Vindplaatsen" resourceIdentifier="http://psi.rechtspraak.nl/vindplaats">
        <rdf:list>
          <rdf:li>Rechtspraak.nl</rdf:li>
          <rdf:li>Viditax (FutD), 23-04-2019</rdf:li>
          <rdf:li>V-N Vandaag 2019/958</rdf:li>
          <rdf:li>FutD 2019-1164</rdf:li>
        </rdf:list>
      </dcterms:hasVersion>
    </rdf:Description>
    <rdf:Description rdf:about="http://deeplink.rechtspraak.nl/uitspraak?id=ECLI:NL:GHDHA:2019:640">
      <dcterms:identifier>http://deeplink.rechtspraak.nl/uitspraak?id=ECLI:NL:GHDHA:2019:640</dcterms:identifier>
      <dcterms:format>text/html</dcterms:format>
      <dcterms:accessRights>public</dcterms:accessRights>
      <dcterms:modified>2019-04-16T15:13:12</dcterms:modified>
      <dcterms:issued rdfs:label="Publicatiedatum">2019-04-19</dcterms:issued>
      <dcterms:publisher resourceIdentifier="http://rechtspraak.nl/">Raad voor de Rechtspraak</dcterms:publisher>
      <dcterms:language>nl</dcterms:language>
      <dcterms:title rdf:language="nl">ECLI:NL:GHDHA:2019:640 Gerechtshof Den Haag , 22-03-2019 / BK-18/00845</dcterms:title>
      <dcterms:abstract resourceIdentifier="../../rs:inhoudsindicatie" />
    </rdf:Description>
  </rdf:RDF>
  <inhoudsindicatie id="ECLI:NL:GHDHA:2019:640:INH" lang="nl" xml:space="preserve" xmlns="http://www.rechtspraak.nl/schema/rechtspraak-1.0" xmlns:xsd="http://www.w3.org/2001/XMLSchema" xmlns:xsi="http://www.w3.org/2001/XMLSchema-instance">
      <para>In geschil is of [belanghebbende] ontvankelijk is in haar beroep.</para>
    </inhoudsindicatie>
  <uitspraak id="ECLI:NL:GHDHA:2019:640:DOC" lang="nl" xml:space="preserve" xmlns="http://www.rechtspraak.nl/schema/rechtspraak-1.0" xmlns:xsd="http://www.w3.org/2001/XMLSchema" xmlns:xsi="http://www.w3.org/2001/XMLSchema-instance" xmlns:xlink="http://www.w3.org/1999/xlink">
  <para>
    <emphasis role="bold">GERECHTSHOF DEN HAAG</emphasis>
  </para>
  <parablock>
    <para>Team Belastingrecht</para>
    <para>meervoudige kamer</para>
    <para>nummer BK-18/00845</para>
  </parablock>
  <section>
    <title>Uitspraak van 22 maart 2019</title>
    <para />
    <parablock>
      <para>in het geding tussen:</para>
    </parablock>
    <para />
  </section>
  <section>
    <title>mevrouw [X] te [Z] , belanghebbende,</title>
    <para />
    <parablock>
      <para>en</para>
    </parablock>
    <para />
    <parablock>
      <para>
        <emphasis role="bold">de inspecteur van de Belastingdienst/Midden- en kleinbedrijf, kantoor Hoofddorp</emphasis>, de Inspecteur,</para>
    </parablock>
    <para />
    <parablock>
      <para>op het hoger beroep van belanghebbende tegen de uitspraak van de Rechtbank Den Haag van 24 juli 2018, nr. SGR 17/8183.</para>
    </parablock>
    <para />
    <para />
  </section>
  <section>
    <title>Overwegingen</title>
    <para />
    <para>1. Belanghebbende heeft bij brief van 17 februari 2011 aangifte voor de omzetbelasting gedaan voor het jaar 2010 en gelijk tegen de aangifte bezwaar ingediend. Bij brief van 5 december 2013 heeft belanghebbende de Inspecteur bericht dat zij over het jaar 2012 omzetbelasting is verschuldigd. De brief is door de Inspecteur aangemerkt als een verzoek om een naheffingsaanslag op te leggen. Alvorens het verzoek in behandeling te nemen, heeft de Inspecteur de uitkomst afgewacht van de gerechtelijke procedure over het ondernemerschap voor de omzetbelasting bij belanghebbende. Bij brief van 20 november 2017 heeft de Inspecteur belanghebbende bericht voornemens te zijn een naheffingsaanslag in de omzetbelasting voor het jaar 2012 op te leggen. Op 27 december 2017 is aan belanghebbende voor het jaar 2012 een naheffingsaanslag in de omzetbelasting opgelegd.</para>
    <para />
    <para>2. Belanghebbende heeft tegen de weigering om te beslissen op haar bezwaar tegen het voornemen van de Inspecteur om haar over het jaar 2012 een naheffingsaanslag in de omzetbelasting op te leggen, beroep bij de Rechtbank ingesteld. Een griffierecht van € 46 is geheven. 2.1. Bij uitspraak (buiten zitting) van 16 februari 2018 heeft de Rechtbank zich onbevoegd verklaard van dat beroep kennis te nemen. Het verzet tegen die uitspraak heeft de Rechtbank bij uitspraak van 16 mei 2018, nr. SGR 17/8183 V, gegrond verklaard en geoordeeld dat voor een proceskostenveroordeling geen aanleiding bestaat: er zijn geen voor vergoeding in aanmerking komende proceskosten.</para>
    <paragroup>
      <nr>2.2.</nr>
      <para>Bij de uitspraak na vereenvoudigde behandeling van 17 juli 2018 heeft het Hof het hoger beroep tegen de uitspraak van de Rechtbank van 16 mei 2018, nr. SGR 17/8183 V, niet-ontvankelijk verklaard, overwegende: "(…) Er is geen wettelijke bepaling die hoger beroep openstelt tegen een uitspraak van de Rechtbank als de onderhavige, waarbij de Rechtbank een verzet gegrond heeft verklaard. Het hoger beroep dient derhalve niet-ontvankelijk te worden verklaard. (…) Het Hof acht geen termen aanwezig voor een veroordeling in de proceskosten. (…)" Het verzet tegen die uitspraak heeft het Hof bij uitspraak van 22 maart 2019 ongegrond verklaard en het heeft geen reden gezien voor een veroordeling in de proceskosten.</para>
    </paragroup>
    <paragroup>
      <nr>2.3.</nr>
      <para>Bij de in de aanhef vermelde uitspraak heeft de Rechtbank het beroep niet-ontvankelijk verklaard.</para>
      <para />
      <para>3. Belanghebbende is van de uitspraak van de Rechtbank in hoger beroep gekomen bij het Hof. Een griffierecht van € 126 is geheven. De Inspecteur heeft een verweerschrift ingediend.</para>
      <para />
      <para>4. De mondelinge behandeling van het hoger beroep heeft plaatsgehad in Den Haag ter zitting van het Hof van 8 maart 2019. Partijen zijn verschenen.</para>
      <para />
      <para>5. De Rechtbank heeft overwogen:</para>
      <para>"(…)</para>
      <para>3. In geschil is of [belanghebbende] ontvankelijk is in haar beroep.</para>
      <para>4. [ Belanghebbende] stelt zich in haar beroepschrift op het standpunt dat het beroep is gericht tegen [de Inspecteurs] brief van 20 november 2017 die als een (verkapte) uitspraak op bezwaar moet worden beschouwd. Ter zitting heeft [belanghebbende] zich op het nader standpunt gesteld dat het beroep zich richt tegen het niet tijdig nemen van een beslissing op het bezwaar dat zij bij brief van 17 februari 2011 heeft aangetekend tegen haar, in diezelfde brief gedane aangifte omzetbelasting voor het jaar 2010.</para>
      <para>5. [ De Inspecteur] stelt zich op het standpunt dat het beroep van [belanghebbende] niet-ontvankelijk verklaard moet worden. De brief van 20 november 2017 is een aankondiging van het voornemen om over het jaar 2012 een naheffingsaanslag omzetbelasting aan [belanghebbende] op te leggen en kan niet worden beschouwd als een (verkapte) uitspraak op bezwaar waartegen beroep openstaat. Voor zover het beroep moet worden beschouwd als te zijn gericht tegen het niet tijdig beslissen op het bezwaarschrift van 17 februari 2011 is het onredelijk laat ingediend en om die reden eveneens niet-ontvankelijk.</para>
      <para>6. Ingevolge artikel 26, eerste lid, van de Algemene wet inzake rijksbelastingen (Awr) kan, in afwijking van artikel 8:1, eerste lid, van de Algemene wet bestuursrecht (Awb), tegen een ingevolge een belastingwet genomen besluit slechts beroep bij de rechtbank worden ingesteld indien het betreft:</para>
      <para>a. een belastingaanslag, daaronder begrepen de in artikel 15 van de AWR voorgeschreven verrekening, of</para>
      <para>b. een voor bezwaar vatbare beschikking.</para>
      <para>7. Ingevolge artikel 8:1, eerste lid, van de Awb kan een belanghebbende tegen een besluit beroep instellen bij de rechtbank. In artikel 7:1, eerste lid, van de Awb is, voor zover hier relevant, neergelegd dat alvorens beroep kan worden ingesteld, eerst bezwaar moet worden gemaakt. De verplichting eerst bezwaar te maken, is dus afhankelijk gesteld van het recht beroep in te stellen.</para>
      <para>8. De rechtbank is van oordeel dat [de Inspecteurs] brief van 20 november 2017 niet kan worden aangemerkt als een (verkapte) uitspraak op bezwaar. Deze brief bevat immers geen beslissing op enig door [belanghebbende] tegen een belastingaanslag of een voor bezwaar vatbare beschikking aangetekend bezwaar. Voorts bevat de brief geen rechtsmiddelverwijzing, maar uitsluitend een termijn waarbinnen [belanghebbende] op het voornemen om voor het jaar 2012 een naheffingsaanslag omzetbelasting op te leggen kan reageren. Gelet op het gesloten stelsel van rechtsbescherming zoals neergelegd in artikel 26 van de Awr, staat tegen deze brief geen beroep open. Het beroep is dan ook niet-ontvankelijk.</para>
      <para>9. Ter zitting heeft [belanghebbende] zich op het nader standpunt gesteld dat het beroep zich richt tegen het uitblijven van een beslissing op het bezwaar dat zij bij brief van 17 februari 2011 heeft aangetekend tegen haar eigen aangifte omzetbelasting voor het jaar 2010.</para>
      <para>10. Ingevolge artikel 6:12, tweede lid, van de Awb kan een beroepschrift tegen het niet tijdig nemen van een besluit worden ingediend zodra het bestuursorgaan in gebreke is tijdig een besluit te nemen en twee weken zijn verstreken na de dag waarop belanghebbende het bestuursorgaan schriftelijk heeft medegedeeld dat het in gebreke is. Ingevolge het vierde lid van dit artikel is het beroep niet-ontvankelijk indien het beroepschrift onredelijk laat is ingediend.</para>
      <para>11. De rechtbank overweegt dat niet gebleken is dat [de Inspecteur] op het bezwaarschrift van 17 februari 2011 heeft beslist. Nog daargelaten dat uit de stukken van het geding niet volgt dat [belanghebbende] [de Inspecteur] vervolgens in gebreke gesteld heeft, geldt echter dat het beroepschrift eerst op 29 november 2017 is ingediend terwijl het bezwaarschrift dateert van 17 februari 2011. De rechtbank is dan ook van oordeel dat het beroepschrift onredelijk laat is ingediend zodat het beroep ook om die reden niet-ontvankelijk is. Wel dient [de Inspecteur] alsnog op het bezwaar van 17 februari 2011 te beslissen.</para>
      <para>12. Gelet op wat hiervoor is overwogen, is het beroep niet-ontvankelijk verklaard.</para>
      <para>Proceskosten</para>
      <para>13. Voor een proceskostenveroordeling bestaat geen aanleiding."</para>
      <para />
      <para>6. In hoger beroep is, zo begrijpt het Hof, hetzelfde geschil aan de orde als bij de Rechtbank. Voor de standpunten van partijen verwijst het Hof naar de stukken van het geding.</para>
      <para />
      <para>7. De beschikbare gegevens brengen naar 's Hofs oordeel mee dat de Rechtbank met betrekking alle onderdelen van het geschil terecht en op goede gronden heeft geoordeeld dat het beroep niet-ontvankelijk is. Belanghebbende heeft met al wat zij in beroep en hoger beroep heeft gesteld, zo al relevant en begrijpelijk - ook waar het gaat om het aanbod nadere stukken te overleggen en het verzoek stukken te doen overleggen -, niets aangevoerd dat een andere conclusie rechtvaardigt. Daarbij komt dat de niet-ontvankelijkheid van het beroep rechtstreeks voortvloeit uit het recht. Belanghebbende heeft overigens ook niets aangevoerd waaruit een formeel of inhoudelijk beletsel is te putten voor het bevestigen van de uitspraak van de Rechtbank.</para>
      <para />
      <para>8. Het hoger beroep is ongegrond.</para>
      <para />
      <para>9. Het Hof ziet, ook waar het gaat om de in 2.1 vermelde verzetprocedure, geen reden een partij te veroordelen in de proceskosten.</para>
      <para />
      <para />
    </paragroup>
  </section>
  <section role="beslissing">
    <title>Beslissing</title>
    <para />
    <parablock>
      <para>Het Gerechtshof bevestigt de uitspraak van de Rechtbank.</para>
    </parablock>
    <para />
    <para />
    <para />
    <para />
    <para />
    <parablock>
      <para>De uitspraak is vastgesteld door U.E. Tromp, H.A.J. Kroon en W.M.G. Visser, in tegenwoordigheid van de griffier L. van den Bogerd. De beslissing is op 22 maart 2019 in het openbaar uitgesproken.</para>
    </parablock>
    <para />
    <para />
    <para />
    <para />
    <para />
    <para />
    <para />
    <parablock>
      <para>aangetekend aan</para>
      <para>partijen verzonden:</para>
    </parablock>
    <para />
    <para />
    <para />
    <para />
    <para />
    <para />
    <para />
    <parablock>
      <para>
        <emphasis role="italic">Zowel de belanghebbende als het daartoe bevoegde bestuursorgaan kan binnen zes weken na de verzenddatum van deze uitspraak beroep in cassatie instellen bij de Hoge Raad der Nederlanden. Daarbij moet het volgende in acht worden genomen:</emphasis>
      </para>
    </parablock>
    <bridgehead role="italic">1.  Bij het beroepschrift wordt een kopie van deze uitspraak gevoegd.</bridgehead>
    <bridgehead role="italic">2.  Het beroepschrift wordt ondertekend en bevat ten minste:</bridgehead>
    <para>- <emphasis role="italic">    - de naam en het adres van de indiener;</emphasis></para>
    <para>- <emphasis role="italic">    - de dagtekening;</emphasis></para>
    <para>- <emphasis role="italic">    - de vermelding van de uitspraak waartegen het beroep in cassatie is gericht;</emphasis></para>
    <para>- <emphasis role="italic">    - de gronden van het beroep in cassatie.</emphasis></para>
    <bridgehead role="italic">Het beroepschrift moet worden gezonden aan de Hoge Raad der Nederlanden (belastingkamer), Postbus 20303, 2500 EH Den Haag.</bridgehead>
    <para />
    <parablock>
      <para>
        <emphasis role="italic">De partij die beroep in cassatie instelt is griffierecht verschuldigd en zal daarover bericht ontvangen van de griffier van de Hoge Raad. In het cassatieberoepschrift kan worden verzocht de wederpartij te veroordelen in de proceskosten.</emphasis>
      </para>
    </parablock>
  </section>
</uitspraak>
</open-rechtspraak>