<?xml version="1.0" encoding="utf-8"?>
<open-rechtspraak>
  <rdf:RDF xmlns:rdf="http://www.w3.org/1999/02/22-rdf-syntax-ns#" xmlns:ecli="https://e-justice.europa.eu/ecli" xmlns:tr="http://tuchtrecht.overheid.nl/" xmlns:eu="http://publications.europa.eu/celex/" xmlns:dcterms="http://purl.org/dc/terms/" xmlns:bwb="bwb-dl" xmlns:cvdr="http://decentrale.regelgeving.overheid.nl/cvdr/" xmlns:psi="http://psi.rechtspraak.nl/" xmlns:rdfs="http://www.w3.org/2000/01/rdf-schema#">
    <rdf:Description>
      <dcterms:identifier>ECLI:NL:CRVB:2019:1029</dcterms:identifier>
      <dcterms:format>text/xml</dcterms:format>
      <dcterms:accessRights>public</dcterms:accessRights>
      <dcterms:modified>2019-04-01T13:50:50</dcterms:modified>
      <dcterms:issued rdfs:label="Publicatiedatum">2019-03-27</dcterms:issued>
      <dcterms:publisher resourceIdentifier="http://rechtspraak.nl/">Raad voor de Rechtspraak</dcterms:publisher>
      <dcterms:language>nl</dcterms:language>
      <dcterms:creator rdfs:label="Instantie" resourceIdentifier="http://standaarden.overheid.nl/owms/terms/Centrale_Raad_van_Beroep" scheme="overheid.RechterlijkeMacht">Centrale Raad van Beroep</dcterms:creator>
      <dcterms:date rdfs:label="Uitspraakdatum">2019-03-27</dcterms:date>
      <psi:zaaknummer rdfs:label="Zaaknr">17/1846 WIA</psi:zaaknummer>
      <dcterms:type rdf:language="nl" resourceIdentifier="http://psi.rechtspraak.nl/uitspraak">Uitspraak</dcterms:type>
      <psi:procedure rdf:language="nl" rdfs:label="Procedure" resourceIdentifier="http://psi.rechtspraak.nl/procedure#hogerBeroep">Hoger beroep</psi:procedure>
      <dcterms:coverage>NL</dcterms:coverage>
      <dcterms:subject rdfs:label="Rechtsgebied" resourceIdentifier="http://psi.rechtspraak.nl/rechtsgebied#bestuursrecht_socialezekerheidsrecht">Bestuursrecht; Socialezekerheidsrecht</dcterms:subject>
      <dcterms:relation rdfs:label="Formele relatie" ecli:resourceIdentifier="ECLI:NL:RBROT:2017:675" psi:type="http://psi.rechtspraak.nl/hogerBeroep" psi:aanleg="http://psi.rechtspraak.nl/eerdereAanleg" psi:gevolg="http://psi.rechtspraak.nl/gevolg#bekrachtiging/bevestiging">Eerste aanleg: ECLI:NL:RBROT:2017:675, Bekrachtiging/bevestiging</dcterms:relation>
      <dcterms:hasVersion rdfs:label="Vindplaatsen" resourceIdentifier="http://psi.rechtspraak.nl/vindplaats">
        <rdf:list>
          <rdf:li>Rechtspraak.nl</rdf:li>
        </rdf:list>
      </dcterms:hasVersion>
    </rdf:Description>
    <rdf:Description rdf:about="http://deeplink.rechtspraak.nl/uitspraak?id=ECLI:NL:CRVB:2019:1029">
      <dcterms:identifier>http://deeplink.rechtspraak.nl/uitspraak?id=ECLI:NL:CRVB:2019:1029</dcterms:identifier>
      <dcterms:format>text/html</dcterms:format>
      <dcterms:accessRights>public</dcterms:accessRights>
      <dcterms:modified>2019-03-28T09:15:58</dcterms:modified>
      <dcterms:issued rdfs:label="Publicatiedatum">2019-03-28</dcterms:issued>
      <dcterms:publisher resourceIdentifier="http://rechtspraak.nl/">Raad voor de Rechtspraak</dcterms:publisher>
      <dcterms:language>nl</dcterms:language>
      <dcterms:title rdf:language="nl">ECLI:NL:CRVB:2019:1029 Centrale Raad van Beroep , 27-03-2019 / 17/1846 WIA</dcterms:title>
      <dcterms:abstract resourceIdentifier="../../rs:inhoudsindicatie" />
    </rdf:Description>
  </rdf:RDF>
  <inhoudsindicatie id="ECLI:NL:CRVB:2019:1029:INH" lang="nl" xml:space="preserve" xmlns="http://www.rechtspraak.nl/schema/rechtspraak-1.0" xmlns:xsd="http://www.w3.org/2001/XMLSchema" xmlns:xsi="http://www.w3.org/2001/XMLSchema-instance">
      <para>WGA-uitkering terecht beëindigd. Geen twijfel aan de juistheid van de conclusie van de verzekeringsarts. Geen aanleiding verdergaande beperkingen in de nieuwe FML aan te nemen. Inzichtelijk en overtuigend gemotiveerd dat de belasting in de geduide functies, ook in het licht van de daarbij vermelde signaleringen, de belastbaarheid van appellant niet overschrijdt.</para>
    </inhoudsindicatie>
  <uitspraak id="ECLI:NL:CRVB:2019:1029:DOC" lang="nl" xml:space="preserve" xmlns="http://www.rechtspraak.nl/schema/rechtspraak-1.0" xmlns:xsd="http://www.w3.org/2001/XMLSchema" xmlns:xsi="http://www.w3.org/2001/XMLSchema-instance" xmlns:xlink="http://www.w3.org/1999/xlink">
  <section>
    <title>
      <nr>17</nr>1846 WIA</title>
    <para />
    <parablock>
      <para>Datum uitspraak: 27 maart 2019</para>
    </parablock>
    <para />
    <parablock>
      <para>Centrale Raad van Beroep</para>
      <para>Enkelvoudige kamer</para>
    </parablock>
    <para />
    <para />
    <para />
    <para />
    <para />
    <para />
    <para />
    <para />
    <para />
    <parablock>
      <para>Uitspraak op het hoger beroep tegen de uitspraak van de rechtbank Rotterdam van 27 januari 2017, 16/2729 (aangevallen uitspraak) en uitspraak op het verzoek om veroordeling tot vergoeding van schade</para>
    </parablock>
    <para />
    <para />
    <para />
    <para />
    <para />
    <parablock>
      <para>Partijen:</para>
    </parablock>
    <para />
    <parablock>
      <para>
        [appellant] te [woonplaats] (appellant)</para>
    </parablock>
    <para />
    <parablock>
      <para>de Raad van bestuur van het Uitvoeringsinstituut werknemersverzekeringen (Uwv)</para>
    </parablock>
    <para />
    <para />
    <parablock>
      <para>PROCESVERLOOP</para>
    </parablock>
    <para />
    <parablock>
      <para>Namens appellant heeft mr. M. Hartkoorn, advocaat, hoger beroep ingesteld.</para>
    </parablock>
    <para />
    <parablock>
      <para>Het Uwv heeft een verweerschrift ingediend.</para>
    </parablock>
    <para />
    <parablock>
      <para>Mr. Hartkoorn heeft zich als gemachtigde onttrokken. Mr. T. Kemper heeft zich gesteld als opvolgend gemachtigde.</para>
    </parablock>
    <para />
    <parablock>
      <para>Het onderzoek ter zitting heeft plaatsgevonden op 13 februari 2019. Appellant is verschenen, bijgestaan door mr. Kemper. Het Uwv heeft zich laten vertegenwoordigen door </para>
      <para>mr. W.M.J. Evers.</para>
    </parablock>
    <para />
  </section>
  <section role="overwegingen">
    <title>OVERWEGINGEN</title>
    <para />
    <paragroup>
      <nr>1.1.</nr>
      <para>Appellant heeft laatstelijk als liftmonteur bij [naam B.V.] gewerkt. Hij is in maart 2009 uitgevallen. Bij besluit van 11 februari 2011 heeft het Uwv geweigerd om appellant na het einde van de wachttijd per 8 maart 2011 in aanmerking te brengen voor een uitkering op grond van de Wet Werk en inkomen naar arbeidsvermogen (Wet WIA) omdat hij minder dan 35% arbeidsongeschikt was. Het dienstverband van appellant is met ingang van 31 januari 2013 beëindigd, waarna appellant in aanmerking is gebracht voor een uitkering op grond van de Werkloosheidswet. Hij heeft zich op 6 augustus 2013 opnieuw arbeidsongeschikt gemeld. Het Uwv heeft appellant met ingang van 6 augustus 2013 in aanmerking gebracht voor een loongerelateerde WGA‑uitkering. De mate van arbeidsongeschiktheid is bepaald op 100%. </para>
      <para />
    </paragroup>
    <paragroup>
      <nr>1.2.</nr>
      <para>In het kader van een herbeoordeling is appellant op 13 mei 2015 onderzocht door een verzekeringsarts van het Uwv. Een arbeidsdeskundige heeft vervolgens functies geselecteerd en op basis daarvan de mate van arbeidsongeschiktheid van appellant berekend. Bij besluit van 25 juni 2015 heeft het Uwv vastgesteld dat appellant per 3 oktober 2015 geen recht meer heeft op een WGA-uitkering, omdat appellant per die datum minder dan 35% arbeidsongeschikt is. </para>
      <para />
    </paragroup>
    <paragroup>
      <nr>1.3.</nr>
      <para>Bij beslissing op bezwaar van 17 maart 2016 (bestreden besluit) heeft het Uwv het bezwaar van appellant tegen het besluit van 25 juni 2015 gegrond verklaard en de WGA‑uitkering met ingang van 18 februari 2016 beëindigd. Aan het bestreden besluit ligt een Functionele Mogelijkhedenlijst (FML) van 25 november 2015, een rapport van 25 november 2015 van een verzekeringsarts bezwaar en beroep en een rapport van 17 december 2015 van een arbeidsdeskundige bezwaar en beroep ten grondslag. </para>
      <para />
      <parablock>
        <para>2. Bij de aangevallen uitspraak heeft de rechtbank het beroep van appellant tegen het bestreden besluit ongegrond verklaard. De rechtbank heeft geen aanknopingspunten gezien voor het oordeel dat het verzekeringsgeneeskundig onderzoek onzorgvuldig is uitgevoerd. De rechtbank heeft verder geen reden gezien het medisch oordeel, dat aan het bestreden besluit ten grondslag ligt, voor onjuist te houden. Wat appellant heeft aangevoerd legt tegenover het gemotiveerde medische oordeel van de verzekeringsarts bezwaar en beroep onvoldoende gewicht in de schaal om op grond daarvan verdergaande beperkingen aan te nemen dan neergelegd in de FML van 25 november 2015. Daarbij neemt de rechtbank in aanmerking dat de verzekeringsarts bezwaar en beroep in zijn aanvullende rapporten van 18 juli 2016 en 14 december 2016 gemotiveerd heeft aangegeven waarom hij in wat in beroep is aangevoerd en in de overgelegde medische informatie afkomstig van appellant behandelend radioloog, neurochirurg en revalidatiearts van Spine &amp; Joint Centre is weergegeven, geen aanleiding ziet om het eerder ingenomen standpunt te wijzigen. Ook heeft de verzekeringsarts bezwaar en beroep hierin geen aanleiding gezien een urenbeperking van toepassing te achten, nu de in de Standaard Duurbelastbaarheid in Arbeid genoemde indicatiegebieden niet aan de orde zijn. Daarnaast is de rechtbank niet gebleken dat de belasting van de voorgehouden functies de mogelijkheden van appellant overschrijdt. </para>
      </parablock>
      <para />
    </paragroup>
    <paragroup>
      <nr>3.1.</nr>
      <para>Appellant heeft in hoger beroep, kort samengevat, aangevoerd dat hij volledig arbeidsongeschikt is en dat er onvoldoende rekening is gehouden met zijn klachten.</para>
      <para />
    </paragroup>
    <paragroup>
      <nr>3.2.</nr>
      <para>Het Uwv heeft bevestiging van de aangevallen uitspraak bepleit.</para>
      <para />
      <parablock>
        <para>4. De Raad komt tot de volgende beoordeling.</para>
      </parablock>
      <para />
    </paragroup>
    <paragroup>
      <nr>4.1.</nr>
      <para>De gronden waarop het hoger beroep berust, zijn in de kern een herhaling van wat appellant in beroep heeft aangevoerd. De rechtbank heeft deze gronden in de aangevallen uitspraak afdoende gemotiveerd in haar overwegingen besproken. Anders dan appellant stelt heeft de rechtbank de door appellant bedoelde medische onderzoeksgegevens van zijn behandelend artsen bij de beoordeling betrokken, zoals blijkt uit de het rapport van de verzekeringsarts bezwaar en beroep van 25 november 2015 en de nadere rapporten van 18 juli 2016 en 14 december 2016. Daartoe behoren ook de stukken waar appellant in hoger beroep naar verwijst, zoals de brief van dr. E. van de Kelft van 29 februari 2016 en het journaal van de huisarts van appellant van 2 november 2015 met de daarbij behorende bijlagen. De Raad onderschrijft het oordeel van de rechtbank en de aan dit oordeel ten grondslag gelegde overwegingen en voegt daar nog het volgende aan toe. </para>
      <para />
    </paragroup>
    <paragroup>
      <nr>4.2.</nr>
      <para>In hoger beroep heeft appellant geen nieuwe medische stukken ingediend die reden geven te twijfelen aan de juistheid van de conclusie van de verzekeringsarts bezwaar en beroep en het oordeel van de rechtbank dat geen aanleiding bestaat verdergaande beperkingen in de nieuwe FML van 25 november 2015 aan te nemen. Appellant wordt niet gevolgd in het standpunt dat de klachten voortvloeiend uit de combinatie van de vele behandelingen, de hoge dosering medicatie, de bijwerkingen en de slaapproblemen zouden moeten leiden tot het vaststellen van een urenbeperking. De rechtbank heeft terecht geoordeeld dat het Uwv op juiste gronden heeft geconcludeerd dat de in de Standaard Duurbelastbaarheid in Arbeid genoemde indicatiegebieden niet aan de orde zijn. De verzekeringsarts bezwaar en beroep heeft appellant op basis van eigen bevindingen en de informatie van de behandelend artsen ook beperkt geacht op tijdsdruk, tempobelasting en krachtfuncties met arm en hand. Hij heeft verder in acht genomen dat appellant medicatie gebruikt die de alertheid kan beïnvloeden en dat appellant is aangewezen op een toilet in de nabijheid. Er is geen aanleiding te oordelen dat de beperkingen zijn onderschat. </para>
      <para />
    </paragroup>
    <paragroup>
      <nr>4.3.</nr>
      <para>Uitgaande van de juistheid van de FML zijn de voorbeeldfuncties die door de arbeidsdeskundige bezwaar en beroep aan de schatting ten grondslag zijn gelegd in medisch opzicht geschikt voor appellant. De arbeidsdeskundige bezwaar en beroep heeft inzichtelijk en overtuigend gemotiveerd dat de belasting in de functies, ook in het licht van de daarbij vermelde signaleringen, de belastbaarheid van appellant niet overschrijdt. De rechtbank heeft met juistheid geoordeeld dat het Uwv terecht de WIA-uitkering van appellant met ingang van 18 februari 2016 heeft ingetrokken.</para>
      <para />
    </paragroup>
    <paragroup>
      <nr>4.4.</nr>
      <para>Uit 4.1 tot en met 4.3 volgt dat het hoger beroep niet slaagt. De aangevallen uitspraak zal worden bevestigd. Gelet hierop bestaat voor een veroordeling tot schadevergoeding geen grond. Het verzoek daartoe zal worden afgewezen. </para>
      <para />
      <parablock>
        <para>5. Voor een veroordeling in de proceskosten bestaat geen aanleiding.</para>
      </parablock>
      <para />
      <para />
    </paragroup>
  </section>
  <section role="beslissing">
    <title>BESLISSING</title>
    <para />
    <parablock>
      <para>De Centrale Raad van Beroep </para>
    </parablock>
    <para />
    <para>- bevestigt de aangevallen uitspraak;</para>
    <para>- wijst het verzoek om veroordeling tot vergoeding van schade af.</para>
    <para />
    <para />
    <parablock>
      <para>Deze uitspraak is gedaan door J.S. van der Kolk, in tegenwoordigheid van G.D. Alting Siberg als griffier. De beslissing is uitgesproken in het openbaar op 27 maart 2019.</para>
    </parablock>
    <para />
    <para />
    <para />
    <parablock>
      <para>					(getekend) J.S. van der Kolk</para>
    </parablock>
    <para />
    <para />
    <para />
    <parablock>
      <para>					(getekend) G.D. Alting Siberg</para>
    </parablock>
    <para />
    <para />
    <para />
  </section>
  <section>
    <title>VC</title>
    <para />
  </section>
</uitspraak>
</open-rechtspraak>