<?xml version="1.0" encoding="utf-8"?>
<open-rechtspraak>
  <rdf:RDF xmlns:rdf="http://www.w3.org/1999/02/22-rdf-syntax-ns#" xmlns:ecli="https://e-justice.europa.eu/ecli" xmlns:tr="http://tuchtrecht.overheid.nl/" xmlns:eu="http://publications.europa.eu/celex/" xmlns:dcterms="http://purl.org/dc/terms/" xmlns:bwb="bwb-dl" xmlns:cvdr="http://decentrale.regelgeving.overheid.nl/cvdr/" xmlns:psi="http://psi.rechtspraak.nl/" xmlns:rdfs="http://www.w3.org/2000/01/rdf-schema#">
    <rdf:Description>
      <dcterms:identifier>ECLI:NL:RBAMS:2019:1632</dcterms:identifier>
      <dcterms:format>text/xml</dcterms:format>
      <dcterms:accessRights>public</dcterms:accessRights>
      <dcterms:modified>2019-03-11T15:02:04</dcterms:modified>
      <dcterms:issued rdfs:label="Publicatiedatum">2019-03-07</dcterms:issued>
      <dcterms:publisher resourceIdentifier="http://rechtspraak.nl/">Raad voor de Rechtspraak</dcterms:publisher>
      <dcterms:language>nl</dcterms:language>
      <dcterms:creator rdfs:label="Instantie" resourceIdentifier="http://standaarden.overheid.nl/owms/terms/Rechtbank_Amsterdam" scheme="overheid.RechterlijkeMacht">Rechtbank Amsterdam</dcterms:creator>
      <dcterms:date rdfs:label="Uitspraakdatum">2019-03-07</dcterms:date>
      <psi:zaaknummer rdfs:label="Zaaknr">13/234202-18, 13/019993-19 (ter terechtzitting gevoegd)</psi:zaaknummer>
      <dcterms:type rdf:language="nl" resourceIdentifier="http://psi.rechtspraak.nl/uitspraak">Uitspraak</dcterms:type>
      <psi:procedure rdf:language="nl" rdfs:label="Procedure" resourceIdentifier="http://psi.rechtspraak.nl/procedure#eersteAanlegMeervoudig">Eerste aanleg - meervoudig</psi:procedure>
      <dcterms:coverage>NL</dcterms:coverage>
      <dcterms:spatial rdfs:label="Zittingsplaats">Amsterdam</dcterms:spatial>
      <dcterms:subject rdfs:label="Rechtsgebied" resourceIdentifier="http://psi.rechtspraak.nl/rechtsgebied#strafrecht">Strafrecht</dcterms:subject>
      <dcterms:hasVersion rdfs:label="Vindplaatsen" resourceIdentifier="http://psi.rechtspraak.nl/vindplaats">
        <rdf:list>
          <rdf:li>Rechtspraak.nl</rdf:li>
        </rdf:list>
      </dcterms:hasVersion>
    </rdf:Description>
    <rdf:Description rdf:about="http://deeplink.rechtspraak.nl/uitspraak?id=ECLI:NL:RBAMS:2019:1632">
      <dcterms:identifier>http://deeplink.rechtspraak.nl/uitspraak?id=ECLI:NL:RBAMS:2019:1632</dcterms:identifier>
      <dcterms:format>text/html</dcterms:format>
      <dcterms:accessRights>public</dcterms:accessRights>
      <dcterms:modified>2019-03-11T14:35:54</dcterms:modified>
      <dcterms:issued rdfs:label="Publicatiedatum">2019-03-11</dcterms:issued>
      <dcterms:publisher resourceIdentifier="http://rechtspraak.nl/">Raad voor de Rechtspraak</dcterms:publisher>
      <dcterms:language>nl</dcterms:language>
      <dcterms:title rdf:language="nl">ECLI:NL:RBAMS:2019:1632 Rechtbank Amsterdam , 07-03-2019 / 13/234202-18, 13/019993-19 (ter terechtzitting gevoegd)</dcterms:title>
      <dcterms:abstract resourceIdentifier="../../rs:inhoudsindicatie" />
    </rdf:Description>
  </rdf:RDF>
  <inhoudsindicatie id="ECLI:NL:RBAMS:2019:1632:INH" lang="nl" xml:space="preserve" xmlns="http://www.rechtspraak.nl/schema/rechtspraak-1.0" xmlns:xsd="http://www.w3.org/2001/XMLSchema" xmlns:xsi="http://www.w3.org/2001/XMLSchema-instance">
      <para>Veroordeling voor één woninginbraak, vrijspraak van een andere woninginbraak. Gevangenisstraf van 3 maanden. Benadeelde partij niet-ontvankelijk vanwege vrijspraak.</para>
    </inhoudsindicatie>
  <uitspraak id="ECLI:NL:RBAMS:2019:1632:DOC" lang="nl" xml:space="preserve" xmlns="http://www.rechtspraak.nl/schema/rechtspraak-1.0" xmlns:xsd="http://www.w3.org/2001/XMLSchema" xmlns:xsi="http://www.w3.org/2001/XMLSchema-instance" xmlns:xlink="http://www.w3.org/1999/xlink">
  <uitspraak.info>
    <bridgehead role="bold">RECHTBANK AMSTERDAM</bridgehead>
    <para />
    <para>
      <emphasis role="bold">VONNIS</emphasis>
    </para>
    <para />
    <parablock>
      <para>Parketnummers: 13/234202-18 (A) </para>
      <para>		    13/019993-19 (B) </para>
    </parablock>
    <para />
    <parablock>
      <para>Datum uitspraak: 7 maart 2019</para>
    </parablock>
    <para />
    <parablock>
      <para>Vonnis van de rechtbank Amsterdam, meervoudige strafkamer, in de strafzaak tegen</para>
    </parablock>
    <para />
    <parablock>
      <para>
        <emphasis role="bold">
          [verdachte]
        </emphasis>,</para>
      <para>geboren te [geboorteplaats] ( [geboorteland] ) op [geboortedatum] 1997,</para>
      <para>zonder vaste woon- of verblijfplaats in Nederland, </para>
      <para>gedetineerd in het [plaats detentie] .</para>
    </parablock>
    <para />
  </uitspraak.info>
  <section>
    <title>
      <nr>1</nr>Het onderzoek ter terechtzitting</title>
    <para />
    <parablock>
      <para>Dit vonnis is op tegenspraak gewezen naar aanleiding van het onderzoek op de terechtzitting van 21 februari 2019.</para>
    </parablock>
    <para />
    <parablock>
      <para>De rechtbank heeft de zaken, die bij afzonderlijke dagvaardingen onder de bovenvermelde parketnummers (A) en (B) zijn aangebracht, gevoegd. De feiten worden onderscheidenlijk als feit A en feit B aangeduid.</para>
    </parablock>
    <para />
    <parablock>
      <para>De rechtbank heeft kennisgenomen van de vordering van de officier van justitie mr. S.H.S. Kurniawan-Ayre en van wat verdachte en zijn raadsvrouw, mr. M.P. Lettinga, naar voren hebben gebracht. Ook heeft de rechtbank kennisgenomen van wat de benadeelde partij [persoon 1] (feit B) naar voren heeft gebracht. </para>
    </parablock>
    <para />
  </section>
  <section>
    <title>
      <nr>2</nr>Tenlastelegging</title>
    <para />
    <parablock>
      <para>Verdachte wordt er kort gezegd van beschuldigd dat:</para>
    </parablock>
    <para />
    <parablock>
      <para>
        <emphasis role="italic">Zaak A</emphasis>
      </para>
      <para>hij op 19 november 2018 te [plaats] samen met anderen een woninginbraak heeft gepleegd en daarbij diverse spullen heeft weggenomen. Als dat niet kan worden bewezen dan wordt hem verweten dat hij die spullen bij zich heeft gehad terwijl hij wist of moest vermoeden dat die spullen van misdrijf afkomstig waren.</para>
    </parablock>
    <para />
    <parablock>
      <para>
        <emphasis role="italic">Zaak B</emphasis>
      </para>
      <para>hij op 17 of 18 november 2018 te [plaats] , een woninginbraak heeft gepleegd en daarbij diverse spullen heeft weggenomen.</para>
    </parablock>
    <para />
    <parablock>
      <para>De gehele tekst van de tenlastelegging is bijgevoegd in bijlage I en geldt als hier ingevoegd.</para>
    </parablock>
    <para />
  </section>
  <section>
    <title>
      <nr>3</nr>Waardering van het bewijs</title>
    <para />
    <paragroup>
      <nr>3.1.</nr>
      <parablock>
        <para>
          <emphasis role="bold">Het standpunt van de officier van justitie </emphasis>
        </para>
        <para>De officier van justitie heeft zich op het standpunt gesteld dat beide feiten bewezen kunnen worden. In zaak A heeft zij verwezen naar de aangifte van de [persoon 2] , het proces-verbaal van bevindingen waaruit blijkt dat er in de woning is ingebroken, het proces-verbaal inzake de schoensporen en de verklaring van verdachte op de zitting dat hij in de woning is geweest. </para>
      </parablock>
      <para />
      <parablock>
        <para>In zaak B heeft de officier van justitie onder meer verwezen naar de aangifte van de [persoon 1] . Uit het proces-verbaal sporenonderzoek blijkt dat in de tuin van aangever [persoon 1] een koptelefoon is aangetroffen. Volgens een rapport van het NFI kan het op die koptelefoon aangetroffen celmateriaal afkomstig zijn van verdachte en is de matchkans kleiner dan één op één miljard. </para>
      </parablock>
      <para />
    </paragroup>
    <paragroup>
      <nr>3.2.</nr>
      <para>
        <emphasis role="bold">Het standpunt van de verdediging</emphasis>
      </para>
      <para />
      <parablock>
        <para>De raadsvrouw heeft in zaak A aangevoerd dat de aanhouding en fouillering  van verdachte onrechtmatig zijn geweest en dat dit gevolgen moet hebben voor de bewezenverklaring. </para>
        <para>Daarnaast kan hoogstens de heling bewezen worden, omdat verdachte op enig moment de gestolen goederen van een persoon genaamd [persoon 3] in zijn handen gedrukt kreeg. Verdachte is meegegaan in het plan van [persoon 3] om in de woning op zoek te gaan naar eten, maar wist niet dat [persoon 3] van plan was om waardevolle spullen weg te nemen. </para>
      </parablock>
      <para />
      <parablock>
        <para>Verdachte dient in zaak B te worden vrijgesproken, aangezien niet uitgesloten is dat het op de koptelefoon aangetroffen DNA afkomstig is van een andere persoon dan van verdachte. Bovendien heeft verdachte verklaard dat hij in een woning verbleef waar de bewoners elkaars spullen leenden en dat het daarom best zou kunnen dat één van die medebewoners de koptelefoon in de tuin heeft achtergelaten. </para>
      </parablock>
      <para />
    </paragroup>
    <paragroup>
      <nr>3.3.</nr>
      <para>
        <emphasis role="bold">Het oordeel van de rechtbank</emphasis>
      </para>
      <para />
      <parablock>
        <para>
          <emphasis role="italic">Vrijspraak van zaak B </emphasis>
        </para>
        <para>Hoewel de rechtbank op basis van het proces-verbaal sporenonderzoek in samenhang met het rapport van het NFI kan vast stellen dat het op de koptelefoon aangetroffen DNA afkomstig moet zijn van verdachte, is de enkele aanwezigheid van de koptelefoon, een verplaatsbaar object, in de tuin van de woning waar is ingebroken onvoldoende om vast te stellen dat verdachte die inbraak heeft gepleegd. Verdachte wordt van dit feit vrijgesproken.</para>
      </parablock>
      <para />
      <parablock>
        <para>
          <emphasis role="italic">Zaak A </emphasis>
        </para>
        <para>De raadsvrouw heeft aangevoerd dat de aanhouding van verdachte onrechtmatig is geweest. De rechtbank begrijpt dat verweer zo dat zij heeft bedoeld te stellen dat sprake is van een onherstelbaar vormverzuim.  </para>
      </parablock>
      <para />
      <parablock>
        <para>Van een advocaat die een beroep doet op schending van een vormverzuim als bedoeld in artikel 359a van het Wetboek van Strafvordering mag, zo blijkt uit vaste rechtspraak van de Hoge Raad, worden verlangd dat duidelijk en gemotiveerd aan de hand van de drie factoren genoemd in dat artikel wordt aangegeven tot welk in dat omschreven rechtsgevolg dit zou moeten leiden.</para>
      </parablock>
      <para />
      <parablock>
        <para>Het verweer van de raadsvrouw voldoet niet aan die ondergrens, omdat niet gesteld of onderbouwd is, welk belang het geschonden voorschrift dient, hoe ernstig het verzuim zou zijn of waaruit het daardoor veroorzaakte nadeel voor verdachte heeft bestaan. De rechtbank passeert het verweer daarom zonder verdere bespreking van de inhoud ervan. </para>
      </parablock>
      <para />
      <parablock>
        <para>De rechtbank acht op grond van de bewijsmiddelen in bijlage II bewezen dat verdachte zich schuldig heeft gemaakt aan de inbraak in de woning aan [adres] te [plaats] . Uit het proces-verbaal van bevindingen van 19 november 2018 van verbalisant [verbalisant 1] blijkt dat de verbalisant op die datum in de buurt van [adres] een identiteitsfouillering op verdachte heeft verricht. Daarbij trof de verbalisant onder meer twee oorknopjes en een doorzichtig engeltje met een goudkleurige ronde vorm op het hoofd aan in de zakken van verdachte. Ondertussen hoorde de verbalisant via zijn portofoon dat zijn collega’s de opdracht kregen naar het adres [adres] in [plaats] te gaan, waar een woninginbraak zou hebben plaatsgevonden. Bij de insluitingsfouillering werden nog eens twee oorsieraden aangetroffen in de broekzak van verdachte. Op enig moment kreeg verbalisant [verbalisant 1] van verbalisant [verbalisant 2] , die in de woning op [adres] was, het verzoek om foto’s te maken van de bij verdachte aangetroffen goederen. Hierop heeft verbalisant [verbalisant 1] foto’s gemaakt van de engel en de oorsieraden en die foto’s naar zijn collega [verbalisant 2] gestuurd. De bewoners van [adres] herkenden de spullen op de foto’s als hun eigendom. </para>
      </parablock>
      <para />
      <parablock>
        <para>Het dossier bevat geen aanwijzingen voor de betrokkenheid van een tweede persoon bij de inbraak. De verklaring van verdachte dat hij met en op verzoek van [persoon 3] naar [plaats] is gereisd, dat alleen [persoon 3] op de bovenverdieping van de woning is geweest en dat [persoon 3] verdachte plotseling de gestolen goederen in de hand heeft gedrukt vindt de rechtbank dan ook niet aannemelijk. </para>
      </parablock>
      <para />
    </paragroup>
  </section>
  <section>
    <title>
      <nr>4</nr>Bewezenverklaring</title>
    <para />
    <parablock>
      <para>De rechtbank acht op grond van de bewijsmiddelen in <emphasis role="bold">bijlage II</emphasis> bewezen dat verdachte:</para>
    </parablock>
    <para />
    <parablock>
      <para>
        <emphasis role="italic">Zaak A</emphasis>
      </para>
      <para>op 19 november 2018 te [plaats] uit een woning gelegen aan [adres] , sieraden, waaronder oorsieraden, en een engel van glas met goudafzet, toebehorende aan [persoon 2] , heeft weggenomen met het oogmerk om zich die wederrechtelijk toe te eigenen, terwijl verdachte zich de toegang tot de woning heeft verschaft en die weg te nemen sieraden en dat andere goed onder zijn bereik heeft gebracht door middel van braak. </para>
    </parablock>
    <para />
    <parablock>
      <para>Voor zover in de tenlastelegging taal- en/of schrijffouten staan, zijn deze verbeterd. <?linebreak?>Verdachte is hierdoor niet in zijn verdediging geschaad. </para>
    </parablock>
    <para />
  </section>
  <section>
    <title>
      <nr>5</nr>De strafbaarheid van het feit</title>
    <para />
    <parablock>
      <para>Het bewezen geachte feit is volgens de wet strafbaar. Het bestaan van een rechtvaardigingsgrond is niet aannemelijk geworden.</para>
    </parablock>
    <para />
  </section>
  <section>
    <title>
      <nr>6</nr>De strafbaarheid van verdachte</title>
    <para />
    <parablock>
      <para>Er is geen omstandigheid aannemelijk geworden die de strafbaarheid van verdachte uitsluit. Verdachte is dan ook strafbaar.</para>
      <para>
        <emphasis role="bold">7. Motivering van de straf</emphasis>
      </para>
    </parablock>
    <para />
    <paragroup>
      <nr>7.1.</nr>
      <parablock>
        <para>
          <emphasis role="bold">De eis van het Openbaar Ministerie </emphasis>
        </para>
        <para>De officier van justitie heeft gevorderd dat verdachte zal worden veroordeeld tot een gevangenisstraf van 8 maanden, met aftrek van voorarrest. </para>
      </parablock>
      <para />
    </paragroup>
    <paragroup>
      <nr>7.2.</nr>
      <parablock>
        <para>
          <emphasis role="bold">Het standpunt van de verdediging</emphasis>
        </para>
        <para>De raadsvrouw heeft de rechtbank verzocht om bij een eventuele strafoplegging rekening houden met de jonge leeftijd van verdachte en het feit dat hij niet eerder strafrechtelijk is veroordeeld. Voor het overige heeft zij zich gerefereerd aan het oordeel van de rechtbank. </para>
      </parablock>
      <para />
    </paragroup>
    <paragroup>
      <nr>7.3.</nr>
      <parablock>
        <para>
          <emphasis role="bold">Het oordeel van de rechtbank</emphasis>
        </para>
        <para>De hierna te noemen strafoplegging is in overeenstemming met de ernst van het bewezen geachte, de omstandigheden waaronder dit is begaan en de persoon van verdachte, zoals daarvan ter terechtzitting is gebleken. De rechtbank heeft bij de keuze tot het opleggen van een vrijheidsbenemende straf en bij de vaststelling van de duur daarvan in het bijzonder het volgende laten meewegen.</para>
      </parablock>
      <para />
      <parablock>
        <para>Verdachte heeft ingebroken in een woning. Woninginbraken zijn bijzonder vervelende feiten. Iedereen moet zich veilig kunnen voelen in zijn of haar eigen woning en dat is na een woninginbraak, zo leert de ervaring, vaak lange tijd niet meer het geval. Bovendien zorgen woninginbraken voor gevoelens van angst, onrust en onveiligheid in de maatschappij. </para>
      </parablock>
      <para />
      <parablock>
        <para>Bij de bepaling van de hoogte van de straf heeft de rechtbank straffen in vergelijkbare zaken, zoals neergelegd in de oriëntatiepunten van het Landelijk Overleg Vakinhoud Strafrecht, als uitgangspunt genomen. Daarnaast heeft de rechtbank gekeken naar het strafblad van verdachte, waaruit volgt dat hij niet eerder is veroordeeld voor soortgelijke strafbare feiten. Dit leidt tot een uitgangspunt van een onvoorwaardelijke gevangenisstraf van drie maanden. De rechtbank ziet, ook in wat de raadsvrouw heeft aangevoerd, geen aanleiding hiervan af te wijken. </para>
      </parablock>
      <para />
    </paragroup>
  </section>
  <section>
    <title>
      <nr>8</nr>Beslag </title>
    <para />
    <parablock>
      <para>
        <emphasis role="underline">Teruggave</emphasis>
      </para>
      <para>Onder verdachte zijn twee schoenen in beslag genomen (merk: New Yorker). Deze schoenen behoren aan verdachte toe. De schoenen zullen daarom aan hem worden teruggeven.</para>
    </parablock>
    <para />
  </section>
  <section>
    <title>
      <nr>9</nr>Benadeelde partij [persoon 1] (zaak B)</title>
    <para />
    <parablock>
      <para>De benadeelde partij [persoon 1] vordert € 5.482,34 aan materiële schadevergoeding, te vermeerderen met de wettelijke rente en met oplegging van de schadevergoedingsmaatregel. </para>
    </parablock>
    <para />
    <parablock>
      <para>De benadeelde partij zal in de vordering niet-ontvankelijk worden verklaard, omdat verdachte in die zaak wordt vrijgesproken.</para>
    </parablock>
    <para />
  </section>
  <section>
    <title>
      <nr>10</nr>Toepasselijke wettelijke voorschriften</title>
    <para />
    <parablock>
      <para>De op te leggen straf is gegrond op artikel 311 van het Wetboek van Strafrecht. <?linebreak?></para>
    </parablock>
    <para />
  </section>
  <section role="beslissing">
    <title>
      <nr>11</nr>Beslissing</title>
    <para />
    <parablock>
      <para>De rechtbank komt op grond van het voorgaande tot de volgende beslissing.</para>
    </parablock>
    <para />
    <parablock>
      <para>Verklaart het in zaak B tenlastegelegde niet bewezen en spreekt verdachte daarvan vrij.</para>
    </parablock>
    <para />
    <parablock>
      <para>Verklaart het in zaak A tenlastegelegde bewezen zoals hiervoor in rubriek 4 is vermeld. </para>
    </parablock>
    <para />
    <parablock>
      <para>Verklaart niet bewezen wat aan verdachte meer of anders is ten laste gelegd dan bewezen verklaard en spreekt verdachte daarvan vrij. </para>
    </parablock>
    <para />
    <parablock>
      <para>Het bewezenverklaarde levert op: </para>
    </parablock>
    <para />
    <parablock>
      <para>
        <emphasis role="italic">diefstal, waarbij de schuldige zich de toegang tot de plaats van het misdrijf heeft verschaft en het weg te nemen goed onder zijn bereik heeft gebracht door middel van braak.</emphasis>
      </para>
    </parablock>
    <para />
    <parablock>
      <para>Verklaart het bewezen verklaarde strafbaar.</para>
    </parablock>
    <para />
    <parablock>
      <para>Verklaart verdachte, <emphasis role="bold">[verdachte]</emphasis>, daarvoor strafbaar.</para>
    </parablock>
    <para />
    <parablock>
      <para>Veroordeelt verdachte tot een <emphasis role="bold">gevangenisstraf</emphasis> van <emphasis role="bold">3 (drie) maanden</emphasis>.</para>
    </parablock>
    <para />
    <parablock>
      <para>Beveelt dat de tijd die door veroordeelde voor de tenuitvoerlegging van deze uitspraak in verzekering en in voorlopige hechtenis is doorgebracht bij de tenuitvoerlegging van die straf in mindering gebracht zal worden.</para>
    </parablock>
    <para />
    <parablock>
      <para>
        <emphasis role="underline">Beslag</emphasis>
      </para>
    </parablock>
    <para />
    <parablock>
      <para>Gelast de teruggave aan verdachte van: twee schoenen (merk: New Yorker).</para>
    </parablock>
    <para />
    <parablock>
      <para>
        <emphasis role="underline">Vordering benadeelde partij [persoon 1] (feit B)</emphasis>
      </para>
    </parablock>
    <para />
    <parablock>
      <para>Verklaart de benadeelde partij niet-ontvankelijk in de vordering.<?linebreak?></para>
    </parablock>
    <para />
    <parablock>
      <para>Dit vonnis is gewezen door </para>
    </parablock>
    <para />
    <parablock>
      <para>mr. G.H. Marcus, 	voorzitter,</para>
      <para>mrs. J. Huber en E.G.C. Groenendaal, 	rechters,</para>
      <para>in tegenwoordigheid van mr. N.M. van Trijp, 	griffier</para>
    </parablock>
    <para />
    <parablock>
      <para>en uitgesproken op de openbare terechtzitting van deze rechtbank van 7 maart 2019.</para>
    </parablock>
    <para />
    <para />
    <para />
    <parablock>
      <para>
        <emphasis role="bold">
          [...] </emphasis>
      </para>
    </parablock>
    <para />
    <para />
  </section>
  <section>
    <title>
      <nr>1</nr> [...] <?linebreak?></title>
    <para />
  </section>
  <section>
    <title>
      <nr>2</nr> [...] <?linebreak?></title>
    <itemizedlist mark="-">
      <listitem>
        <para>
          [...]
        </para>
      </listitem>
      <listitem>
        <para>
          [...] </para>
      </listitem>
    </itemizedlist>
  </section>
</uitspraak>
</open-rechtspraak>