<?xml version="1.0" encoding="utf-8"?>
<open-rechtspraak>
  <rdf:RDF xmlns:rdf="http://www.w3.org/1999/02/22-rdf-syntax-ns#" xmlns:ecli="https://e-justice.europa.eu/ecli" xmlns:tr="http://tuchtrecht.overheid.nl/" xmlns:eu="http://publications.europa.eu/celex/" xmlns:dcterms="http://purl.org/dc/terms/" xmlns:bwb="bwb-dl" xmlns:cvdr="http://decentrale.regelgeving.overheid.nl/cvdr/" xmlns:psi="http://psi.rechtspraak.nl/" xmlns:rdfs="http://www.w3.org/2000/01/rdf-schema#">
    <rdf:Description>
      <dcterms:identifier>ECLI:NL:OGEAA:2019:148</dcterms:identifier>
      <dcterms:format>text/xml</dcterms:format>
      <dcterms:accessRights>public</dcterms:accessRights>
      <dcterms:modified>2019-03-26T16:28:40</dcterms:modified>
      <dcterms:issued rdfs:label="Publicatiedatum">2019-03-26</dcterms:issued>
      <dcterms:publisher resourceIdentifier="http://rechtspraak.nl/">Raad voor de Rechtspraak</dcterms:publisher>
      <dcterms:language>nl</dcterms:language>
      <dcterms:creator rdfs:label="Instantie" psi:resourceIdentifier="http://psi.rechtspraak.nl/GEA Aruba" scheme="psi.rechtspraak">Gerecht in Eerste Aanleg van Aruba</dcterms:creator>
      <dcterms:date rdfs:label="Uitspraakdatum">2019-03-12</dcterms:date>
      <psi:zaaknummer rdfs:label="Zaaknr">AUA201802079</psi:zaaknummer>
      <dcterms:type rdf:language="nl" resourceIdentifier="http://psi.rechtspraak.nl/uitspraak">Uitspraak</dcterms:type>
      <psi:procedure rdf:language="nl" rdfs:label="Procedure" resourceIdentifier="http://psi.rechtspraak.nl/procedure#eersteAanlegEnkelvoudig">Eerste aanleg - enkelvoudig</psi:procedure>
      <psi:procedure rdf:language="nl" rdfs:label="Procedure" resourceIdentifier="http://psi.rechtspraak.nl/procedure#beschikking&#xA;">Beschikking
</psi:procedure>
      <dcterms:coverage>NL</dcterms:coverage>
      <dcterms:subject rdfs:label="Rechtsgebied" resourceIdentifier="http://psi.rechtspraak.nl/rechtsgebied#civielRecht_personenEnFamilierecht">Civiel recht; Personen- en familierecht</dcterms:subject>
      <dcterms:hasVersion rdfs:label="Vindplaatsen" resourceIdentifier="http://psi.rechtspraak.nl/vindplaats">
        <rdf:list>
          <rdf:li>Rechtspraak.nl</rdf:li>
        </rdf:list>
      </dcterms:hasVersion>
    </rdf:Description>
    <rdf:Description rdf:about="http://deeplink.rechtspraak.nl/uitspraak?id=ECLI:NL:OGEAA:2019:148">
      <dcterms:identifier>http://deeplink.rechtspraak.nl/uitspraak?id=ECLI:NL:OGEAA:2019:148</dcterms:identifier>
      <dcterms:format>text/html</dcterms:format>
      <dcterms:accessRights>public</dcterms:accessRights>
      <dcterms:modified>2019-03-26T16:28:23</dcterms:modified>
      <dcterms:issued rdfs:label="Publicatiedatum">2019-03-26</dcterms:issued>
      <dcterms:publisher resourceIdentifier="http://rechtspraak.nl/">Raad voor de Rechtspraak</dcterms:publisher>
      <dcterms:language>nl</dcterms:language>
      <dcterms:title rdf:language="nl">ECLI:NL:OGEAA:2019:148 Gerecht in Eerste Aanleg van Aruba , 12-03-2019 / AUA201802079</dcterms:title>
      <dcterms:abstract resourceIdentifier="../../rs:inhoudsindicatie" />
    </rdf:Description>
  </rdf:RDF>
  <inhoudsindicatie id="ECLI:NL:OGEAA:2019:148:INH" lang="nl" xml:space="preserve" xmlns="http://www.rechtspraak.nl/schema/rechtspraak-1.0" xmlns:xsd="http://www.w3.org/2001/XMLSchema" xmlns:xsi="http://www.w3.org/2001/XMLSchema-instance">
      <para>personen- en familierecht, kinderalimentatie</para>
    </inhoudsindicatie>
  <uitspraak id="ECLI:NL:OGEAA:2019:148:DOC" lang="nl" xml:space="preserve" xmlns="http://www.rechtspraak.nl/schema/rechtspraak-1.0" xmlns:xsd="http://www.w3.org/2001/XMLSchema" xmlns:xsi="http://www.w3.org/2001/XMLSchema-instance" xmlns:xlink="http://www.w3.org/1999/xlink">
  <uitspraak.info>
    <para>Beschikking van 12 maart 2019</para>
    <para>behorend bij EJ nr. AUA201802079</para>
    <para />
    <parablock>
      <para>
        <emphasis role="bold underline">GERECHT IN EERSTE AANLEG VAN ARUBA</emphasis>
      </para>
    </parablock>
    <para />
    <parablock>
      <para>BESCHIKKING</para>
    </parablock>
    <para />
    <parablock>
      <para>in de alimentatiezaak tussen</para>
    </parablock>
    <para />
    <parablock>
      <para>
        <emphasis role="bold underline">DE VOOGDIJRAAD</emphasis>,</para>
      <para>gevestigd in Aruba, </para>
      <para>VERZOEKER, </para>
      <para>vertegenwoordigd.</para>
    </parablock>
    <para />
    <parablock>
      <para>en</para>
    </parablock>
    <para />
    <parablock>
      <para>
        <emphasis role="bold underline">[naam VERWEERDER]</emphasis>, </para>
      <para>wonende in Nederland, </para>
      <para>VERWEERDER, hierna te noemen: de vader, </para>
      <para>gemachtigde: de advocaat mr. C.J. Hart. </para>
    </parablock>
    <para />
    <parablock>
      <para>Belanghebbende:</para>
      <para>
        <emphasis role="bold"> [NAAM BELANGHEBBENDE]</emphasis>, de moeder. </para>
    </parablock>
    <para />
    <para />
  </uitspraak.info>
  <section>
    <title>
      <nr>1</nr>DE PROCEDURE</title>
    <para>De procedure blijkt uit:</para>
    <itemizedlist mark="-">
      <listitem>
        <para>het verzoekschrift, ingediend op 12 juli 2018;</para>
      </listitem>
      <listitem>
        <para>het verweerschrift zijdens de vader, ingediend op 26 oktober 2018, </para>
      </listitem>
      <listitem>
        <para>de griffiersaantekeningen van de mondelinge behandeling van 30 oktober 2018, waaruit blijkt dat namens de Voogdijraad aanwezig was [naam VERTEGENWOORDIGER] en dat de moeder in persoon is verschenen. De vader is bij zijn gemachtigde voornoemd verschenen.</para>
      </listitem>
      <listitem>
        <para>de akte inhoudende financiële stukken zijdens de vader, ingediend op 27 november 2018,</para>
      </listitem>
      <listitem>
        <para>de contra-akte zijdens de Voogdijraad, ingediend op 18 december 2018,</para>
      </listitem>
      <listitem>
        <para>de akte uitlating zijdens de vader, ingediend op 29 januari 2019.</para>
      </listitem>
    </itemizedlist>
    <para>De uitspraak is </para>
    <para />
    <para />
    <para />
  </section>
  <section>
    <title>
      <nr>2</nr>DE FEITEN</title>
    <para>De thans nog minderjarige [naam MINDERJARIGE] (hierna: de minderjarige) is op [geboortedatum] 2012 in Nederland geboren uit de relatie tussen de vader en de moeder.De vader heeft de minderjarige erkend.</para>
    <para />
  </section>
  <section>
    <title>
      <nr>3</nr>HET VERZOEK</title>
    <para>Het (gewijzigd) verzoek strekt tot het veroordelen van de vader tot betaling van een maandelijkse bijdrage van Afl. 600,- ingaande 1 augustus 2018 als voorziening in de kosten van verzorging en opvoeding van de minderjarige. Daartoe wordt aangevoerd dat de vader voldoende inkomen uit arbeid geniet.</para>
    <para />
  </section>
  <section role="overwegingen">
    <title>
      <nr>4</nr>DE BEOORDELING</title>
    <paragroup>
      <nr>4.1</nr>
      <para>Het gerecht stelt voorop dat ouders verplicht zijn te voorzien in de kosten van verzorging en opvoeding van hun minderjarige kinderen. Dit geschiedt naar draagkracht. Artikel 1:406 lid 1 van het Burgerlijk Wetboek van Aruba (hierna: BWA) bepaalt, dat in het geval een ouder zijn verplichting tot voorziening in de kosten van verzorging en opvoeding niet of niet behoorlijk nakomt, zowel de Voogdijraad als de andere ouder de rechter kan verzoeken het bedrag te bepalen dat deze ouder ten behoeve van het kind zal moeten uitkeren. </para>
      <para />
    </paragroup>
    <paragroup>
      <nr>4.2</nr>
      <para>Bepalend voor de hoogte van de kinderalimentatie zijn de kosten van verzorging en opvoeding van de minderjarige en de draagkracht van zowel de moeder als de vader. Teneinde ieders draagkracht te bepalen, dienen over en weer de netto-inkomens te worden vastgesteld, alsmede de vaste lasten die in redelijkheid voorrang krijgen boven het betalen van kinderalimentatie.</para>
      <para />
    </paragroup>
    <paragroup>
      <nr>4.3</nr>
      <para>
        <emphasis role="italic">De kosten van verzorging en opvoeding </emphasis>
      </para>
      <paragroup>
        <nr>4.3.1</nr>
        <para>Bij het vaststellen van de kosten van verzorging en opvoeding hanteert het gerecht als richtsnoer dat deze voor kinderen in de leeftijd als die van partijen gemiddeld Afl. 450,- per maand bedraagt. Het gerecht is van oordeel dat aangenomen kan worden dat de kosten van verzorging en opvoeding van minderjarige in de leeftijd als die van partijen rond dat bedrag liggen. In dit bedrag zitten begrepen de schoolkosten, de kosten van kleding en die van recreatie, zodat met de door de opgevoerde daadwerkelijke kosten van deze lasten bij de vaststelling van de kosten niet afzonderlijk rekening zal worden gehouden. Dit bedrag kan worden verhoogd indien blijkt van bijzondere uitgaven ten behoeve van de kinderen die niet zijn begrepen in genoemd bedrag van Afl. 450,- (zoals noodzakelijke kosten voor naschoolse opvang). </para>
        <para />
      </paragroup>
      <paragroup>
        <nr>4.3.2</nr>
        <para>Het gerecht zal rekening houden met de posten ad Afl. 350,- naschoolse opvang, ad Afl. 65,- zwemles, ad Afl. 150,- vervoer en ad Afl. 25,- voetbal, nu de noodzaak van deze kosten voldoende aannemelijk is gemaakt door de moeder. </para>
        <para />
      </paragroup>
      <paragroup>
        <nr>4.3.3</nr>
        <para>Gelet op het vorenstaande kunnen de kosten van de minderjarige worden vastgesteld op Afl. 1.040,- per maand, waaraan de ouders naar draagkracht en naar evenredigheid dienen bij te dragen. </para>
        <para />
      </paragroup>
    </paragroup>
    <paragroup>
      <nr>4.4</nr>
      <para>
        <emphasis role="italic">De draagkracht van de moeder </emphasis>
      </para>
      <paragroup>
        <nr>4.4.1</nr>
        <para>Blijkens de door de moeder overgelegde loonstrookjes bedraagt haar loon netto gemiddeld afgerond Afl. 4.127,61 per maand (inclusief kindertoelage).  De moeder is ambtenaar en ontvangt als zodanig jaarlijks vakantie-uitkering (Afl. 4.925,-), bashi-premie (Afl. 1.500), reparatiepremie (Afl. 850,-) en gelijk bedrag (Afl. 1.500). Haar netto-inkomen bedraagt maandelijks dan ook gemiddeld Afl. 4.858,86.</para>
        <para />
      </paragroup>
      <paragroup>
        <nr>4.4.2</nr>
        <para>Wat betreft de vaste lasten gaat het gerecht ervan uit dat zij een bedrag van minimaal Afl. 1.400,- per maand nodig heeft om in haar eigen levensonderhoud te voorzien. In dit bedrag zitten onder andere begrepen de redelijke kosten van elektriciteit, van water, van telefoon/internet/cable aansluiting en van autogebruik, zodat met de door de moeder opgevoerde daadwerkelijke kosten bij de vaststelling van de draagkracht niet afzonderlijk rekening zal worden gehouden. Het gerecht zal verder rekening houden met de (onbetwiste) posten “huur” ad Afl. 1.250,- en “DOU-lening” ad Afl. 250,-. </para>
        <para />
      </paragroup>
      <paragroup>
        <nr>4.4.3</nr>
        <para>De totale in aanmerking te nemen (noodzakelijke) vaste lasten van de moeder bedragen, gelet op het vorenstaande, totaal afgerond Afl. 2.900,-. </para>
        <para />
      </paragroup>
      <paragroup>
        <nr>4.4.4</nr>
        <para>Uit het vorenstaande volgt dat de moeder maandelijks een bedrag overhoudt van (Afl. 4.858.86,- - Afl. 2.900,- =) Afl. 1.958,86,-, waarmee zij aan haar verplichting met betrekking tot het voorzien in de kosten van verzorging en opvoeding van de minderjarige dient te voldoen. </para>
        <para />
      </paragroup>
    </paragroup>
    <paragroup>
      <nr>4.5</nr>
      <para>
        <emphasis role="italic">De draagkracht van de vader </emphasis>
      </para>
      <paragroup>
        <nr>4.5.1</nr>
        <para>Uit de door de vader overgelegde loonstroken blijkt dat hij een gemiddeld netto-maandloon heeft van € 2.479.32 hetgeen komt op afgerond Afl. 5.018,83. Bovendien verdient de vader inkomsten uit voetbal € 1.447,12 hetgeen komt op Afl. 2.929,48. Dus totaal verdient de vader afgerond Afl. 7.950,- per maand.</para>
        <para />
      </paragroup>
      <paragroup>
        <nr>4.5.2</nr>
        <para>Wat betreft de vaste lasten gaat het gerecht ervan uit dat hij een bedrag van minimaal € 1.400,- per maand nodig heeft om in zijn eigen levensonderhoud te voorzien. In dit bedrag zitten onder andere begrepen de redelijke kosten van elektriciteit, van water, van telefoon/internet/cable aansluiting en van autogebruik, zodat met de door de vader opgevoerde daadwerkelijke kosten bij de vaststelling van de draagkracht niet afzonderlijk rekening zal worden gehouden. Voorts zal het gerecht ook rekening houden met de posten van “lening” ad € 361,44, “aflossing creditcard” ad € 65,-, “alimentatie dochter” ad € 230,- en “belastingschuld” ad € 190,-. Het gerecht houdt geen rekening met de overige kostenposten nu niet is gebleken dat deze prioriteit genieten boven de bijdrage in de kosten van verzorging en opvoeding van minderjarige.</para>
        <para />
      </paragroup>
      <paragroup>
        <nr>4.5.3</nr>
        <para>De totale in aanmerking te nemen (noodzakelijke) vaste lasten van de vader bedragen, gelet op het vorenstaande, totaal afgerond € 2.246,- hetgeen komt op Afl. 4.570,-.</para>
        <para />
      </paragroup>
      <paragroup>
        <nr>4.5.4</nr>
        <para>Uit het vorenstaande volgt dat de vader maandelijks een bedrag overhoudt van afgerond (Afl. 7.950,- -  Afl. 4.570,- =) Afl. 3.400,- waarmee hij aan zijn verplichting met betrekking tot het voorzien in de kosten van verzorging en opvoeding van de minderjarige dient te voldoen. </para>
        <para />
      </paragroup>
    </paragroup>
    <paragroup>
      <nr>4.6</nr>
      <para>Gelet op de draagkracht van partijen en op de behoefte van de minderjarige acht het gerecht een door de vader te betalen bijdrage van Afl. 600,- per maand vanaf 1 maart 2019 in de kosten van verzorging en opvoeding in overeenstemming met de wettelijke maatstaven. </para>
      <para />
      <para />
    </paragroup>
  </section>
  <section role="beslissing">
    <title>
      <nr>5</nr>DE BESLISSING</title>
    <para>Het gerecht:</para>
    <para />
    <parablock>
      <para>bepaalt de door de vader [NAAM VERWEERDER] met ingang van 1 maart 2019 maandelijks te betalen bijdrage in de kosten van verzorging en opvoeding van de minderjarige [naam MINDERJARIGE] [NAAM VERWEERDER], geboren op [geboortedatum] 2012 in Nederland, op een bedrag van Afl. 600,- per maand, bij vooruitbetaling aan de Voogdijraad te voldoen,</para>
    </parablock>
    <para />
    <parablock>
      <para>verklaart deze beschikking uitvoerbaar bij voorraad,</para>
    </parablock>
    <para />
    <parablock>
      <para>wijst af het anders of meer verzochte.</para>
    </parablock>
    <para />
    <para />
    <parablock>
      <para>Deze beschikking is gegeven door mr. M. Soffers, rechter in dit gerecht, en in het openbaar uitgesproken ter zitting van dinsdag 12 maart 2019 in aanwezigheid van de griffier.</para>
    </parablock>
    <para />
    <parablock>
      <para />
    </parablock>
  </section>
</uitspraak>
</open-rechtspraak>