<?xml version="1.0" encoding="utf-8"?>
<open-rechtspraak>
  <rdf:RDF xmlns:rdf="http://www.w3.org/1999/02/22-rdf-syntax-ns#" xmlns:ecli="https://e-justice.europa.eu/ecli" xmlns:tr="http://tuchtrecht.overheid.nl/" xmlns:eu="http://publications.europa.eu/celex/" xmlns:dcterms="http://purl.org/dc/terms/" xmlns:bwb="bwb-dl" xmlns:cvdr="http://decentrale.regelgeving.overheid.nl/cvdr/" xmlns:psi="http://psi.rechtspraak.nl/" xmlns:rdfs="http://www.w3.org/2000/01/rdf-schema#">
    <rdf:Description>
      <dcterms:identifier>ECLI:NL:GHARL:2019:2799</dcterms:identifier>
      <dcterms:format>text/xml</dcterms:format>
      <dcterms:accessRights>public</dcterms:accessRights>
      <dcterms:modified>2019-04-08T14:41:04</dcterms:modified>
      <dcterms:issued rdfs:label="Publicatiedatum">2019-03-29</dcterms:issued>
      <dcterms:publisher resourceIdentifier="http://rechtspraak.nl/">Raad voor de Rechtspraak</dcterms:publisher>
      <dcterms:language>nl</dcterms:language>
      <dcterms:creator rdfs:label="Instantie" resourceIdentifier="http://standaarden.overheid.nl/owms/terms/Gerechtshof_Arnhem-Leeuwarden" scheme="overheid.RechterlijkeMacht">Gerechtshof Arnhem-Leeuwarden</dcterms:creator>
      <dcterms:date rdfs:label="Uitspraakdatum">2019-03-29</dcterms:date>
      <psi:zaaknummer rdfs:label="Zaaknr">WAHV 200.220.253</psi:zaaknummer>
      <dcterms:type rdf:language="nl" resourceIdentifier="http://psi.rechtspraak.nl/uitspraak">Uitspraak</dcterms:type>
      <psi:procedure rdf:language="nl" rdfs:label="Procedure" resourceIdentifier="http://psi.rechtspraak.nl/procedure#hogerBeroep">Hoger beroep</psi:procedure>
      <dcterms:coverage>NL</dcterms:coverage>
      <dcterms:spatial rdfs:label="Zittingsplaats">Leeuwarden</dcterms:spatial>
      <dcterms:subject rdfs:label="Rechtsgebied" resourceIdentifier="http://psi.rechtspraak.nl/rechtsgebied#strafrecht_strafprocesrecht">Strafrecht; Strafprocesrecht</dcterms:subject>
      <dcterms:hasVersion rdfs:label="Vindplaatsen" resourceIdentifier="http://psi.rechtspraak.nl/vindplaats">
        <rdf:list>
          <rdf:li>Rechtspraak.nl</rdf:li>
        </rdf:list>
      </dcterms:hasVersion>
    </rdf:Description>
    <rdf:Description rdf:about="http://deeplink.rechtspraak.nl/uitspraak?id=ECLI:NL:GHARL:2019:2799">
      <dcterms:identifier>http://deeplink.rechtspraak.nl/uitspraak?id=ECLI:NL:GHARL:2019:2799</dcterms:identifier>
      <dcterms:format>text/html</dcterms:format>
      <dcterms:accessRights>public</dcterms:accessRights>
      <dcterms:modified>2019-04-08T10:20:00</dcterms:modified>
      <dcterms:issued rdfs:label="Publicatiedatum">2019-04-08</dcterms:issued>
      <dcterms:publisher resourceIdentifier="http://rechtspraak.nl/">Raad voor de Rechtspraak</dcterms:publisher>
      <dcterms:language>nl</dcterms:language>
      <dcterms:title rdf:language="nl">ECLI:NL:GHARL:2019:2799 Gerechtshof Arnhem-Leeuwarden , 29-03-2019 / WAHV 200.220.253</dcterms:title>
      <dcterms:abstract resourceIdentifier="../../rs:inhoudsindicatie" />
    </rdf:Description>
  </rdf:RDF>
  <inhoudsindicatie id="ECLI:NL:GHARL:2019:2799:INH" lang="nl" xml:space="preserve" xmlns="http://www.rechtspraak.nl/schema/rechtspraak-1.0" xmlns:xsd="http://www.w3.org/2001/XMLSchema" xmlns:xsi="http://www.w3.org/2001/XMLSchema-instance">
      <parablock>
        <para>Snelheid (trajectcontrole). Betwisting juiste bebording en aanwezigheid bebording. Het ligt in dit geval op de weg van het openbaar ministerie om dit verweer door middel van een proces-verbaal of schouwrapport te (doen) weerleggen. Uit het proces-verbaal van de zitting van de kantonrechter blijkt dat de officier van justitie ter zitting heeft verwezen naar schouwrapporten. </para>
        <para>Het hof constateert dat die schouwrapporten zich niet in het dossier bevinden. Bij gebreke hiervan is niet met voldoende zekerheid komen vast te staan dat de maximumsnelheid ten tijde van de gedraging behoorlijk was aangegeven. Het hof vernietigt de sanctiebeschikking.</para>
      </parablock>
    </inhoudsindicatie>
  <uitspraak id="ECLI:NL:GHARL:2019:2799:DOC" lang="nl" xml:space="preserve" xmlns="http://www.rechtspraak.nl/schema/rechtspraak-1.0" xmlns:xsd="http://www.w3.org/2001/XMLSchema" xmlns:xsi="http://www.w3.org/2001/XMLSchema-instance" xmlns:xlink="http://www.w3.org/1999/xlink">
  <para>
    <emphasis role="bold">WAHV 200.220.253</emphasis>
  </para>
  <para>29 maart 2019</para>
  <parablock>
    <para>CJIB 197793720</para>
    <para />
  </parablock>
  <parablock>
    <para>
      <emphasis role="bold">Gerechtshof Arnhem-Leeuwarden</emphasis>
    </para>
    <para>
      <emphasis role="bold">zittingsplaats Leeuwarden</emphasis>
    </para>
  </parablock>
  <para>
    <emphasis role="bold">Arrest</emphasis>
  </para>
  <para>op het hoger beroep tegen de beslissing</para>
  <para>van de kantonrechter van de rechtbank Midden-Nederland</para>
  <para>van 19 juni 2017</para>
  <para>betreffende</para>
  <para>
    [betrokkene] (hierna te noemen: betrokkene),</para>
  <parablock>
    <para>wonende te [A] ,</para>
    <para />
  </parablock>
  <parablock>
    <para>voor wie als gemachtigde optreedt mr. [B] , <?linebreak?>kantoorhoudende te [C] .</para>
    <para />
  </parablock>
  <section role="beslissing">
    <title>De beslissing van de kantonrechter</title>
    <parablock>
      <para>De kantonrechter heeft het beroep van de betrokkene tegen de beslissing van de officier van justitie gegrond verklaard, de beslissing van de officier van justitie vernietigd en het beroep tegen de inleidende beschikking ongegrond verklaard. Het verzoek om een proceskostenvergoeding is afgewezen door de kantonrechter.</para>
      <para>
        <emphasis role="bold">Het procesverloop</emphasis>
      </para>
      <para>De gemachtigde van de betrokkene heeft hoger beroep ingesteld tegen de beslissing van de kantonrechter.</para>
      <para>Er is gevraagd om een proceskostenvergoeding.</para>
      <para>De advocaat-generaal heeft de gelegenheid gekregen een verweerschrift in te dienen. <?linebreak?>Van die gelegenheid is geen gebruik gemaakt. </para>
    </parablock>
    <para />
  </section>
  <section>
    <title>Beoordeling</title>
    <para>1. Aan de betrokkene is als kentekenhouder bij inleidende beschikking een administratieve sanctie van € 177,- opgelegd ter zake van “overschrijding maximumsnelheid op autosnelwegen, met 21 km/h (verkeersbord A1)”, welke gedraging zou zijn verricht op <?linebreak?>3 mei 2016 om 5:14 uur op de A2 links (trajectcontrole) te Baambrugge met het voertuig met het kenteken [00-YYY-0] .</para>
    <para />
    <para>2. De gemachtigde van de betrokkene voert onder meer aan dat de betrokkene heeft vastgesteld dat zich op de vermeende pleeglocatie geen duidelijk zichtbaar verkeersbord A1 bevindt, waarover in de inleidende beschikking wel wordt gerept. Er is dus ten onrechte uitgegaan van een lagere maximumsnelheid dan de op autosnelwegen gebruikelijke maximumsnelheid van 130 km/h. Aldus is de gedraging niet verricht.</para>
    <para />
    <para>3. Uit het zaakoverzicht volgt dat de gedraging in de onderhavige zaak is geconstateerd door middel van een trajectcontrole op de autosnelweg A2 te Baambrugge. In afwijking van de reguliere maximumsnelheid op autosnelwegen zou op het betreffende traject (ook) op het tijdstip van de gedraging de maximumsnelheid 100 km/h zijn. </para>
    <para />
    <para>4. In het zaakoverzicht staat dat de maximumsnelheid ter plaatse 100 km/h bedraagt en dat sprake is van bebording A1. Nu evenwel wordt betwist dat de juiste bebording was geplaatst en de aanwezigheid van deze bebording, gelet op de afwijkende maximumsnelheid, cruciaal is om vast te kunnen stellen dat de gedraging is verricht, ligt het op de weg van het openbaar ministerie om dit verweer door middel van een proces-verbaal of schouwrapport te (doen) weerleggen. Uit het proces-verbaal van de zitting van de kantonrechter blijkt dat de officier van justitie ter zitting heeft verwezen naar schouwrapporten d.d. 1 mei 2016 en <?linebreak?>19 mei 2016. Het hof constateert echter dat deze schouwrapporten zich niet in het dossier bevinden. Bij gebreke hiervan is naar het oordeel van het hof niet met voldoende zekerheid komen vast te staan dat de maximumsnelheid ten tijde van de gedraging behoorlijk was aangegeven (vgl. het arrest van het hof van 12 oktober 2015, gepubliceerd op rechtspraak.nl met vindplaats NL:ECLI:GHARL:2015:7637).</para>
    <para />
    <para>5. Gelet op het voorgaande kan niet worden vastgesteld dat de gedraging is verricht, zodat de sanctie ten onrechte is opgelegd. Het hof zal de beslissing van de kantonrechter dan ook vernietigen en, met gegrondverklaring van het beroep daartegen, de beslissing van de officier van justitie vernietigen, alsmede de inleidende beschikking. Het tot zekerheid gestelde bedrag moet worden gerestitueerd. Dit brengt mee dat de overige aangevoerde bezwaren geen bespreking meer behoeven.</para>
    <para />
    <para>6. De proceskosten komen voor vergoeding in aanmerking. Aan het indienen van het administratief beroepschrift, het beroepschrift bij de kantonrechter en het hoger beroepschrift dienen in totaal drie punten te worden toegekend. De waarde per punt bedraagt € 512,- en gelet op de aard van de zaak wordt de wegingsfactor 0,5 (gewicht van de zaak = licht) toegepast. Aldus zal het hof de advocaat-generaal veroordelen in de kosten tot een bedrag van € 768,-.</para>
    <para />
  </section>
  <section role="beslissing">
    <title>Beslissing</title>
    <para>Het gerechtshof:</para>
    <para />
    <parablock>
      <para>vernietigt de beslissing van de kantonrechter;</para>
    </parablock>
    <para />
    <parablock>
      <para>verklaart het beroep gegrond; </para>
    </parablock>
    <para />
    <parablock>
      <para>vernietigt de beslissing van de officier van justitie, alsmede de beschikking waarbij onder CJIB-nummer 197793720 de administratieve sanctie is opgelegd;</para>
    </parablock>
    <para />
    <parablock>
      <para>bepaalt dat hetgeen door de betrokkene op de voet van artikel 11 van de Wet administratiefrechtelijke handhaving verkeersvoorschriften tot zekerheid is gesteld door de advocaat-generaal aan haar wordt gerestitueerd;</para>
    </parablock>
    <para />
    <parablock>
      <para>veroordeelt de advocaat-generaal tot het vergoeden van de proceskosten van de betrokkene, ter hoogte van € 768,-.</para>
      <para>Dit arrest is gewezen door mr. Wijma, in tegenwoordigheid van mr. Starreveld als griffier, en uitgesproken ter openbare zitting.</para>
    </parablock>
  </section>
</uitspraak>
</open-rechtspraak>