<?xml version="1.0" encoding="utf-8"?>
<open-rechtspraak>
  <rdf:RDF xmlns:rdf="http://www.w3.org/1999/02/22-rdf-syntax-ns#" xmlns:ecli="https://e-justice.europa.eu/ecli" xmlns:tr="http://tuchtrecht.overheid.nl/" xmlns:eu="http://publications.europa.eu/celex/" xmlns:dcterms="http://purl.org/dc/terms/" xmlns:bwb="bwb-dl" xmlns:cvdr="http://decentrale.regelgeving.overheid.nl/cvdr/" xmlns:psi="http://psi.rechtspraak.nl/" xmlns:rdfs="http://www.w3.org/2000/01/rdf-schema#">
    <rdf:Description>
      <dcterms:identifier>ECLI:NL:RBLIM:2019:2329</dcterms:identifier>
      <dcterms:format>text/xml</dcterms:format>
      <dcterms:accessRights>public</dcterms:accessRights>
      <dcterms:modified>2019-03-20T15:24:29</dcterms:modified>
      <dcterms:issued rdfs:label="Publicatiedatum">2019-03-13</dcterms:issued>
      <dcterms:publisher resourceIdentifier="http://rechtspraak.nl/">Raad voor de Rechtspraak</dcterms:publisher>
      <dcterms:language>nl</dcterms:language>
      <dcterms:creator rdfs:label="Instantie" resourceIdentifier="http://standaarden.overheid.nl/owms/terms/Rechtbank_Limburg" scheme="overheid.RechterlijkeMacht">Rechtbank Limburg</dcterms:creator>
      <dcterms:date rdfs:label="Uitspraakdatum">2019-03-13</dcterms:date>
      <psi:zaaknummer rdfs:label="Zaaknr">7350418 CV EXPL 18-7147</psi:zaaknummer>
      <dcterms:type rdf:language="nl" resourceIdentifier="http://psi.rechtspraak.nl/uitspraak">Uitspraak</dcterms:type>
      <psi:procedure rdf:language="nl" rdfs:label="Procedure" resourceIdentifier="http://psi.rechtspraak.nl/procedure#kortGeding">Kort geding</psi:procedure>
      <dcterms:coverage>NL</dcterms:coverage>
      <dcterms:spatial rdfs:label="Zittingsplaats">Maastricht</dcterms:spatial>
      <dcterms:subject rdfs:label="Rechtsgebied" resourceIdentifier="http://psi.rechtspraak.nl/rechtsgebied#civielRecht">Civiel recht</dcterms:subject>
      <dcterms:hasVersion rdfs:label="Vindplaatsen" resourceIdentifier="http://psi.rechtspraak.nl/vindplaats">
        <rdf:list>
          <rdf:li>Rechtspraak.nl</rdf:li>
        </rdf:list>
      </dcterms:hasVersion>
    </rdf:Description>
    <rdf:Description rdf:about="http://deeplink.rechtspraak.nl/uitspraak?id=ECLI:NL:RBLIM:2019:2329">
      <dcterms:identifier>http://deeplink.rechtspraak.nl/uitspraak?id=ECLI:NL:RBLIM:2019:2329</dcterms:identifier>
      <dcterms:format>text/html</dcterms:format>
      <dcterms:accessRights>public</dcterms:accessRights>
      <dcterms:modified>2019-03-20T15:15:01</dcterms:modified>
      <dcterms:issued rdfs:label="Publicatiedatum">2019-03-20</dcterms:issued>
      <dcterms:publisher resourceIdentifier="http://rechtspraak.nl/">Raad voor de Rechtspraak</dcterms:publisher>
      <dcterms:language>nl</dcterms:language>
      <dcterms:title rdf:language="nl">ECLI:NL:RBLIM:2019:2329 Rechtbank Limburg , 13-03-2019 / 7350418 CV EXPL 18-7147</dcterms:title>
      <dcterms:abstract resourceIdentifier="../../rs:inhoudsindicatie" />
    </rdf:Description>
  </rdf:RDF>
  <inhoudsindicatie id="ECLI:NL:RBLIM:2019:2329:INH" lang="nl" xml:space="preserve" xmlns="http://www.rechtspraak.nl/schema/rechtspraak-1.0" xmlns:xsd="http://www.w3.org/2001/XMLSchema" xmlns:xsi="http://www.w3.org/2001/XMLSchema-instance">
      <para>Kort geding. Huur. Achterstallige huurpenningen. Ontruiming.</para>
    </inhoudsindicatie>
  <uitspraak id="ECLI:NL:RBLIM:2019:2329:DOC" lang="nl" xml:space="preserve" xmlns="http://www.rechtspraak.nl/schema/rechtspraak-1.0" xmlns:xsd="http://www.w3.org/2001/XMLSchema" xmlns:xsi="http://www.w3.org/2001/XMLSchema-instance" xmlns:xlink="http://www.w3.org/1999/xlink">
  <uitspraak.info>
    <bridgehead role="bold">RECHTBANK LIMBURG</bridgehead>
    <para />
    <parablock>
      <para>Burgerlijk recht</para>
    </parablock>
    <para />
    <parablock>
      <para>Zittingsplaats Maastricht</para>
    </parablock>
    <para />
    <parablock>
      <para>Zaaknummer: 7350418 CV EXPL 18-7147</para>
      <para>MD</para>
    </parablock>
    <para />
    <parablock>
      <para>
        <emphasis role="bold">Vonnis van de kantonrechter in kort geding van 13 maart 2019</emphasis>
      </para>
    </parablock>
    <para />
    <parablock>
      <para>in de zaak van:</para>
    </parablock>
    <para />
    <parablock>
      <para>
        <emphasis role="bold caps">
          [eiser]
        </emphasis>
        <emphasis role="caps">,</emphasis>
      </para>
      <para>wonend te [woonplaats 1] ,</para>
      <para>eisende partij,</para>
      <para>gemachtigde mr. R.G.P. Voragen,  </para>
    </parablock>
    <para />
    <parablock>
      <para>tegen:</para>
    </parablock>
    <para />
    <parablock>
      <para>
        <emphasis role="bold caps">
          [gedaagde]
        </emphasis>
        <emphasis role="caps">,</emphasis>
      </para>
      <para>wonend aan de [adres] ,</para>
      <para>
        [woonplaats 2] , </para>
      <para>gedaagde partij, </para>
      <para>gemachtigde mr. B.H.M. Nijsten. </para>
    </parablock>
    <para />
    <parablock>
      <para>Partijen zullen hierna [eiser] en [gedaagde] genoemd worden.</para>
    </parablock>
    <para />
  </uitspraak.info>
  <section>
    <title>
      <nr>1</nr>De procedure</title>
    <paragroup>
      <nr>1.1.</nr>
      <para>Het verloop van de procedure blijkt uit:</para>
      <para>- het exploot van dagvaarding;</para>
      <para>- de mondelinge behandeling op 13 december 2018, waarna de zaak is aangehouden teneinde partijen in de gelegenheid te stellen een minnelijke regeling te bereiken;</para>
      <para>- het bericht waaruit volgt dat partijen die minnelijke regeling niet hebben bereikt;</para>
      <para>- de akte vermeerdering van eis van [eiser] ;</para>
      <para>- de voortzetting van de mondelinge behandeling op 28 februari 2019. </para>
      <para />
    </paragroup>
    <paragroup>
      <nr>1.2.</nr>
      <para>Ten slotte is vonnis bepaald.</para>
      <para />
    </paragroup>
  </section>
  <section>
    <title>
      <nr>2</nr>De feiten</title>
    <paragroup>
      <nr>2.1.</nr>
      <para>
        [eiser] heeft in januari 2018 een appartement gelegen aan de [adres] <?linebreak?> te [woonplaats 2] gekocht van [naam verkoper] . Dit appartement was verhuurd aan [gedaagde] (hierna: het gehuurde). De rechten en plichten uit hoofde van de huurovereenkomst tussen [naam verkoper] en [gedaagde] zijn overgegaan op [eiser] . Een schriftelijke huurovereenkomst is niet overgelegd. De maandelijkse huurprijs bedraagt € 750,--, exclusief voorschot stookkosten. </para>
      <para />
      <para />
    </paragroup>
  </section>
  <section>
    <title>
      <nr>3</nr>Het geschil</title>
    <paragroup>
      <nr>3.1.</nr>
      <parablock>
        <para>
          [eiser] vordert - na vermeerdering van eis - om bij vonnis, uitvoerbaar bij voorraad:</para>
        <para>I. [gedaagde] te veroordelen om het gehuurde binnen drie dagen na betekening van dit vonnis met al de zijnen en al het zijne te ontruimen en onder afgifte van de sleutels ter vrije beschikking van [eiser] te stellen;</para>
        <para>II. [gedaagde] te veroordelen tot betaling van € 8.500,-- aan achterstallige huurpenningen tot en met maart 2019 en onbetaald gelaten voorschotten stookkosten;</para>
        <para>III. [gedaagde] te veroordelen tot vergoeding van de buitengerechtelijke kosten ten bedrage van <?linebreak?>€ 321,-- inclusief btw;</para>
        <para>IV. [gedaagde] te veroordelen in de kosten van deze procedure. </para>
      </parablock>
      <para />
    </paragroup>
    <paragroup>
      <nr>3.2.</nr>
      <para>De grondslagen van de vorderingen vloeien reeds uit de hiervoor weergegeven omschrijvingen voort. </para>
    </paragroup>
    <paragroup>
      <nr>3.3.</nr>
      <para>Voor zover [gedaagde] verweer heeft gevoerd wordt daarop hierna nader ingegaan. </para>
      <para />
    </paragroup>
  </section>
  <section role="overwegingen">
    <title>
      <nr>4</nr>De beoordeling</title>
    <para />
    <paragroup>
      <nr>4.1.</nr>
      <para>Om een voorziening te kunnen treffen als gevorderd, moet worden vastgesteld dat er een aanmerkelijke kans bestaat dat [eiser] het gelijk aan zijn zijde zal krijgen als één van de partijen een bodemprocedure begint, en moet [eiser] er tevens spoedeisend belang bij hebben dat op het oordeel in de bodemprocedure vooruit wordt gelopen. Daarbij dient de kantonrechter (als voorzieningenrechter) uit te gaan van de feiten met de beperkte onderzoeksmogelijkheden die het kort geding hem biedt, aangezien formele bewijslevering in deze procedure in beginsel niet plaatsvindt. Ten slotte dient ook nog het restitutierisico te worden gewogen.  </para>
      <para />
    </paragroup>
    <paragroup>
      <nr>4.2.</nr>
      <para>Het spoedeisend belang vloeit voort uit de aard en omvang van de vorderingen. </para>
      <para />
    </paragroup>
    <paragroup>
      <nr>4.3.</nr>
      <para>Door [gedaagde] is niet weersproken dat er tot en met maart 2019 een huurachterstand (inclusief onbetaald gelaten voorschotten stookkosten) van € 8.500,-- bestaat, zodat dit tussen partijen vaststaat. </para>
      <para />
      <paragroup>
        <nr>4.3.1.</nr>
        <para>Het niet (tijdig en/of volledig) betalen van de huurpenningen vormt een tekortkoming van [gedaagde] in de nakoming van zijn verplichtingen uit hoofde van de huurovereenkomst. Krachtens art. 6:265 BW is iedere tekortkoming voldoende voor ontbinding van een (huur)overeenkomst, tenzij de tekortkoming zo gering is dat deze de ontbinding niet rechtvaardigt. Gelet op de omvang van de huurachterstand en de lange periode waarover die betalingsachterstand zich uitstrekt, doet deze uitzondering zich niet voor. Aannemelijk is dat een bodemrechter de huurovereenkomst zal ontbinden en de vordering tot ontruiming van het gehuurde zal toewijzen. De door [gedaagde] aangevoerde omstandigheden kunnen niet tot een ander oordeel leiden. Daartoe dient het volgende. </para>
        <para />
      </paragroup>
      <paragroup>
        <nr>4.3.2.</nr>
        <para>
          [gedaagde] heeft gesteld - zo begrijpt de kantonrechter althans - dat hij de betaling van de huurpenningen volledig heeft opgeschort omdat het gehuurde een bouwval is (mr. Nijsten zou ‘in het gehuurde nog niet dood gevonden willen worden’). De kantonrechter stelt vast dat in het gehele dossier niet is gebleken dat [gedaagde] op enig moment (schriftelijk!) de betaling van de huurpenningen (deels) heeft opgeschort vanwege die door hem gestelde gebreken aan het gehuurde. Nog daargelaten dat uit de foto’s van het gehuurde die tijdens de eerste mondelinge behandeling aan de kantonrechter zijn getoond, geen opschorting van de <emphasis role="italic">gehele</emphasis> maandelijkse huurpenningen zou hebben gerechtvaardigd. Evenmin is door [gedaagde] - indien hij van mening was dat het verminderde huurgenot door die beweerde gebreken voor rekening van [eiser] als nieuwe verhuurder zou moeten komen - een vordering tot huurprijsvermindering op de voet van art. 7:207 BW ingesteld. </para>
        <para />
      </paragroup>
      <paragroup>
        <nr>4.3.3.</nr>
        <para>
          [gedaagde] heeft verder nog gesteld dat hij met [eiser] heeft afgesproken dat hij pas huur zou moeten gaan betalen als het gehuurde weer bewoonbaar was. Daarover kan de kantonrechter kort zijn: die afspraak blijkt nergens uit en is op geen enkel wijze onderbouwd, zodat hij daaraan voorbij gaat. </para>
        <para />
      </paragroup>
      <paragroup>
        <nr>4.3.4.</nr>
        <para>
          [gedaagde] stelt ten slotte nog dat hij werkzaamheden voor [eiser] heeft verricht. Volgens [gedaagde] heeft hij met [eiser] afgesproken dat hij voor die werkzaamheden betaald zou worden. [gedaagde] is van mening dat hij de voor [eiser] gewerkte uren mag verrekenen met de openstaande huurpenningen. De gegrondheid van dit verweer is niet op eenvoudige wijze vast te stellen (art. 6:136 BW). Daarbij komt dat [gedaagde] dit verweer verder ook niet heeft uitgewerkt. Behoudens één betaling op 6 juli 2018 door [eiser] aan [gedaagde] ten bedrage van € 57,55, is niet geconcretiseerd welk uurtarief of all-in-prijs partijen voor die werkzaamheden overeengekomen zouden zijn en welke werkzaamheden partijen precies waren overeengekomen. Ieder (begin van) bewijs daarvan ontbreekt, zodat het beroep op verrekening wordt gepasseerd.</para>
        <para />
      </paragroup>
    </paragroup>
    <paragroup>
      <nr>4.4.</nr>
      <para>De conclusie uit het vorenstaande is dat een bedrag van € 8.500,-- aan achterstallige huurpenningen tot en met maart 2019 en onbetaalde gelaten voorschotten stookkosten) toewijsbaar is, temeer nu er over een mogelijk restitutierisico niets door [gedaagde] is aangevoerd. De ontruiming van het gehuurde wordt, zoals reeds overwogen, eveneens toegewezen. [eiser] heeft er recht op en spoedeisend belang bij dat op een beslissing in een (eventuele) bodemzaak vooruit wordt gelopen. De ontruimingstermijn zal op aan de redelijkheid ontleende gronden worden bepaald op twee weken na betekening van dit vonnis. </para>
      <para />
    </paragroup>
    <paragroup>
      <nr>4.5.</nr>
      <para>De gevorderde vergoeding van buitengerechtelijke kosten ten bedrage van € 321,-- inclusief btw is niet toewijsbaar. Door [eiser] is niet gesteld waarom een afzonderlijke vergoeding naast de proceskosten gerechtvaardigd is. </para>
    </paragroup>
    <paragroup>
      <nr>4.6.</nr>
      <para>
        [gedaagde] dient als de vrijwel geheel in het ongelijk gestelde partij te worden veroordeeld tot betaling van de proceskosten. De proceskosten worden (met inachtneming van de Aanbeveling tarieven kort geding kantonzaken en handelszaken per 1 januari 2019) tot op vandaag aan de zijde van [eiser] begroot op:</para>
      <para>- exploot van dagvaarding:	€         99,91   </para>
      <para>- griffierecht:			€       226,00<?linebreak?>- salaris gemachtigde: 		€<emphasis role="underline">       480,00</emphasis></para>
      <para>Totaal:				€       805,91.</para>
      <para />
      <para />
      <para />
      <para />
      <para />
      <para />
      <para />
    </paragroup>
  </section>
  <section role="beslissing">
    <title>
      <nr>5</nr>De beslissing </title>
    <para>De kantonrechter:</para>
    <para />
    <paragroup>
      <nr>5.1.</nr>
      <para>veroordeelt [gedaagde] om het gehuurde aan de [adres] te [woonplaats 2] binnen twee weken na betekening van dit vonnis te ontruimen en met al de zijnen en al het zijne te verlaten en onder afgifte van alle sleutels geheel ter vrije beschikking van [eiser] te stellen;</para>
      <para />
    </paragroup>
    <paragroup>
      <nr>5.2.</nr>
      <para>veroordeelt [gedaagde] om aan [eiser] te betalen een bedrag van € 8.500,-- aan achterstallige huurpenningen tot en met maart 2019 en aan onbetaald gelaten voorschotten stookkosten;</para>
      <para />
    </paragroup>
    <paragroup>
      <nr>5.3.</nr>
      <para>veroordeelt [gedaagde] tot betaling van de proceskosten, die aan de zijde van [eiser] tot op heden begroot worden op € 805,91;</para>
    </paragroup>
    <paragroup>
      <nr>5.4.</nr>
      <para>verklaart dit vonnis uitvoerbaar bij voorraad;</para>
    </paragroup>
    <paragroup>
      <nr>5.5.</nr>
      <para>wijst het meer of anders gevorderde af.</para>
      <para />
      <parablock>
        <para>Dit vonnis is gewezen door mr. R.H.J. Otto en is in het openbaar uitgesproken.</para>
      </parablock>
      <para />
      <para />
      <para />
      <para />
      <para />
    </paragroup>
  </section>
</uitspraak>
</open-rechtspraak>