<?xml version="1.0" encoding="utf-8"?>
<open-rechtspraak>
  <rdf:RDF xmlns:rdf="http://www.w3.org/1999/02/22-rdf-syntax-ns#" xmlns:ecli="https://e-justice.europa.eu/ecli" xmlns:tr="http://tuchtrecht.overheid.nl/" xmlns:eu="http://publications.europa.eu/celex/" xmlns:dcterms="http://purl.org/dc/terms/" xmlns:bwb="bwb-dl" xmlns:cvdr="http://decentrale.regelgeving.overheid.nl/cvdr/" xmlns:psi="http://psi.rechtspraak.nl/" xmlns:rdfs="http://www.w3.org/2000/01/rdf-schema#">
    <rdf:Description>
      <dcterms:identifier>ECLI:NL:CRVB:2019:924</dcterms:identifier>
      <dcterms:format>text/xml</dcterms:format>
      <dcterms:accessRights>public</dcterms:accessRights>
      <dcterms:modified>2019-05-06T10:26:43</dcterms:modified>
      <dcterms:issued rdfs:label="Publicatiedatum">2019-03-19</dcterms:issued>
      <dcterms:publisher resourceIdentifier="http://rechtspraak.nl/">Raad voor de Rechtspraak</dcterms:publisher>
      <dcterms:language>nl</dcterms:language>
      <dcterms:creator rdfs:label="Instantie" resourceIdentifier="http://standaarden.overheid.nl/owms/terms/Centrale_Raad_van_Beroep" scheme="overheid.RechterlijkeMacht">Centrale Raad van Beroep</dcterms:creator>
      <dcterms:date rdfs:label="Uitspraakdatum">2019-03-19</dcterms:date>
      <psi:zaaknummer rdfs:label="Zaaknr">17/5487 PW</psi:zaaknummer>
      <dcterms:type rdf:language="nl" resourceIdentifier="http://psi.rechtspraak.nl/uitspraak">Uitspraak</dcterms:type>
      <psi:procedure rdf:language="nl" rdfs:label="Procedure" resourceIdentifier="http://psi.rechtspraak.nl/procedure#hogerBeroep">Hoger beroep</psi:procedure>
      <dcterms:coverage>NL</dcterms:coverage>
      <dcterms:subject rdfs:label="Rechtsgebied" resourceIdentifier="http://psi.rechtspraak.nl/rechtsgebied#bestuursrecht_socialezekerheidsrecht">Bestuursrecht; Socialezekerheidsrecht</dcterms:subject>
      <dcterms:relation rdfs:label="Formele relatie" ecli:resourceIdentifier="ECLI:NL:RBROT:2017:5203" psi:type="http://psi.rechtspraak.nl/hogerBeroep" psi:aanleg="http://psi.rechtspraak.nl/eerdereAanleg" psi:gevolg="http://psi.rechtspraak.nl/gevolg#bekrachtiging/bevestiging">Eerste aanleg: ECLI:NL:RBROT:2017:5203, Bekrachtiging/bevestiging</dcterms:relation>
      <dcterms:hasVersion rdfs:label="Vindplaatsen" resourceIdentifier="http://psi.rechtspraak.nl/vindplaats">
        <rdf:list>
          <rdf:li>Rechtspraak.nl</rdf:li>
          <rdf:li>ABkort 2019/181</rdf:li>
          <rdf:li>USZ 2019/136</rdf:li>
        </rdf:list>
      </dcterms:hasVersion>
    </rdf:Description>
    <rdf:Description rdf:about="http://deeplink.rechtspraak.nl/uitspraak?id=ECLI:NL:CRVB:2019:924">
      <dcterms:identifier>http://deeplink.rechtspraak.nl/uitspraak?id=ECLI:NL:CRVB:2019:924</dcterms:identifier>
      <dcterms:format>text/html</dcterms:format>
      <dcterms:accessRights>public</dcterms:accessRights>
      <dcterms:modified>2019-03-20T11:08:08</dcterms:modified>
      <dcterms:issued rdfs:label="Publicatiedatum">2019-03-25</dcterms:issued>
      <dcterms:publisher resourceIdentifier="http://rechtspraak.nl/">Raad voor de Rechtspraak</dcterms:publisher>
      <dcterms:language>nl</dcterms:language>
      <dcterms:title rdf:language="nl">ECLI:NL:CRVB:2019:924 Centrale Raad van Beroep , 19-03-2019 / 17/5487 PW</dcterms:title>
      <dcterms:abstract resourceIdentifier="../../rs:inhoudsindicatie" />
    </rdf:Description>
  </rdf:RDF>
  <inhoudsindicatie id="ECLI:NL:CRVB:2019:924:INH" lang="nl" xml:space="preserve" xmlns="http://www.rechtspraak.nl/schema/rechtspraak-1.0" xmlns:xsd="http://www.w3.org/2001/XMLSchema" xmlns:xsi="http://www.w3.org/2001/XMLSchema-instance">
      <para>Geen beroep mogelijk tegen het niet tijdig beslissen op een aanvraag indien ten tijde van het beroep het besluit op de aanvraag al is genomen.</para>
    </inhoudsindicatie>
  <uitspraak id="ECLI:NL:CRVB:2019:924:DOC" lang="nl" xml:space="preserve" xmlns="http://www.rechtspraak.nl/schema/rechtspraak-1.0" xmlns:xsd="http://www.w3.org/2001/XMLSchema" xmlns:xsi="http://www.w3.org/2001/XMLSchema-instance" xmlns:xlink="http://www.w3.org/1999/xlink">
  <section>
    <title>
      <nr>17</nr>5487 PW </title>
    <parablock>
      <para>Centrale Raad van Beroep</para>
      <para>Meervoudige kamer</para>
    </parablock>
    <para />
    <para />
    <para />
    <para />
    <para />
    <para />
    <para />
    <para />
    <para />
    <parablock>
      <para>Uitspraak op het hoger beroep tegen de uitspraak van de rechtbank Rotterdam van 7 juli 2017, 17/339 (aangevallen uitspraak)</para>
    </parablock>
    <para />
    <para />
    <para />
    <para />
    <para />
    <parablock>
      <para>Partijen:</para>
    </parablock>
    <para />
    <parablock>
      <para>
        [appellante] te [woonplaats] (appellante)</para>
    </parablock>
    <para />
    <parablock>
      <para>het Drechtstedenbestuur (bestuur)</para>
    </parablock>
    <para />
    <para />
    <parablock>
      <para>Datum uitspraak: 19 maart 2019</para>
    </parablock>
    <para />
    <parablock>
      <para>PROCESVERLOOP</para>
    </parablock>
    <para />
    <parablock>
      <para>Namens appellante heeft S.P.R. Tempelaar hoger beroep ingesteld.</para>
    </parablock>
    <para />
    <parablock>
      <para>Het onderzoek ter zitting heeft plaatsgevonden op 5 februari 2017. Voor appellante is Tempelaar verschenen. Het bestuur heeft zich laten vertegenwoordigen door mr. M. de Wolf. </para>
    </parablock>
    <para />
    <para />
  </section>
  <section role="overwegingen">
    <title>OVERWEGINGEN</title>
    <para />
    <parablock>
      <para>1. De Raad gaat uit van de volgende in dit geding van belang zijnde feiten en omstandigheden.</para>
    </parablock>
    <para />
    <paragroup>
      <nr>1.1.</nr>
      <parablock>
        <para>Appellante heeft zich op 11 november 2015 en 28 april 2016 gemeld om bijstand op grond van de Participatiewet (PW) aan te vragen. Op 29 juni 2016 heeft zij de aanvraag om bijstand ingediend. Bij besluit van 5 augustus 2016 heeft het bestuur deze aanvraag buiten behandeling gesteld. Het bestuur heeft naar aanleiding van het door appellante daartegen gemaakte bezwaar de aanvraag opnieuw in behandeling genomen en appellante verzocht om nadere stukken. Bij besluit van 21 december 2016 heeft het bestuur appellante bijstand naar de norm van een alleenstaande van 18, 19 of 20 jaar toegekend met ingang van </para>
        <para>18 november 2015. Bij besluit van 16 januari 2017 heeft het bestuur het bezwaar van appellante tegen het besluit van 5 augustus 2016 mede gericht geacht tegen het besluit van </para>
        <para>21 december 2016 en het bezwaar gedeeltelijk gegrond verklaard. </para>
      </parablock>
      <para />
      <parablock>
        <para>2. Bij een bij de rechtbank op 16 januari 2017 ingekomen brief van 13 januari 2017 heeft appellante beroep ingesteld tegen het niet tijdig nemen van een besluit op haar aanvraag om bijstand. Zij heeft gesteld dat zij het bestuur op 10 november 2016 een ingebrekestelling heeft gestuurd en dat het bestuur pas op 21 december 2016 een besluit op de aanvraag heeft genomen. Appellante verzoekt de rechtbank een dwangsom vast te stellen die moet worden berekend over de periode van 25 november 2016 tot en met 20 december 2016. </para>
      </parablock>
      <para />
    </paragroup>
    <paragroup>
      <nr>2.1.</nr>
      <parablock>
        <para>Bij de aangevallen uitspraak heeft de rechtbank het beroep van appellante </para>
        <para>niet-ontvankelijk verklaard. De rechtbank heeft daartoe overwogen dat het bestuur op </para>
        <para>5 augustus 2016 en op 21 december 2016 besluiten op de aanvraag van appellante heeft genomen en dat appellante pas daarna beroep heeft ingesteld tegen het uitblijven van een besluit op haar aanvraag. </para>
      </parablock>
      <para />
      <parablock>
        <para>3. Naar aanleiding van wat appellante in hoger beroep heeft aangevoerd komt de Raad tot de volgende beoordeling.</para>
      </parablock>
      <para />
    </paragroup>
    <paragroup>
      <nr>3.1.</nr>
      <para>Op grond van artikel 6:12, tweede lid, van de Algemene wet bestuursrecht (Awb) kan een beroepschrift tegen het niet tijdig nemen van een besluit op een aanvraag worden ingediend zodra het bestuursorgaan in gebreke is tijdig een besluit op de aanvraag te nemen en twee weken zijn verstreken na de dag waarop de belanghebbende het bestuursorgaan schriftelijk heeft meegedeeld dat het in gebreke is.</para>
      <para />
    </paragroup>
    <paragroup>
      <nr>3.2.</nr>
      <para>Op grond van artikel 8:55c van de Awb stelt de bestuursrechter, indien het beroep tegen het niet tijdig nemen van het besluit gegrond is, desgevraagd tevens de hoogte van de ingevolge afdeling 4.1.3 verbeurde dwangsom vast. </para>
    </paragroup>
    <paragroup>
      <nr>3.3.</nr>
      <para>Anders dan appellante heeft aangevoerd, biedt artikel 6:12, tweede lid, van de Awb de belanghebbende alleen een rechtsingang bij de bestuursrechter tegen het niet tijdig nemen van een besluit op een aanvraag, zolang het bestuursorgaan niet op die aanvraag heeft beslist. Het bestuur heeft op 5 augustus 2016 een besluit op de aanvraag van appellante genomen en appellante heeft pas op 16 januari 2017 beroep bij de rechtbank ingesteld. De rechtbank heeft dan ook terecht het beroep van appellante niet-ontvankelijk verklaard. Vaststelling door de rechtbank van de hoogte van de verbeurde dwangsom was dan ook niet aan de orde. </para>
      <para />
    </paragroup>
    <paragroup>
      <nr>3.4.</nr>
      <para>Het hoger beroep slaagt niet. De aangevallen uitspraak moet worden bevestigd. </para>
      <para />
      <parablock>
        <para>4. Voor een proceskostenveroordeling bestaat geen aanleiding. </para>
      </parablock>
      <para />
      <para />
    </paragroup>
  </section>
  <section role="beslissing">
    <title>BESLISSING</title>
    <para />
    <parablock>
      <para>De Centrale Raad van Beroep bevestigt de aangevallen uitspraak.</para>
    </parablock>
    <para />
    <para />
    <parablock>
      <para>Deze uitspraak is gedaan door J.J.A. Kooijman in tegenwoordigheid van V.Y. van Almelo als griffier. De beslissing is uitgesproken in het openbaar op 19 maart 2019.</para>
    </parablock>
    <para />
    <para />
    <para />
    <parablock>
      <para>						(getekend) J.J.A. Kooijman </para>
    </parablock>
    <para />
    <para />
    <para />
    <parablock>
      <para>						(getekend) V.Y. van Almelo </para>
    </parablock>
    <para />
    <para />
    <para />
    <para />
    <para />
    <parablock>
      <para>lh</para>
    </parablock>
    <para />
  </section>
</uitspraak>
</open-rechtspraak>