<?xml version="1.0" encoding="utf-8"?>
<open-rechtspraak>
  <rdf:RDF xmlns:rdf="http://www.w3.org/1999/02/22-rdf-syntax-ns#" xmlns:ecli="https://e-justice.europa.eu/ecli" xmlns:tr="http://tuchtrecht.overheid.nl/" xmlns:eu="http://publications.europa.eu/celex/" xmlns:dcterms="http://purl.org/dc/terms/" xmlns:bwb="bwb-dl" xmlns:cvdr="http://decentrale.regelgeving.overheid.nl/cvdr/" xmlns:psi="http://psi.rechtspraak.nl/" xmlns:rdfs="http://www.w3.org/2000/01/rdf-schema#">
    <rdf:Description>
      <dcterms:identifier>ECLI:NL:CRVB:2019:965</dcterms:identifier>
      <dcterms:format>text/xml</dcterms:format>
      <dcterms:accessRights>public</dcterms:accessRights>
      <dcterms:modified>2019-03-22T14:18:22</dcterms:modified>
      <dcterms:issued rdfs:label="Publicatiedatum">2019-03-21</dcterms:issued>
      <dcterms:publisher resourceIdentifier="http://rechtspraak.nl/">Raad voor de Rechtspraak</dcterms:publisher>
      <dcterms:language>nl</dcterms:language>
      <dcterms:creator rdfs:label="Instantie" resourceIdentifier="http://standaarden.overheid.nl/owms/terms/Centrale_Raad_van_Beroep" scheme="overheid.RechterlijkeMacht">Centrale Raad van Beroep</dcterms:creator>
      <dcterms:date rdfs:label="Uitspraakdatum">2019-03-14</dcterms:date>
      <psi:zaaknummer rdfs:label="Zaaknr">17/3408 ZW</psi:zaaknummer>
      <dcterms:type rdf:language="nl" resourceIdentifier="http://psi.rechtspraak.nl/uitspraak">Uitspraak</dcterms:type>
      <psi:procedure rdf:language="nl" rdfs:label="Procedure" resourceIdentifier="http://psi.rechtspraak.nl/procedure#hogerBeroep">Hoger beroep</psi:procedure>
      <dcterms:coverage>NL</dcterms:coverage>
      <dcterms:subject rdfs:label="Rechtsgebied" resourceIdentifier="http://psi.rechtspraak.nl/rechtsgebied#bestuursrecht_socialezekerheidsrecht">Bestuursrecht; Socialezekerheidsrecht</dcterms:subject>
      <dcterms:hasVersion rdfs:label="Vindplaatsen" resourceIdentifier="http://psi.rechtspraak.nl/vindplaats">
        <rdf:list>
          <rdf:li>Rechtspraak.nl</rdf:li>
        </rdf:list>
      </dcterms:hasVersion>
    </rdf:Description>
    <rdf:Description rdf:about="http://deeplink.rechtspraak.nl/uitspraak?id=ECLI:NL:CRVB:2019:965">
      <dcterms:identifier>http://deeplink.rechtspraak.nl/uitspraak?id=ECLI:NL:CRVB:2019:965</dcterms:identifier>
      <dcterms:format>text/html</dcterms:format>
      <dcterms:accessRights>public</dcterms:accessRights>
      <dcterms:modified>2019-03-22T12:31:02</dcterms:modified>
      <dcterms:issued rdfs:label="Publicatiedatum">2019-03-22</dcterms:issued>
      <dcterms:publisher resourceIdentifier="http://rechtspraak.nl/">Raad voor de Rechtspraak</dcterms:publisher>
      <dcterms:language>nl</dcterms:language>
      <dcterms:title rdf:language="nl">ECLI:NL:CRVB:2019:965 Centrale Raad van Beroep , 14-03-2019 / 17/3408 ZW</dcterms:title>
      <dcterms:abstract resourceIdentifier="../../rs:inhoudsindicatie" />
    </rdf:Description>
  </rdf:RDF>
  <inhoudsindicatie id="ECLI:NL:CRVB:2019:965:INH" lang="nl" xml:space="preserve" xmlns="http://www.rechtspraak.nl/schema/rechtspraak-1.0" xmlns:xsd="http://www.w3.org/2001/XMLSchema" xmlns:xsi="http://www.w3.org/2001/XMLSchema-instance">
      <para>Gronden hoger beroep in essentie dezelfde gronden als in beroep. De rechtbank heeft de beroepsgronden van appellant afdoende besproken en overtuigend gemotiveerd waarom deze niet slagen. Overwegingen rechtbank worden onderschreven. In wat in hoger beroep is aangevoerd zijn geen aanknopingspunten te vinden voor een andersluidend oordeel. De gezondheidssituatie van appellant en zijn opleidingsniveau staan niet in de weg aan medische geschiktheid voor de eerder geselecteerde functies.</para>
    </inhoudsindicatie>
  <uitspraak id="ECLI:NL:CRVB:2019:965:DOC" lang="nl" xml:space="preserve" xmlns="http://www.rechtspraak.nl/schema/rechtspraak-1.0" xmlns:xsd="http://www.w3.org/2001/XMLSchema" xmlns:xsi="http://www.w3.org/2001/XMLSchema-instance" xmlns:xlink="http://www.w3.org/1999/xlink">
  <section>
    <title>
      <nr>17</nr>3406 ZW </title>
    <para />
    <parablock>
      <para>Datum uitspraak: 14 maart 2019</para>
    </parablock>
    <para />
    <parablock>
      <para>Centrale Raad van Beroep</para>
      <para>Enkelvoudige kamer</para>
    </parablock>
    <para />
    <para />
    <para />
    <para />
    <para />
    <para />
    <para />
    <para />
    <para />
    <parablock>
      <para>Uitspraak op het hoger beroep tegen de uitspraak van de rechtbank Amsterdam van </para>
      <para>12 april 2017, 16/7384 (aangevallen uitspraak)</para>
    </parablock>
    <para />
    <para />
    <para />
    <para />
    <para />
    <parablock>
      <para>Partijen:</para>
    </parablock>
    <para />
    <parablock>
      <para>
        [appellant] te [woonplaats] (appellant)</para>
    </parablock>
    <para />
    <parablock>
      <para>de Raad van bestuur van het Uitvoeringsinstituut werknemersverzekeringen (Uwv)</para>
    </parablock>
    <para />
    <para />
    <parablock>
      <para>PROCESVERLOOP</para>
    </parablock>
    <para />
    <parablock>
      <para>Namens appellant heeft mr. E. Stap, advocaat, hoger beroep ingesteld.</para>
    </parablock>
    <para />
    <parablock>
      <para>Het Uwv heeft een verweerschrift ingediend.</para>
    </parablock>
    <para />
    <parablock>
      <para>Het onderzoek ter zitting heeft plaatsgevonden op 31 januari 2019. Appellant is niet verschenen. Het Uwv heeft zich laten vertegenwoordigen door mr. M. Sluijs. </para>
    </parablock>
    <para />
    <para />
  </section>
  <section role="overwegingen">
    <title>OVERWEGINGEN</title>
    <para />
    <paragroup>
      <nr>1.1.</nr>
      <parablock>
        <para>Appellant was werkzaam als medewerker schoonmaak en onderhoud voor ongeveer </para>
        <para>35 uur per week toen hij zich op 24 december 2013 ziek meldde naar aanleiding van een verkeersongeval. Zijn dienstverband is op 22 december 2015 geëindigd. Het Uwv heeft vastgesteld dat appellant na afloop van de voorgeschreven wachttijd met ingang van </para>
        <para>22 december 2015 geen recht heeft op een uitkering op grond van de Wet werk en inkomen naar arbeidsvermogen (Wet WIA) omdat appellant per die datum minder dan 35% arbeidsongeschikt was. Appellant werd met zijn beperkingen in staat geacht de functies van productiemedewerker industrie (samenstellen van producten), inpakker (handmatig) en productiemedewerker metaal- en elektro-industrie te vervullen. Met de uitspraak van de Raad van 21 februari 2018, ECLI:NL:CRVB2018:644, is het besluit, waarin dit standpunt is vastgelegd, in rechte vast komen te staan.</para>
      </parablock>
      <para />
    </paragroup>
    <paragroup>
      <nr>1.2.</nr>
      <para>Appellant heeft zich op 7 juni 2016 ziek gemeld met soortgelijke psychische en lichamelijke klachten als bij de WIA-beoordeling. Op dat moment ontving hij een uitkering op grond van de Werkloosheidswet. Een verzekeringsarts heeft appellant per 7 juni 2016 geschikt geacht voor de onder 1.1 genoemde functies. Vervolgens heeft het Uwv bij besluit van 22 juli 2016 vastgesteld dat appellant per 7 juni 2016 geen recht heeft op ziekengeld op grond van de Ziektewet (ZW). Het bezwaar van appellant tegen dit besluit heeft het Uwv bij besluit van 7 november 2016 (bestreden besluit) ongegrond verklaard. Aan het bestreden besluit ligt een rapport van een verzekeringsarts bezwaar en beroep van 7 november 2016 ten grondslag.</para>
      <para />
      <parablock>
        <para>2. De rechtbank heeft het beroep van appellant tegen het bestreden besluit ongegrond verklaard. De rechtbank heeft geen aanleiding gezien te twijfelen aan de zorgvuldigheid en juistheid van het medisch onderzoek. Daarnaast heeft de rechtbank geoordeeld dat in de Functionele Mogelijkhedenlijst van 15 februari 2016 voldoende rekening is gehouden met de psychische en lichamelijke klachten van appellant. De rechtbank heeft overwogen dat de verzekeringsartsen in hun rapporten inzichtelijk en deugdelijk hebben gemotiveerd waarom geen aanleiding bestaat om met ingang van 7 juni 2016, de datum in geding, verdergaande beperkingen aan te nemen. Naar het oordeel van de rechtbank zijn de geselecteerde functies nog steeds als passend aan te merken. De rechtbank heeft in wat appellant heeft aangevoerd geen aanknopingspunten gezien om tot een ander oordeel te komen.</para>
      </parablock>
      <para />
    </paragroup>
    <paragroup>
      <nr>3.1.</nr>
      <para>In hoger beroep heeft appellant zijn in bezwaar en beroep aangevoerde gronden herhaald. </para>
      <para />
    </paragroup>
    <paragroup>
      <nr>3.2.</nr>
      <para>Het Uwv heeft bevestiging van de aangevallen uitspraak bepleit.</para>
      <para />
      <parablock>
        <para>4. De Raad komt tot de volgende beoordeling.</para>
      </parablock>
      <para />
    </paragroup>
    <paragroup>
      <nr>4.1.</nr>
      <para>Op grond van artikel 19, eerste en vierde lid, van de ZW heeft een verzekerde bij ongeschiktheid tot het verrichten van zijn arbeid als rechtstreeks en objectief medisch vast te stellen gevolg van ziekte of gebreken, recht op ziekengeld. Volgens vaste rechtspraak van de Raad wordt onder “zijn arbeid” verstaan de laatstelijk voor de ziekmelding verrichte arbeid. Deze regel lijdt in dit geval in zoverre uitzondering dat, wanneer de verzekerde na gedurende de maximumtermijn ziekengeld te hebben ontvangen, blijvend ongeschikt is voor zijn oude werk en niet in enig werk heeft hervat, als maatstaf geldt arbeid, zoals die nader is geconcretiseerd bij de beoordeling van de aanspraak van de verzekerde op een uitkering op grond van de Wet WIA. Van ongeschiktheid in de zin van de ZW is geen sprake indien de verzekerde geschikt is voor ten minste één van de functies die aan hem zijn voorgehouden bij de laatste vaststelling van de mate van arbeidsongeschiktheid op grond van de Wet WIA. </para>
      <para />
    </paragroup>
    <paragroup>
      <nr>4.2.</nr>
      <para>Appellant heeft in hoger beroep in essentie dezelfde gronden aangevoerd als in beroep. De rechtbank heeft de beroepsgronden van appellant afdoende besproken en overtuigend gemotiveerd waarom deze niet slagen. Het oordeel van de rechtbank en de daaraan ten grondslag gelegde overwegingen worden onderschreven. In wat in hoger beroep is aangevoerd zijn geen aanknopingspunten te vinden voor een andersluidend oordeel. Daaraan wordt het volgende toegevoegd.</para>
      <para />
    </paragroup>
    <paragroup>
      <nr>4.3.</nr>
      <parablock>
        <para>Met de uitspraak van 21 februari 2018, ECLI:NL:CRVB:2018:644, heeft de Raad geoordeeld dat appellant gezien zijn gezondheidssituatie op 22 december 2015 in staat was tot het verrichten van de bij de WIA-beoordeling geduide functies. Niet is gebleken dat de medische toestand van appellant bij de huidige beoordeling voor het recht op ziekengeld per </para>
        <para>7 juni 2016, ongeveer een half jaar na de WIA-beoordeling, dermate is gewijzigd dat hij niet in staat zou zijn één van de functies die zijn geselecteerd in het kader van de Wet WIA te vervullen. </para>
      </parablock>
      <para />
    </paragroup>
    <paragroup>
      <nr>4.4.</nr>
      <parablock>
        <para>Wat betreft de grond van appellant dat de geselecteerde functies niet geschikt zijn wegens het opleidingsniveau, wordt geoordeeld dat het in onderhavige procedure slechts gaat om de vraag of appellant op medische gronden en naar objectieve maatstaven geschikt is voor één van de eerder geselecteerde functies. De passendheid van de functies is al bij de </para>
        <para>WIA-beoordeling getoetst en staat in deze procedure niet ter beoordeling (zie bijvoorbeeld de uitspraak van de Raad van 28 januari 2015, ECLI:NL:CRVB:2015:293). </para>
      </parablock>
      <para />
      <para>5. De overwegingen in 4.2 tot en met 4.4 leiden tot de conclusie dat het hoger beroep niet slaagt en de aangevallen uitspraak moet worden bevestigd.</para>
      <para />
      <para>6. Voor een veroordeling in de proceskosten bestaat geen aanleiding.</para>
      <para />
    </paragroup>
  </section>
  <section role="beslissing">
    <title>BESLISSING</title>
    <para />
    <parablock>
      <para>De Centrale Raad van Beroep bevestigt de aangevallen uitspraak.</para>
    </parablock>
    <para />
    <para />
    <parablock>
      <para>Deze uitspraak is gedaan door E.W. Akkerman, in tegenwoordigheid van C.I. Heijkoop als griffier. De beslissing is uitgesproken in het openbaar op 14 maart 2019.</para>
    </parablock>
    <para />
    <para />
    <para />
    <parablock>
      <para>					(getekend) E.W. Akkerman</para>
    </parablock>
    <para />
    <para />
    <para />
    <parablock>
      <para>					(getekend) C.I. Heijkoop</para>
    </parablock>
    <para />
    <para />
    <para />
    <parablock>
      <para>md</para>
    </parablock>
  </section>
</uitspraak>
</open-rechtspraak>