<?xml version="1.0" encoding="utf-8"?>
<open-rechtspraak>
  <rdf:RDF xmlns:rdf="http://www.w3.org/1999/02/22-rdf-syntax-ns#" xmlns:ecli="https://e-justice.europa.eu/ecli" xmlns:tr="http://tuchtrecht.overheid.nl/" xmlns:eu="http://publications.europa.eu/celex/" xmlns:dcterms="http://purl.org/dc/terms/" xmlns:bwb="bwb-dl" xmlns:cvdr="http://decentrale.regelgeving.overheid.nl/cvdr/" xmlns:psi="http://psi.rechtspraak.nl/" xmlns:rdfs="http://www.w3.org/2000/01/rdf-schema#">
    <rdf:Description>
      <dcterms:identifier>ECLI:NL:RBDHA:2019:2660</dcterms:identifier>
      <dcterms:format>text/xml</dcterms:format>
      <dcterms:accessRights>public</dcterms:accessRights>
      <dcterms:modified>2019-03-22T10:48:22</dcterms:modified>
      <dcterms:issued rdfs:label="Publicatiedatum">2019-03-19</dcterms:issued>
      <dcterms:publisher resourceIdentifier="http://rechtspraak.nl/">Raad voor de Rechtspraak</dcterms:publisher>
      <dcterms:language>nl</dcterms:language>
      <dcterms:creator rdfs:label="Instantie" resourceIdentifier="http://standaarden.overheid.nl/owms/terms/Rechtbank_Den_Haag" scheme="overheid.RechterlijkeMacht">Rechtbank Den Haag</dcterms:creator>
      <dcterms:date rdfs:label="Uitspraakdatum">2019-03-14</dcterms:date>
      <psi:zaaknummer rdfs:label="Zaaknr">nl19.1670</psi:zaaknummer>
      <dcterms:type rdf:language="nl" resourceIdentifier="http://psi.rechtspraak.nl/uitspraak">Uitspraak</dcterms:type>
      <psi:procedure rdf:language="nl" rdfs:label="Procedure" resourceIdentifier="http://psi.rechtspraak.nl/procedure#eersteAanlegEnkelvoudig">Eerste aanleg - enkelvoudig</psi:procedure>
      <psi:procedure rdf:language="nl" rdfs:label="Procedure" resourceIdentifier="http://psi.rechtspraak.nl/procedure#voorlopigeVoorzieningbodemzaak">Voorlopige voorziening+bodemzaak</psi:procedure>
      <dcterms:coverage>NL</dcterms:coverage>
      <dcterms:spatial rdfs:label="Zittingsplaats">Middelburg</dcterms:spatial>
      <dcterms:subject rdfs:label="Rechtsgebied" resourceIdentifier="http://psi.rechtspraak.nl/rechtsgebied#bestuursrecht_vreemdelingenrecht">Bestuursrecht; Vreemdelingenrecht</dcterms:subject>
      <dcterms:hasVersion rdfs:label="Vindplaatsen" resourceIdentifier="http://psi.rechtspraak.nl/vindplaats">
        <rdf:list>
          <rdf:li>Rechtspraak.nl</rdf:li>
        </rdf:list>
      </dcterms:hasVersion>
    </rdf:Description>
    <rdf:Description rdf:about="http://deeplink.rechtspraak.nl/uitspraak?id=ECLI:NL:RBDHA:2019:2660">
      <dcterms:identifier>http://deeplink.rechtspraak.nl/uitspraak?id=ECLI:NL:RBDHA:2019:2660</dcterms:identifier>
      <dcterms:format>text/html</dcterms:format>
      <dcterms:accessRights>public</dcterms:accessRights>
      <dcterms:modified>2019-03-19T10:04:27</dcterms:modified>
      <dcterms:issued rdfs:label="Publicatiedatum">2019-03-22</dcterms:issued>
      <dcterms:publisher resourceIdentifier="http://rechtspraak.nl/">Raad voor de Rechtspraak</dcterms:publisher>
      <dcterms:language>nl</dcterms:language>
      <dcterms:title rdf:language="nl">ECLI:NL:RBDHA:2019:2660 Rechtbank Den Haag , 14-03-2019 / nl19.1670</dcterms:title>
      <dcterms:abstract resourceIdentifier="../../rs:inhoudsindicatie" />
    </rdf:Description>
  </rdf:RDF>
  <inhoudsindicatie id="ECLI:NL:RBDHA:2019:2660:INH" lang="nl" xml:space="preserve" xmlns="http://www.rechtspraak.nl/schema/rechtspraak-1.0" xmlns:xsd="http://www.w3.org/2001/XMLSchema" xmlns:xsi="http://www.w3.org/2001/XMLSchema-instance">
      <para>dublin italië, strafrechtelijke veroordeling, tarakhel, ck tegen slovenië, medische</para>
    </inhoudsindicatie>
  <uitspraak id="ECLI:NL:RBDHA:2019:2660:DOC" lang="nl" xml:space="preserve" xmlns="http://www.rechtspraak.nl/schema/rechtspraak-1.0" xmlns:xsd="http://www.w3.org/2001/XMLSchema" xmlns:xsi="http://www.w3.org/2001/XMLSchema-instance" xmlns:xlink="http://www.w3.org/1999/xlink">
  <uitspraak.info>
    <bridgehead role="bold">RECHTBANK DEN HAAG</bridgehead>
    <para />
    <parablock>
      <para>Zittingsplaats Middelburg</para>
    </parablock>
    <para />
    <parablock>
      <para>Bestuursrecht</para>
    </parablock>
    <para />
    <parablock>
      <para>zaaknummer: NL19.1670</para>
      <para>v-nummer: [nummer]</para>
    </parablock>
    <bridgehead role="bold">
      <?linebreak?>uitspraak van de enkelvoudige kamer in de zaak tussen</bridgehead>
    <bridgehead role="bold">
      [naam] , eiser</bridgehead>
    <para>(gemachtigde: mr. M.S. Polet),</para>
    <para />
    <parablock>
      <para>en</para>
    </parablock>
    <para />
    <bridgehead role="bold">de staatssecretaris van Justitie en Veiligheid, verweerder</bridgehead>
    <para>(gemachtigde: mr. J.M. van Leeuwe-Hokke).</para>
    <para />
    <para />
  </uitspraak.info>
  <section role="procesverloop">
    <title>Procesverloop</title>
    <para />
    <parablock>
      <para>Bij besluit van 24 januari 2019 (het bestreden besluit) heeft verweerder de aanvraag van eiser tot het verlenen van een verblijfsvergunning asiel voor bepaalde tijd niet in behandeling genomen omdat Italië verantwoordelijk is voor de behandeling ervan.</para>
    </parablock>
    <para />
    <parablock>
      <para>Eiser heeft tegen het bestreden besluit beroep ingesteld.</para>
    </parablock>
    <para />
    <parablock>
      <para>Het onderzoek ter zitting heeft, tezamen met de behandeling van de zaak met kenmerk  NL19.1671, plaatsgevonden op 7 maart 2019. Eiser is verschenen, bijgestaan door zijn gemachtigde. Als tolk is verschenen M. Fayez. Verweerder heeft zich laten vertegenwoordigen door zijn gemachtigde.</para>
    </parablock>
    <para />
  </section>
  <section>
    <title>Overwegingen</title>
    <para />
    <para>1. Eiser is van Syrische nationaliteit en is geboren op [geboortedatum] . Eiser heeft op 4 september 2018 een aanvraag tot het verlenen van een verblijfvergunning asiel voor bepaalde tijd ingediend. </para>
    <para />
    <para>2. Eiser heeft verklaard dat hij na aankomst in Italië vrijwel direct is aangehouden. Hij is veroordeeld tot een gevangenisstraf wegens mensensmokkel. Eiser heeft ter onderbouwing hiervan een aantal documenten overgelegd. Na ommekomst van zijn detentie werd hij opnieuw aangehouden op verdenking van terrorisme. Hij heeft vervolgens in voorarrest gezeten en is op enig moment vrijgesproken. Omdat hij veel heeft meegemaakt in Italië wil hij niet terugkeren.</para>
    <para />
    <para>3. Bij het bestreden besluit heeft verweerder eisers aanvraag niet in behandeling genomen op grond van artikel 30, eerste lid, van de Vreemdelingenwet 2000 (Vw), omdat Italië verantwoordelijk is voor de behandeling ervan. Op 18 oktober 2018 heeft verweerder de Italiaanse autoriteiten verzocht om eiser terug te nemen op grond van artikel 18, eerste lid, aanhef en onder b, van de Dublinverordening<footnote-ref linkend="_94bfd03b-b6f6-4124-9f4a-f848c78fd059" />. Italië heeft niet tijdig op het overnameverzoek gereageerd, zodat op 2 november 2018 een fictief akkoord tot stand is gekomen. </para>
    <para />
    <para>4. Op wat eiser daartegen heeft aangevoerd, wordt hierna ingegaan.</para>
    <para />
    <para>5. In zijn algemeenheid mag verweerder ten opzichte van Italië uitgaan van het interstatelijk vertrouwensbeginsel. In de uitspraak van de Afdeling bestuursrechtspraak van de Raad van State (de Afdeling) van 19 december 2018<footnote-ref linkend="_4ff57f0b-b079-41ab-8145-ae8087f81905" /> is, met inachtneming van een aantal recente rapporten en andere bronnen, geoordeeld dat verweerder in zijn algemeenheid ten opzichte van Italië nog steeds kan uitgaan van het interstatelijk vertrouwensbeginsel. Verder heeft de Afdeling geoordeeld dat het Italiaanse Salvini-decreet<footnote-ref linkend="_145c5df8-df23-4458-a6a0-67380c3bd850" /> niet tot gevolg heeft dat Dublinclaimanten zonder bijzondere omstandigheden geen opvang meer krijgen. Daarbij is overwogen dat op dit moment geen sprake is van een zodanige structurele verslechtering van de opvangomstandigheden in Italië dat Dublinclaimanten een reëel risico lopen op een behandeling die strijdig is met artikel 3 van het EVRM, omdat meer vreemdelingen een beroep moeten doen op de algemene opvanglocaties. Bij uitspraken van 27 december 2018<footnote-ref linkend="_1cf8d754-a6f4-496e-a0be-727040f2a920" /> en 29 januari 2019<footnote-ref linkend="_2ae7ad9e-9fb5-47d3-92fe-0907e68d4045" /> heeft de Afdeling nogmaals geoordeeld dat ten aanzien van Italië van het interstatelijk vertrouwensbeginsel kan worden uitgegaan. </para>
    <para />
    <para>6. Eiser heeft aangevoerd dat voor hem in Italië geen mogelijkheid bestaat om een  asielprocedure te doorlopen. Volgens eiser kan hij zich daarover niet beklagen bij de Italiaanse autoriteiten, omdat er een gebrek is aan tolken en geen juridische bijstand verleend wordt. </para>
    <para>De rechtbank onderschrijft deze stelling van eiser niet. Weliswaar is uit onderzoek door verweerder bij de Italiaanse autoriteiten gebleken dat eisers asielaanvraag in Italië nooit verder is gekomen dan een geuite asielwens, echter volgens eisers verklaringen in het aanmeldgehoor kreeg hij in het uitzetcentrum wel de mogelijkheid om een asielaanvraag in te dienen maar heeft hij daarvan geen gebruik gemaakt. Verder heeft verweerder terecht benadrukt dat de autoriteiten van Italië middels het fictieve claimakkoord hebben gegarandeerd dat het verzoek om internationale bescherming in behandeling zal worden genomen.		</para>
    <para />
    <para>7. Eiser vreest dat hij bij terugkeer naar Italië opnieuw strafrechtelijk zal worden gedetineerd. Zoals verweerder terecht heeft overwogen heeft eiser dat niet onderbouwd en staat de strafrechtelijke vervolging en de daarop opgelegde detentie van eiser in Italië los van de beoordeling welke lidstaat verantwoordelijk is voor de behandeling van het asielverzoek. De rechtbank verwijst verder naar pagina 5 en volgende van het bestreden besluit, waarin verweerder terecht heeft gesteld dat eiser zich eventueel bij de Italiaanse autoriteiten kan beklagen over zijn behandeling.</para>
    <para />
    <para>8. Ten aanzien eisers vrees voor indirect refoulement, verwijst de rechtbank naar pagina 7 van het bestreden besluit. Verweerder heeft daarin terecht overwogen dat de Italiaanse autoriteiten gerechtigd waren om in contact te treden met de Syrische autoriteiten, teneinde de nationaliteit van eiser te verifiëren. Niet is gebleken dat eisers asielwens daarmee bekend is geworden. Vervolgens is gebleken dat de Syrische autoriteiten eiser niet als onderdaan hebben erkend. Het bevel tot uitzetting betekent derhalve niet dat de Italiaanse autoriteiten het voornemen hadden om eiser naar Syrië uit te zetten. Op basis hiervan is eisers vrees voor indirect refoulement niet gerechtvaardigd. </para>
    <para />
    <para>9. Voorts heeft eiser zich op het standpunt gesteld dat hij als kwetsbare vreemdeling moet worden aangemerkt, vanwege zijn ervaringen in Italië en de medische klachten die daaruit zijn ontstaan. Volgens eiser dient verweerder onderzoek te doen naar de omstandigheden waarin hij na overdracht zal komen te verkeren en garanties te verkrijgen ten aanzien van zijn opvang en medische behandeling. Hij heeft ter onderbouwing daarvan zijn patiëntendossier van 31 januari 2019 overgelegd en een beroep gedaan op het arrest van het Europees Hof voor de Rechten van de Mens (EHRM) van 4 november 2014 in de zaak Tarakhel tegen Zwitserland<footnote-ref linkend="_b8a04c06-51f7-4839-af51-c43beef2c326" />. </para>
    <para />
    <para>10. Uit het patiëntendossier en een brief van de huisarts van 27 februari 2019 blijkt dat eiser vanwege zijn psychische problemen en suïcidale gedachten is doorverwezen naar een specialist (Emergis). De huisarts vermeldt in de brief dat eiser vanwege de detentie traumatische herinneringen heeft aan Italië. Door de dreiging van uitzetting nemen de al bestaande posttraumatische stressklachten alleen maar toe. De rechtbank stelt vast dat er verder geen medische gegevens zijn overgelegd die inzicht geven in de problematiek van eiser en de specialistische behandeling die hij daarvoor zou moeten ondergaan. Naar het oordeel van de rechtbank heeft verweerder zich ter zitting terecht op het standpunt gesteld dat eiser op basis van deze gegevens niet kan worden aangemerkt als een bijzonder kwetsbare vreemdeling, als bedoeld in het hiervoor genoemde Tarakhel-arrest, voor wie bepaalde garanties moeten worden gevraagd.</para>
    <para />
    <para>11. Vervolgens heeft eiser zich beroepen op het arrest van het Hof van Justitie van de Europese Unie van 16 februari 2017, C.K. tegen Slovenië<footnote-ref linkend="_6f99d96f-402c-4e5f-a780-86252f0ead13" />. Zoals de Afdeling<footnote-ref linkend="_0e82698b-677f-4535-b21e-8b333664076b" /> in een uitspraak van 4 januari 2019 heeft overwogen, volgt uit dit arrest dat niet kan worden uitgesloten dat de overdracht van een asielzoeker met een ernstige mentale of lichamelijke aandoening op zichzelf een reëel en bewezen risico op een aanzienlijke en onomkeerbare achteruitgang van diens gezondheidstoestand kan inhouden. Of dit het geval is, moet worden beoordeeld bij de beslissing over de overdracht van die asielzoeker of, in het geval van een rechterlijke procedure, wanneer wordt geoordeeld over de rechtmatigheid van het overdrachtsbesluit, omdat de tenuitvoerlegging daarvan tot een onmenselijke of vernederende behandeling van die asielzoeker zou kunnen leiden. Hieruit volgt dat, als een asielzoeker objectieve gegevens overlegt die de bijzondere ernst van zijn gezondheidstoestand en ook de aanzienlijke en onomkeerbare gevolgen daarvoor van een overdracht aantonen, verweerder bij het nemen van het overdrachtsbesluit dient te beoordelen wat het risico is dat die gevolgen zich voordoen en welke voorzorgsmaatregelen eventueel noodzakelijk zijn bij de overdracht.</para>
    <para />
    <para>12. Zoals hiervoor reeds is overwogen heeft eiser een uitdraai van zijn patiëntendossier en een verwijzingsbrief van zijn huisarts overgelegd. Naar het oordeel van de rechtbank heeft verweerder zich op basis van deze gegevens terecht op het standpunt gesteld dat uit deze gegevens niet valt op te maken dat een overdracht aan Italië aanzienlijke en onomkeerbare gevolgen zal hebben voor de gezondheid van eiser. Verweerder behoeft op basis van deze gegevens derhalve niet nader te boordelen wat het risico is bij een eventuele overdracht en welke voorzorgsmaatregelen noodzakelijk zullen zijn.</para>
    <para />
    <para>13. In beroep heeft eiser verder nog aangevoerd dat hij vanwege zijn psychische klachten een traumabehandeling nodig heeft en dat Italië vanwege wat hij rondom zijn strafrechtelijke detentie heeft meegemaakt, voor hem geen veilige behandelomgeving is. De rechtbank is met verweerder van oordeel dat een medische onderbouwing hiervan ontbreekt. Uit het patiëntendossier van eiser en de eerdergenoemde verwijzingsbrief van de huisarts wordt hieromtrent niets vermeld. </para>
    <para />
    <para>14. De rechtbank is van oordeel dat verweerder zich op het standpunt heeft kunnen stellen dat niet is gebleken van bijzondere, individuele omstandigheden die aanleiding geven om het asielverzoek van eiser aan zich te trekken op grond van artikel 17, eerste lid, van de Dublinverordening.</para>
    <para />
    <para>15. Het beroep is ongegrond.</para>
    <para />
    <para>16. Voor een proceskostenveroordeling bestaat geen aanleiding.</para>
    <para />
    <para />
  </section>
  <section role="beslissing">
    <title>Beslissing</title>
    <para />
    <parablock>
      <para>De rechtbank verklaart het beroep ongegrond.</para>
    </parablock>
    <para />
    <para />
    <parablock>
      <para>Deze uitspraak is gedaan door mr. C. van Boven-Hartogh, rechter, in aanwezigheid van </para>
      <para>mr. J. Loonstra, griffier.</para>
      <para>Deze uitspraak is in het openbaar gedaan, digitaal ondertekend en bekendgemaakt op:</para>
    </parablock>
    <para />
    <para />
    <parablock>
      <para />
      <para>
        <emphasis role="bold">Rechtsmiddel</emphasis>
      </para>
      <para>Tegen deze uitspraak kan hoger beroep worden ingesteld bij de Afdeling bestuursrechtspraak van de Raad van State binnen één week na de dag van bekendmaking.</para>
    </parablock>
    <para />
  </section>
  <footnote id="_94bfd03b-b6f6-4124-9f4a-f848c78fd059" label="1">
    <para> Verordening (EU) nr. 604/2013</para>
  </footnote>
  <footnote id="_4ff57f0b-b079-41ab-8145-ae8087f81905" label="2">
    <para>ECLI:NL:RVS:2018:4131</para>
  </footnote>
  <footnote id="_145c5df8-df23-4458-a6a0-67380c3bd850" label="3">
    <para>Wetsdecreet 113/2018, op 27 november 2018 door de Italiaanse president ondertekend</para>
  </footnote>
  <footnote id="_1cf8d754-a6f4-496e-a0be-727040f2a920" label="4">
    <para>ECLI:NL:RVS:2018:4310</para>
  </footnote>
  <footnote id="_2ae7ad9e-9fb5-47d3-92fe-0907e68d4045" label="5">
    <para>ECLI:NL:RVS:2019:277</para>
  </footnote>
  <footnote id="_b8a04c06-51f7-4839-af51-c43beef2c326" label="6">
    <para> ECLI:CE:ECHR:2014:1104JUD002921712 </para>
  </footnote>
  <footnote id="_6f99d96f-402c-4e5f-a780-86252f0ead13" label="7">
    <para> ECLI:EU:C:2017:127. </para>
  </footnote>
  <footnote id="_0e82698b-677f-4535-b21e-8b333664076b" label="8">
    <para> ECLI:NL:RVS:2019:23</para>
  </footnote>
</uitspraak>
</open-rechtspraak>